{"Gi\u00e1 T10/22": 6.677768454858145, "Gi\u00e1 T11/22": 6.338034982044389, "Gi\u00e1 T12/22": 6.355778273606276, "Gi\u00e1 T1/23": 6.276837499794469, "Gi\u00e1 T2/23": 6.4487635104219, "Gi\u00e1 T3/23": 6.76599258042842, "Gi\u00e1 T4/23": 6.630596004190462, "Gi\u00e1 T5/23": 6.9565355205895045, "Gi\u00e1 T6/23": 6.535627269660248, "Gi\u00e1 T7/23": 6.34198388085083, "Gi\u00e1 T8/23": 6.613876503343238, "Gi\u00e1 T9/23": 6.4768638305200525, "Gi\u00e1 T10/23": 6.691774022351163, "Gi\u00e1 T11/23": 7.265306011871771, "Gi\u00e1 T12/23": 7.114599643682534, "Gi\u00e1 T1/24": 7.024800971814831, "Gi\u00e1 T2/24": 6.463816824798405, "Gi\u00e1 T3/24": 6.560265167730451, "Gi\u00e1 T4/24": 7.489828112521893, "Gi\u00e1 T5/24": 7.086722962699157, "Gi\u00e1 T6/24": 7.832025695969074, "Gi\u00e1 T7/24": 8.139768783500282, "Gi\u00e1 T8/24": 8.555884845693106, "Gi\u00e1 T9/24": 8.519776377598692, "Gi\u00e1 T10/24": 8.602795631807963}