{"Gi\u00e1 T10/22": 6.336325986628875, "Gi\u00e1 T11/22": 6.007949743689554, "Gi\u00e1 T12/22": 5.977052074711718, "Gi\u00e1 T1/23": 5.935176378535132, "Gi\u00e1 T2/23": 6.035991110639172, "Gi\u00e1 T3/23": 6.358095779339034, "Gi\u00e1 T4/23": 6.17257825833174, "Gi\u00e1 T5/23": 6.439621846703111, "Gi\u00e1 T6/23": 6.090751010156636, "Gi\u00e1 T7/23": 5.973498601775489, "Gi\u00e1 T8/23": 6.242226828651629, "Gi\u00e1 T9/23": 6.163308568645963, "Gi\u00e1 T10/23": 6.2488255966799535, "Gi\u00e1 T11/23": 6.587312353993832, "Gi\u00e1 T12/23": 6.600923213172368, "Gi\u00e1 T1/24": 6.5887621464713835, "Gi\u00e1 T2/24": 6.009132750886475, "Gi\u00e1 T3/24": 6.2190482732094905, "Gi\u00e1 T4/24": 6.51235232689138, "Gi\u00e1 T5/24": 6.463645615990227, "Gi\u00e1 T6/24": 6.606321789046303, "Gi\u00e1 T7/24": 6.598989075290342, "Gi\u00e1 T8/24": 7.4449812724371585, "Gi\u00e1 T9/24": 7.393797118006115, "Gi\u00e1 T10/24": 7.559972994686097}