{"Gi\u00e1 T10/22": 8.167118136500156, "Gi\u00e1 T11/22": 7.784071334788471, "Gi\u00e1 T12/22": 8.235994205407295, "Gi\u00e1 T1/23": 8.532461789065659, "Gi\u00e1 T2/23": 8.382738349772728, "Gi\u00e1 T3/23": 9.339309267046897, "Gi\u00e1 T4/23": 9.052889486774559, "Gi\u00e1 T5/23": 8.99267723634176, "Gi\u00e1 T6/23": 8.680911892402474, "Gi\u00e1 T7/23": 8.993585785851831, "Gi\u00e1 T8/23": 9.130967684124846, "Gi\u00e1 T9/23": 8.041031807329796, "Gi\u00e1 T10/23": 8.191070875526167, "Gi\u00e1 T11/23": 8.181886750668472, "Gi\u00e1 T12/23": 8.251100740596659, "Gi\u00e1 T1/24": 9.004795105756019, "Gi\u00e1 T2/24": 8.660345943807526, "Gi\u00e1 T3/24": 9.488244900799662, "Gi\u00e1 T4/24": 9.219619159896729, "Gi\u00e1 T5/24": 11.062447407305289, "Gi\u00e1 T6/24": 9.732704871730236, "Gi\u00e1 T7/24": 9.607988215765136, "Gi\u00e1 T8/24": 9.90553626456201, "Gi\u00e1 T9/24": 10.48401959780785, "Gi\u00e1 T10/24": 11.645519165782668}