{"Gi\u00e1 T10/22": 2.0554804791094456, "Gi\u00e1 T11/22": 0.10540925533894747, "Gi\u00e1 T12/22": 1.0540925533894598, "Gi\u00e1 T1/23": 1.212206436397881, "Gi\u00e1 T2/23": 0.2108185106778912, "Gi\u00e1 T3/23": 0.5270462766947299, "Gi\u00e1 T4/23": 0.5797509043642036, "Gi\u00e1 T5/23": 1.528434202414716, "Gi\u00e1 T6/23": 0.26352313834736496, "Gi\u00e1 T7/23": 0.31622776601683866, "Gi\u00e1 T8/23": 0.7378647873726211, "Gi\u00e1 T9/23": 1.2122064363978773, "Gi\u00e1 T10/23": 2.8987545218210142, "Gi\u00e1 T11/23": 0.5270462766947299, "Gi\u00e1 T12/23": 0.05270462766946999, "Gi\u00e1 T1/24": 1.528434202414716, "Gi\u00e1 T2/24": 1.0540925533894598, "Gi\u00e1 T3/24": 2.1608897344483933, "Gi\u00e1 T4/24": 3.214982287837853, "Gi\u00e1 T5/24": 1.8446619684315546, "Gi\u00e1 T6/24": 0.2108185106778912, "Gi\u00e1 T7/24": 1.6338434577536634, "Gi\u00e1 T8/24": 2.002775851439972, "Gi\u00e1 T9/24": 0.31622776601683866, "Gi\u00e1 T10/24": 0.6324555320336773}