{"Gi\u00e1 T10/22": 42.59064190639761, "Gi\u00e1 T11/22": 37.83310433662516, "Gi\u00e1 T12/22": 37.99988514383856, "Gi\u00e1 T1/23": 37.937497853155854, "Gi\u00e1 T2/23": 39.73460068699012, "Gi\u00e1 T3/23": 43.50809789609274, "Gi\u00e1 T4/23": 41.79342099613568, "Gi\u00e1 T5/23": 45.04023196183662, "Gi\u00e1 T6/23": 39.50129669386003, "Gi\u00e1 T7/23": 37.26954272219836, "Gi\u00e1 T8/23": 40.79953198797767, "Gi\u00e1 T9/23": 38.91366895663375, "Gi\u00e1 T10/23": 43.43474774581365, "Gi\u00e1 T11/23": 49.82722949763848, "Gi\u00e1 T12/23": 47.214799270072994, "Gi\u00e1 T1/24": 46.53335551738943, "Gi\u00e1 T2/24": 38.428708673250334, "Gi\u00e1 T3/24": 40.13500429368827, "Gi\u00e1 T4/24": 50.70536174323745, "Gi\u00e1 T5/24": 46.88716616573637, "Gi\u00e1 T6/24": 54.89296157148991, "Gi\u00e1 T7/24": 58.480471232288544, "Gi\u00e1 T8/24": 65.52142335766425, "Gi\u00e1 T9/24": 65.26896200085875, "Gi\u00e1 T10/24": 69.78003971661659}