{"Gi\u00e1 T10/22": 8.466374768654727, "Gi\u00e1 T11/22": 8.39034720197125, "Gi\u00e1 T12/22": 8.559596337767658, "Gi\u00e1 T1/23": 8.65000623418173, "Gi\u00e1 T2/23": 8.070799051729594, "Gi\u00e1 T3/23": 8.744471350602275, "Gi\u00e1 T4/23": 7.442500005324828, "Gi\u00e1 T5/23": 8.467108649011001, "Gi\u00e1 T6/23": 8.25906419153784, "Gi\u00e1 T7/23": 7.618303645683667, "Gi\u00e1 T8/23": 7.955368540255679, "Gi\u00e1 T9/23": 8.092920467277043, "Gi\u00e1 T10/23": 8.679371766025096, "Gi\u00e1 T11/23": 9.359828474992709, "Gi\u00e1 T12/23": 9.706773850822207, "Gi\u00e1 T1/24": 9.396995144425475, "Gi\u00e1 T2/24": 9.396100944820324, "Gi\u00e1 T3/24": 9.276166632500809, "Gi\u00e1 T4/24": 9.577725723097338, "Gi\u00e1 T5/24": 8.434946582580531, "Gi\u00e1 T6/24": 9.777859762796894, "Gi\u00e1 T7/24": 10.464660641750616, "Gi\u00e1 T8/24": 11.657868801238486, "Gi\u00e1 T9/24": 11.593835691762806, "Gi\u00e1 T10/24": 12.015463382842318}