{"Gi\u00e1 T10/22": 57.01895219215194, "Gi\u00e1 T11/22": 68.78726758505663, "Gi\u00e1 T12/22": 56.365043970693236, "Gi\u00e1 T1/23": 60.62059090132836, "Gi\u00e1 T2/23": 60.587351717670224, "Gi\u00e1 T3/23": 61.24237209265235, "Gi\u00e1 T4/23": 53.955080761293615, "Gi\u00e1 T5/23": 54.86041035879817, "Gi\u00e1 T6/23": 51.91953172787132, "Gi\u00e1 T7/23": 57.63807518833788, "Gi\u00e1 T8/23": 66.59024746224068, "Gi\u00e1 T9/23": 64.5082343925157, "Gi\u00e1 T10/23": 63.712287149549404, "Gi\u00e1 T11/23": 53.76465919378734, "Gi\u00e1 T12/23": 58.79039145004815, "Gi\u00e1 T1/24": 57.64720668592033, "Gi\u00e1 T2/24": 59.042233424012345, "Gi\u00e1 T3/24": 63.67337051788465, "Gi\u00e1 T4/24": 65.2381324614777, "Gi\u00e1 T5/24": 70.72759564280594, "Gi\u00e1 T6/24": 70.44880208807542, "Gi\u00e1 T7/24": 77.86329278022656, "Gi\u00e1 T8/24": 77.6680153802569, "Gi\u00e1 T9/24": 81.62428165832019, "Gi\u00e1 T10/24": 78.96973096757333}