{"Gi\u00e1 T10/22": 8.237513151292587, "Gi\u00e1 T11/22": 8.232716829906813, "Gi\u00e1 T12/22": 8.356887526402831, "Gi\u00e1 T1/23": 8.586619447046452, "Gi\u00e1 T2/23": 7.914576776320011, "Gi\u00e1 T3/23": 8.315326093745178, "Gi\u00e1 T4/23": 7.225696657978287, "Gi\u00e1 T5/23": 8.131256008264742, "Gi\u00e1 T6/23": 7.982778592218787, "Gi\u00e1 T7/23": 7.463675909373112, "Gi\u00e1 T8/23": 7.716003312119024, "Gi\u00e1 T9/23": 7.889571680255239, "Gi\u00e1 T10/23": 8.453861435229777, "Gi\u00e1 T11/23": 9.158830709020684, "Gi\u00e1 T12/23": 9.434577624180367, "Gi\u00e1 T1/24": 9.083317788944422, "Gi\u00e1 T2/24": 9.07211914246615, "Gi\u00e1 T3/24": 8.964075195977092, "Gi\u00e1 T4/24": 9.127097132695686, "Gi\u00e1 T5/24": 8.115005837796888, "Gi\u00e1 T6/24": 9.427592656988278, "Gi\u00e1 T7/24": 10.087187145143886, "Gi\u00e1 T8/24": 11.219187965729912, "Gi\u00e1 T9/24": 11.149703813986672, "Gi\u00e1 T10/24": 11.562840880829873}