{"Gi\u00e1 T10/22": 34.12496105839541, "Gi\u00e1 T11/22": 36.447447539366735, "Gi\u00e1 T12/22": 36.58259259259259, "Gi\u00e1 T1/23": 38.83806278270926, "Gi\u00e1 T2/23": 41.52485902799035, "Gi\u00e1 T3/23": 41.980495867768596, "Gi\u00e1 T4/23": 46.101515151515166, "Gi\u00e1 T5/23": 49.51926061966466, "Gi\u00e1 T6/23": 50.814070332959204, "Gi\u00e1 T7/23": 39.21242424242424, "Gi\u00e1 T8/23": 46.65694963099004, "Gi\u00e1 T9/23": 45.38512940856375, "Gi\u00e1 T10/23": 43.16424888616808, "Gi\u00e1 T11/23": 46.587976056864946, "Gi\u00e1 T12/23": 46.371307009488824, "Gi\u00e1 T1/24": 45.145399449035814, "Gi\u00e1 T2/24": 50.05414685576301, "Gi\u00e1 T3/24": 58.22247049620786, "Gi\u00e1 T4/24": 68.66049416726185, "Gi\u00e1 T5/24": 65.88414685576302, "Gi\u00e1 T6/24": 70.59661157024794, "Gi\u00e1 T7/24": 59.35474135292318, "Gi\u00e1 T8/24": 73.88970649253478, "Gi\u00e1 T9/24": 81.15234465870832, "Gi\u00e1 T10/24": 78.55361119613647}