{"Gi\u00e1 T10/22": 1682.572545454546, "Gi\u00e1 T11/22": 1774.2109090909094, "Gi\u00e1 T12/22": 2193.7616363636366, "Gi\u00e1 T1/23": 1439.8400000000001, "Gi\u00e1 T2/23": 1454.4196363636365, "Gi\u00e1 T3/23": 1463.3121818181821, "Gi\u00e1 T4/23": 1469.5827272727274, "Gi\u00e1 T5/23": 1366.856727272727, "Gi\u00e1 T6/23": 1639.310727272727, "Gi\u00e1 T7/23": 1911.1556363636366, "Gi\u00e1 T8/23": 1367.786909090909, "Gi\u00e1 T9/23": 1599.3825454545454, "Gi\u00e1 T10/23": 1420.7105454545456, "Gi\u00e1 T11/23": 1438.9389090909094, "Gi\u00e1 T12/23": 1658.3185454545453, "Gi\u00e1 T1/24": 1600.4916363636364, "Gi\u00e1 T2/24": 1790.1849090909093, "Gi\u00e1 T3/24": 2055.200181818182, "Gi\u00e1 T4/24": 2829.2741818181817, "Gi\u00e1 T5/24": 2788.7776363636367, "Gi\u00e1 T6/24": 2787.9136363636367, "Gi\u00e1 T7/24": 3014.786909090909, "Gi\u00e1 T8/24": 2780.206545454546, "Gi\u00e1 T9/24": 2284.058909090909, "Gi\u00e1 T10/24": 2929.7907272727275}