{"Gi\u00e1 T10/22": 1466.1218546365915, "Gi\u00e1 T11/22": 1707.0520640035463, "Gi\u00e1 T12/22": 1170.3644406935707, "Gi\u00e1 T1/23": 1558.5883789405486, "Gi\u00e1 T2/23": 1365.5626762484442, "Gi\u00e1 T3/23": 1405.6282771554736, "Gi\u00e1 T4/23": 1291.5350468006752, "Gi\u00e1 T5/23": 1633.8939598997495, "Gi\u00e1 T6/23": 1457.7525154723542, "Gi\u00e1 T7/23": 1625.151481595144, "Gi\u00e1 T8/23": 1565.4509450496992, "Gi\u00e1 T9/23": 1943.6989724310777, "Gi\u00e1 T10/23": 1572.3872333895965, "Gi\u00e1 T11/23": 1603.790066151774, "Gi\u00e1 T12/23": 1246.687901727107, "Gi\u00e1 T1/24": 1713.1153316965883, "Gi\u00e1 T2/24": 2154.807524423303, "Gi\u00e1 T3/24": 1919.637939406339, "Gi\u00e1 T4/24": 2335.826607846146, "Gi\u00e1 T5/24": 2557.9172405503555, "Gi\u00e1 T6/24": 2399.4449417762094, "Gi\u00e1 T7/24": 2692.5482139021024, "Gi\u00e1 T8/24": 2399.877786984468, "Gi\u00e1 T9/24": 2473.4757511124753, "Gi\u00e1 T10/24": 2394.5447102450003}