{"Gi\u00e1 T10/22": 1333.5381419586702, "Gi\u00e1 T11/22": 1311.3282237196765, "Gi\u00e1 T12/22": 1031.7442479784365, "Gi\u00e1 T1/23": 1243.3011006289307, "Gi\u00e1 T2/23": 1272.7173692722372, "Gi\u00e1 T3/23": 953.4356630727763, "Gi\u00e1 T4/23": 1055.722275831087, "Gi\u00e1 T5/23": 1263.515911051213, "Gi\u00e1 T6/23": 1294.123061994609, "Gi\u00e1 T7/23": 1382.356251572327, "Gi\u00e1 T8/23": 1461.0094663072778, "Gi\u00e1 T9/23": 1611.030724168913, "Gi\u00e1 T10/23": 1582.3815094339623, "Gi\u00e1 T11/23": 1421.877808625337, "Gi\u00e1 T12/23": 1240.5825489667566, "Gi\u00e1 T1/24": 1259.4137762803234, "Gi\u00e1 T2/24": 1631.8875867026056, "Gi\u00e1 T3/24": 1810.1173486073676, "Gi\u00e1 T4/24": 2264.418423180593, "Gi\u00e1 T5/24": 2417.881570530099, "Gi\u00e1 T6/24": 2238.7425777178796, "Gi\u00e1 T7/24": 2371.5559613656783, "Gi\u00e1 T8/24": 2419.521625336927, "Gi\u00e1 T9/24": 2294.756978436658, "Gi\u00e1 T10/24": 2206.422706199461}