{"Gi\u00e1 T10/22": 14083.856166068901, "Gi\u00e1 T11/22": 13294.467268813656, "Gi\u00e1 T12/22": 12348.361741786486, "Gi\u00e1 T1/23": 11490.161492374496, "Gi\u00e1 T2/23": 12958.805857376998, "Gi\u00e1 T3/23": 12276.729789433914, "Gi\u00e1 T4/23": 14640.396767435426, "Gi\u00e1 T5/23": 5862.583199584579, "Gi\u00e1 T6/23": 11492.942191334703, "Gi\u00e1 T7/23": 12721.7759840785, "Gi\u00e1 T8/23": 12572.423767360926, "Gi\u00e1 T9/23": 12159.359470205723, "Gi\u00e1 T10/23": 13081.565220038101, "Gi\u00e1 T11/23": 13687.903207554198, "Gi\u00e1 T12/23": 12884.9847481934, "Gi\u00e1 T1/24": 16337.84033146731, "Gi\u00e1 T2/24": 12169.803930566937, "Gi\u00e1 T3/24": 11712.871306233437, "Gi\u00e1 T4/24": 13677.401569587382, "Gi\u00e1 T5/24": 13782.974239312054, "Gi\u00e1 T6/24": 14603.857292493694, "Gi\u00e1 T7/24": 17420.213138270134, "Gi\u00e1 T8/24": 16541.50736119241, "Gi\u00e1 T9/24": 16150.038760123882, "Gi\u00e1 T10/24": 19450.40560338864}