{"Gi\u00e1 T10/22": 236.04765734265735, "Gi\u00e1 T11/22": 233.14245221445222, "Gi\u00e1 T12/22": 425.6870675990675, "Gi\u00e1 T1/23": 317.05473193473193, "Gi\u00e1 T2/23": 372.9908438228437, "Gi\u00e1 T3/23": 238.94567132867135, "Gi\u00e1 T4/23": 245.27481818181812, "Gi\u00e1 T5/23": 194.63277389277388, "Gi\u00e1 T6/23": 361.8671165501166, "Gi\u00e1 T7/23": 337.0312284382285, "Gi\u00e1 T8/23": 341.7957668997668, "Gi\u00e1 T9/23": 310.23291375291376, "Gi\u00e1 T10/23": 534.8267878787879, "Gi\u00e1 T11/23": 327.87783682983684, "Gi\u00e1 T12/23": 427.68365734265745, "Gi\u00e1 T1/24": 352.098696969697, "Gi\u00e1 T2/24": 313.7585571095571, "Gi\u00e1 T3/24": 367.6556829836831, "Gi\u00e1 T4/24": 946.2708368298368, "Gi\u00e1 T5/24": 698.1913123543125, "Gi\u00e1 T6/24": 963.8015034965035, "Gi\u00e1 T7/24": 908.4779137529138, "Gi\u00e1 T8/24": 867.72375990676, "Gi\u00e1 T9/24": 932.7662494172492, "Gi\u00e1 T10/24": 602.8229207459208}