{"Gi\u00e1 T10/22": 67.50354616565912, "Gi\u00e1 T11/22": 65.23428140928016, "Gi\u00e1 T12/22": 84.06603663501431, "Gi\u00e1 T1/23": 44.75214392590496, "Gi\u00e1 T2/23": 71.19905191259474, "Gi\u00e1 T3/23": 55.35148394242814, "Gi\u00e1 T4/23": 57.34921554491164, "Gi\u00e1 T5/23": 69.71179342873006, "Gi\u00e1 T6/23": 66.87968329610102, "Gi\u00e1 T7/23": 66.34168089129021, "Gi\u00e1 T8/23": 74.61475506502923, "Gi\u00e1 T9/23": 81.0719262135359, "Gi\u00e1 T10/23": 65.81341966367695, "Gi\u00e1 T11/23": 59.59948418836834, "Gi\u00e1 T12/23": 80.91796215421076, "Gi\u00e1 T1/24": 71.84481514269481, "Gi\u00e1 T2/24": 73.0700770995996, "Gi\u00e1 T3/24": 59.85591110714911, "Gi\u00e1 T4/24": 75.53998145962427, "Gi\u00e1 T5/24": 82.39564208960098, "Gi\u00e1 T6/24": 76.03302074043211, "Gi\u00e1 T7/24": 63.59898827058364, "Gi\u00e1 T8/24": 59.26429287738453, "Gi\u00e1 T9/24": 61.53295859336167, "Gi\u00e1 T10/24": 67.29134792878557}