{"Gi\u00e1 T10/22": 246.22811011649029, "Gi\u00e1 T11/22": 278.6966704763718, "Gi\u00e1 T12/22": 268.5187207352303, "Gi\u00e1 T1/23": 261.0152084118081, "Gi\u00e1 T2/23": 266.0579687745012, "Gi\u00e1 T3/23": 278.083571244606, "Gi\u00e1 T4/23": 258.75651979894445, "Gi\u00e1 T5/23": 75.20428435522845, "Gi\u00e1 T6/23": 271.35622521242897, "Gi\u00e1 T7/23": 271.42329894748985, "Gi\u00e1 T8/23": 272.4535643215894, "Gi\u00e1 T9/23": 270.4155038298257, "Gi\u00e1 T10/23": 262.31304514615005, "Gi\u00e1 T11/23": 269.1432659312766, "Gi\u00e1 T12/23": 272.85120099536925, "Gi\u00e1 T1/24": 258.7728873192446, "Gi\u00e1 T2/24": 271.0482988112295, "Gi\u00e1 T3/24": 273.8796786280147, "Gi\u00e1 T4/24": 254.45007444411445, "Gi\u00e1 T5/24": 276.16752858754745, "Gi\u00e1 T6/24": 283.9842492923751, "Gi\u00e1 T7/24": 270.41720793276795, "Gi\u00e1 T8/24": 256.0037494091414, "Gi\u00e1 T9/24": 285.3584874261739, "Gi\u00e1 T10/24": 284.4477062592593}