{"Gi\u00e1 T10/22": 71.63931945334878, "Gi\u00e1 T11/22": 70.72325407843698, "Gi\u00e1 T12/22": 73.5705378878378, "Gi\u00e1 T1/23": 75.41718030911716, "Gi\u00e1 T2/23": 65.360888100696, "Gi\u00e1 T3/23": 75.88648929251745, "Gi\u00e1 T4/23": 55.374602810743006, "Gi\u00e1 T5/23": 71.1090523082316, "Gi\u00e1 T6/23": 67.95030436647586, "Gi\u00e1 T7/23": 58.15930317188704, "Gi\u00e1 T8/23": 63.1226382425246, "Gi\u00e1 T9/23": 65.3601975453275, "Gi\u00e1 T10/23": 75.36942562877346, "Gi\u00e1 T11/23": 87.9900545175291, "Gi\u00e1 T12/23": 94.33328553440553, "Gi\u00e1 T1/24": 88.36919321436643, "Gi\u00e1 T2/24": 87.91040366955552, "Gi\u00e1 T3/24": 85.72825465497598, "Gi\u00e1 T4/24": 91.60587580888425, "Gi\u00e1 T5/24": 70.91474242543045, "Gi\u00e1 T6/24": 95.78225246874005, "Gi\u00e1 T7/24": 109.27784005424081, "Gi\u00e1 T8/24": 135.4980572480179, "Gi\u00e1 T9/24": 133.968866155315, "Gi\u00e1 T10/24": 143.64923264963494}