{"Gi\u00e1 T10/22": 68.1576420674828, "Gi\u00e1 T11/22": 68.16456295965601, "Gi\u00e1 T12/22": 70.65593270518575, "Gi\u00e1 T1/23": 74.45933398341126, "Gi\u00e1 T2/23": 63.01708754317536, "Gi\u00e1 T3/23": 69.3542667532132, "Gi\u00e1 T4/23": 52.571455596936026, "Gi\u00e1 T5/23": 66.07197478794146, "Gi\u00e1 T6/23": 63.87712255339646, "Gi\u00e1 T7/23": 56.056914401184244, "Gi\u00e1 T8/23": 59.779797663243976, "Gi\u00e1 T9/23": 62.56299537113184, "Gi\u00e1 T10/23": 71.84358863577623, "Gi\u00e1 T11/23": 84.79867701308773, "Gi\u00e1 T12/23": 89.87793122488779, "Gi\u00e1 T1/24": 83.24017149721563, "Gi\u00e1 T2/24": 82.94422187433916, "Gi\u00e1 T3/24": 80.84255219225075, "Gi\u00e1 T4/24": 84.24659082097796, "Gi\u00e1 T5/24": 66.07265369839517, "Gi\u00e1 T6/24": 89.53091978194976, "Gi\u00e1 T7/24": 102.66846257548346, "Gi\u00e1 T8/24": 127.63473707088984, "Gi\u00e1 T9/24": 125.84853565050871, "Gi\u00e1 T10/24": 134.80070290655325}