{"Gi\u00e1 T10/22": 30.229532163742704, "Gi\u00e1 T11/22": 30.473684210526304, "Gi\u00e1 T12/22": 32.80111111111112, "Gi\u00e1 T1/23": 38.3406432748538, "Gi\u00e1 T2/23": 34.655380116959066, "Gi\u00e1 T3/23": 34.45444444444444, "Gi\u00e1 T4/23": 25.230994152046783, "Gi\u00e1 T5/23": 30.06163742690059, "Gi\u00e1 T6/23": 25.09538011695906, "Gi\u00e1 T7/23": 34.18023391812866, "Gi\u00e1 T8/23": 31.947076023391816, "Gi\u00e1 T9/23": 35.056549707602336, "Gi\u00e1 T10/23": 34.35274853801169, "Gi\u00e1 T11/23": 34.969298245614034, "Gi\u00e1 T12/23": 31.761637426900588, "Gi\u00e1 T1/24": 45.88426900584794, "Gi\u00e1 T2/24": 55.469532163742684, "Gi\u00e1 T3/24": 49.91912280701755, "Gi\u00e1 T4/24": 56.81286549707605, "Gi\u00e1 T5/24": 42.702105263157904, "Gi\u00e1 T6/24": 54.748011695906435, "Gi\u00e1 T7/24": 51.384853801169584, "Gi\u00e1 T8/24": 50.99210526315788, "Gi\u00e1 T9/24": 51.384269005847955, "Gi\u00e1 T10/24": 53.76134502923976}