{"Gi\u00e1 T10/22": 146.2839287610681, "Gi\u00e1 T11/22": 153.83683940868943, "Gi\u00e1 T12/22": 148.58151507373216, "Gi\u00e1 T1/23": 144.23748535466063, "Gi\u00e1 T2/23": 146.2307359582817, "Gi\u00e1 T3/23": 149.34209420760314, "Gi\u00e1 T4/23": 149.6645374448714, "Gi\u00e1 T5/23": 76.57383134533329, "Gi\u00e1 T6/23": 148.1584064020473, "Gi\u00e1 T7/23": 152.15884958470085, "Gi\u00e1 T8/23": 152.28736926970714, "Gi\u00e1 T9/23": 149.6451065850434, "Gi\u00e1 T10/23": 145.2018113538695, "Gi\u00e1 T11/23": 148.1404234999087, "Gi\u00e1 T12/23": 147.1049959498776, "Gi\u00e1 T1/24": 150.11982749471488, "Gi\u00e1 T2/24": 143.54693528496472, "Gi\u00e1 T3/24": 146.73953937669305, "Gi\u00e1 T4/24": 148.4574660297799, "Gi\u00e1 T5/24": 153.8246804054611, "Gi\u00e1 T6/24": 155.29047993087482, "Gi\u00e1 T7/24": 158.47856965676118, "Gi\u00e1 T8/24": 153.34349453414774, "Gi\u00e1 T9/24": 161.03099567988312, "Gi\u00e1 T10/24": 163.3064647115145}