{"Gi\u00e1 T10/22": 55.09886210815977, "Gi\u00e1 T11/22": 53.035239091021786, "Gi\u00e1 T12/22": 47.98950449335906, "Gi\u00e1 T1/23": 46.7524669086443, "Gi\u00e1 T2/23": 58.87043595597622, "Gi\u00e1 T3/23": 55.64382642976765, "Gi\u00e1 T4/23": 54.63569581744039, "Gi\u00e1 T5/23": 55.62209647908806, "Gi\u00e1 T6/23": 51.569163318194974, "Gi\u00e1 T7/23": 47.84419205354834, "Gi\u00e1 T8/23": 48.1984700257692, "Gi\u00e1 T9/23": 51.950585232669596, "Gi\u00e1 T10/23": 46.995091797847756, "Gi\u00e1 T11/23": 52.65777378138054, "Gi\u00e1 T12/23": 49.42396121233196, "Gi\u00e1 T1/24": 63.774321152713235, "Gi\u00e1 T2/24": 60.93220450390886, "Gi\u00e1 T3/24": 59.56050932338058, "Gi\u00e1 T4/24": 50.279821597610564, "Gi\u00e1 T5/24": 56.42737237535236, "Gi\u00e1 T6/24": 57.14901179331332, "Gi\u00e1 T7/24": 56.35168936907112, "Gi\u00e1 T8/24": 59.0049814659467, "Gi\u00e1 T9/24": 54.89278500317457, "Gi\u00e1 T10/24": 55.423421993940075}