{"Gi\u00e1 T10/22": 136.08849691454427, "Gi\u00e1 T11/22": 137.38770279328378, "Gi\u00e1 T12/22": 134.7837966800798, "Gi\u00e1 T1/23": 136.76696904044596, "Gi\u00e1 T2/23": 136.58762599197473, "Gi\u00e1 T3/23": 138.17847942524705, "Gi\u00e1 T4/23": 138.08424765745318, "Gi\u00e1 T5/23": 105.5002745616524, "Gi\u00e1 T6/23": 139.73216383344027, "Gi\u00e1 T7/23": 140.13732933248247, "Gi\u00e1 T8/23": 140.05322026907828, "Gi\u00e1 T9/23": 142.5308863302188, "Gi\u00e1 T10/23": 138.9508654230173, "Gi\u00e1 T11/23": 141.55587951726204, "Gi\u00e1 T12/23": 142.50373377056286, "Gi\u00e1 T1/24": 145.44956669706363, "Gi\u00e1 T2/24": 139.5356189677814, "Gi\u00e1 T3/24": 144.76182048127376, "Gi\u00e1 T4/24": 146.18842912768076, "Gi\u00e1 T5/24": 148.03886770205216, "Gi\u00e1 T6/24": 149.19455718909663, "Gi\u00e1 T7/24": 151.37462399856915, "Gi\u00e1 T8/24": 150.29009385379632, "Gi\u00e1 T9/24": 153.28849977638745, "Gi\u00e1 T10/24": 156.20777673921924}