{"Gi\u00e1 T10/22": 138.43950518651184, "Gi\u00e1 T11/22": 140.0177586585799, "Gi\u00e1 T12/22": 137.52134469175476, "Gi\u00e1 T1/23": 139.32817347485883, "Gi\u00e1 T2/23": 139.15280335360114, "Gi\u00e1 T3/23": 140.7674771796405, "Gi\u00e1 T4/23": 140.44018538634586, "Gi\u00e1 T5/23": 106.97592815630111, "Gi\u00e1 T6/23": 142.27980032412904, "Gi\u00e1 T7/23": 142.69021568617302, "Gi\u00e1 T8/23": 142.53881861304905, "Gi\u00e1 T9/23": 145.53554500503768, "Gi\u00e1 T10/23": 141.92838309852445, "Gi\u00e1 T11/23": 144.0422722257581, "Gi\u00e1 T12/23": 145.2143954965189, "Gi\u00e1 T1/24": 148.1885259306284, "Gi\u00e1 T2/24": 142.0804817325598, "Gi\u00e1 T3/24": 147.30199514238103, "Gi\u00e1 T4/24": 149.3537883912694, "Gi\u00e1 T5/24": 150.81020070977505, "Gi\u00e1 T6/24": 151.90769629140254, "Gi\u00e1 T7/24": 154.09426336837498, "Gi\u00e1 T8/24": 152.988915613988, "Gi\u00e1 T9/24": 156.0397832036316, "Gi\u00e1 T10/24": 159.00242735426968}