{"Gi\u00e1 T10/22": 24.837959789718628, "Gi\u00e1 T11/22": 22.54124664412258, "Gi\u00e1 T12/22": 26.143801522244306, "Gi\u00e1 T1/23": 30.933792930923815, "Gi\u00e1 T2/23": 24.550096379081086, "Gi\u00e1 T3/23": 26.638089460193992, "Gi\u00e1 T4/23": 23.768403629197774, "Gi\u00e1 T5/23": 23.137566569734595, "Gi\u00e1 T6/23": 22.239720535106528, "Gi\u00e1 T7/23": 20.569616146642502, "Gi\u00e1 T8/23": 23.675295936148714, "Gi\u00e1 T9/23": 28.24307407744848, "Gi\u00e1 T10/23": 26.360969508931937, "Gi\u00e1 T11/23": 24.800533025646132, "Gi\u00e1 T12/23": 27.46226424145967, "Gi\u00e1 T1/24": 28.109470562651012, "Gi\u00e1 T2/24": 24.45530016207349, "Gi\u00e1 T3/24": 27.82888178436196, "Gi\u00e1 T4/24": 25.51972056536571, "Gi\u00e1 T5/24": 27.231989095024478, "Gi\u00e1 T6/24": 29.643077001542995, "Gi\u00e1 T7/24": 29.806107905031773, "Gi\u00e1 T8/24": 29.386397350558966, "Gi\u00e1 T9/24": 29.793603290726857, "Gi\u00e1 T10/24": 31.130508959207248}