{"Gi\u00e1 T10/22": 97.20553759756605, "Gi\u00e1 T11/22": 96.86914739916917, "Gi\u00e1 T12/22": 94.77160246372192, "Gi\u00e1 T1/23": 99.68452287278566, "Gi\u00e1 T2/23": 100.25075091247305, "Gi\u00e1 T3/23": 100.2009117049172, "Gi\u00e1 T4/23": 98.99105604368789, "Gi\u00e1 T5/23": 88.83590675666848, "Gi\u00e1 T6/23": 102.2061237247284, "Gi\u00e1 T7/23": 100.87661123217585, "Gi\u00e1 T8/23": 100.0403866166847, "Gi\u00e1 T9/23": 104.6242676624373, "Gi\u00e1 T10/23": 103.97681506824057, "Gi\u00e1 T11/23": 104.73367634642403, "Gi\u00e1 T12/23": 104.46869276271784, "Gi\u00e1 T1/24": 107.19293654890608, "Gi\u00e1 T2/24": 106.11735827121647, "Gi\u00e1 T3/24": 110.15310279452237, "Gi\u00e1 T4/24": 113.49672756503874, "Gi\u00e1 T5/24": 114.47626269864134, "Gi\u00e1 T6/24": 115.25484676823451, "Gi\u00e1 T7/24": 117.47846371021444, "Gi\u00e1 T8/24": 117.87010738728026, "Gi\u00e1 T9/24": 117.91191925096379, "Gi\u00e1 T10/24": 120.06866680573924}