{"Gi\u00e1 T10/22": 109.4095404291842, "Gi\u00e1 T11/22": 110.165149806916, "Gi\u00e1 T12/22": 107.55786529769209, "Gi\u00e1 T1/23": 110.58643329988949, "Gi\u00e1 T2/23": 110.45188368097364, "Gi\u00e1 T3/23": 111.09113338790303, "Gi\u00e1 T4/23": 110.79515158981279, "Gi\u00e1 T5/23": 89.71306585312809, "Gi\u00e1 T6/23": 112.467653035212, "Gi\u00e1 T7/23": 112.57963820870894, "Gi\u00e1 T8/23": 112.7604253129221, "Gi\u00e1 T9/23": 115.62910217415029, "Gi\u00e1 T10/23": 113.94837676121436, "Gi\u00e1 T11/23": 115.21371038390274, "Gi\u00e1 T12/23": 115.70466392610085, "Gi\u00e1 T1/24": 118.43820998582814, "Gi\u00e1 T2/24": 115.23997343908157, "Gi\u00e1 T3/24": 119.30187981932538, "Gi\u00e1 T4/24": 121.6893052148082, "Gi\u00e1 T5/24": 123.65603779681608, "Gi\u00e1 T6/24": 124.8290250533896, "Gi\u00e1 T7/24": 126.99503348375514, "Gi\u00e1 T8/24": 126.22369011889342, "Gi\u00e1 T9/24": 128.27586571701406, "Gi\u00e1 T10/24": 131.09074838414702}