{"Gi\u00e1 T10/22": 139.3758891553859, "Gi\u00e1 T11/22": 142.9085781669624, "Gi\u00e1 T12/22": 139.50271858685443, "Gi\u00e1 T1/23": 141.43976903986632, "Gi\u00e1 T2/23": 140.77795030276974, "Gi\u00e1 T3/23": 143.20023275760732, "Gi\u00e1 T4/23": 143.60435161824597, "Gi\u00e1 T5/23": 112.52755721432513, "Gi\u00e1 T6/23": 145.62481335942147, "Gi\u00e1 T7/23": 145.57523691327148, "Gi\u00e1 T8/23": 146.8791404187227, "Gi\u00e1 T9/23": 146.31226960229583, "Gi\u00e1 T10/23": 140.75326806071993, "Gi\u00e1 T11/23": 144.9563163730196, "Gi\u00e1 T12/23": 148.4619720180088, "Gi\u00e1 T1/24": 147.85106840930834, "Gi\u00e1 T2/24": 145.31595181537904, "Gi\u00e1 T3/24": 151.76610299189522, "Gi\u00e1 T4/24": 148.73817169550742, "Gi\u00e1 T5/24": 152.50933681309698, "Gi\u00e1 T6/24": 153.58119731267124, "Gi\u00e1 T7/24": 154.05071164187538, "Gi\u00e1 T8/24": 152.08008031607167, "Gi\u00e1 T9/24": 158.30792999071932, "Gi\u00e1 T10/24": 159.76389582098543}