{"Gi\u00e1 T10/22": 120.74314748324716, "Gi\u00e1 T11/22": 119.71835141559302, "Gi\u00e1 T12/22": 117.91789928673137, "Gi\u00e1 T1/23": 123.06032403059368, "Gi\u00e1 T2/23": 123.62586911993911, "Gi\u00e1 T3/23": 124.21946663526342, "Gi\u00e1 T4/23": 122.11395922225476, "Gi\u00e1 T5/23": 105.88819302199879, "Gi\u00e1 T6/23": 125.822890429646, "Gi\u00e1 T7/23": 124.59025427877712, "Gi\u00e1 T8/23": 122.7762989816518, "Gi\u00e1 T9/23": 129.64088283585264, "Gi\u00e1 T10/23": 127.89644198526146, "Gi\u00e1 T11/23": 129.20464438413302, "Gi\u00e1 T12/23": 128.01924018022174, "Gi\u00e1 T1/24": 130.92995922899797, "Gi\u00e1 T2/24": 129.20670564515083, "Gi\u00e1 T3/24": 134.77532255483717, "Gi\u00e1 T4/24": 137.60553268260276, "Gi\u00e1 T5/24": 137.83204956125084, "Gi\u00e1 T6/24": 137.90864431200032, "Gi\u00e1 T7/24": 140.45869995038333, "Gi\u00e1 T8/24": 141.38920959459438, "Gi\u00e1 T9/24": 141.1559700071358, "Gi\u00e1 T10/24": 143.18739844291807}