{"Gi\u00e1 T10/22": 119.41486705634834, "Gi\u00e1 T11/22": 120.50180606420022, "Gi\u00e1 T12/22": 117.87258839551069, "Gi\u00e1 T1/23": 121.17689727224803, "Gi\u00e1 T2/23": 120.60260925132854, "Gi\u00e1 T3/23": 121.41181005669272, "Gi\u00e1 T4/23": 121.20513995683582, "Gi\u00e1 T5/23": 96.61225143271052, "Gi\u00e1 T6/23": 123.10694032845117, "Gi\u00e1 T7/23": 123.25901557725193, "Gi\u00e1 T8/23": 123.46360649689056, "Gi\u00e1 T9/23": 126.52310700597987, "Gi\u00e1 T10/23": 124.13831756382402, "Gi\u00e1 T11/23": 125.65520608804677, "Gi\u00e1 T12/23": 126.4983126711591, "Gi\u00e1 T1/24": 129.0950065449053, "Gi\u00e1 T2/24": 125.13050071519172, "Gi\u00e1 T3/24": 129.54565626591355, "Gi\u00e1 T4/24": 131.99065797279093, "Gi\u00e1 T5/24": 133.61120582764738, "Gi\u00e1 T6/24": 134.67171140191056, "Gi\u00e1 T7/24": 136.83875344903748, "Gi\u00e1 T8/24": 135.96991840373434, "Gi\u00e1 T9/24": 138.0389647616153, "Gi\u00e1 T10/24": 140.7184820996652}