{"Gi\u00e1 T10/22": 118.3348945263101, "Gi\u00e1 T11/22": 123.22817366918947, "Gi\u00e1 T12/22": 121.91878823868714, "Gi\u00e1 T1/23": 104.36933598529258, "Gi\u00e1 T2/23": 91.67795473037708, "Gi\u00e1 T3/23": 115.2905258373488, "Gi\u00e1 T4/23": 102.47352394398214, "Gi\u00e1 T5/23": 130.5863389398958, "Gi\u00e1 T6/23": 127.8097664755459, "Gi\u00e1 T7/23": 128.24655940804027, "Gi\u00e1 T8/23": 122.85728785492687, "Gi\u00e1 T9/23": 141.56022064038893, "Gi\u00e1 T10/23": 121.7269006646951, "Gi\u00e1 T11/23": 113.0218500308326, "Gi\u00e1 T12/23": 139.88403632175064, "Gi\u00e1 T1/24": 128.24754077588983, "Gi\u00e1 T2/24": 134.09650288920415, "Gi\u00e1 T3/24": 124.44576362937975, "Gi\u00e1 T4/24": 134.71246977546903, "Gi\u00e1 T5/24": 134.07486148248933, "Gi\u00e1 T6/24": 139.32261620196468, "Gi\u00e1 T7/24": 134.29176722609094, "Gi\u00e1 T8/24": 123.30882237103376, "Gi\u00e1 T9/24": 144.12575826479562, "Gi\u00e1 T10/24": 155.6261258095271}