{"Gi\u00e1 T10/22": 56.88480153480499, "Gi\u00e1 T11/22": 56.8929825995148, "Gi\u00e1 T12/22": 55.91091267741251, "Gi\u00e1 T1/23": 57.17336146064043, "Gi\u00e1 T2/23": 59.25528721248016, "Gi\u00e1 T3/23": 59.8702061115502, "Gi\u00e1 T4/23": 56.566430781834526, "Gi\u00e1 T5/23": 56.15526893245908, "Gi\u00e1 T6/23": 59.07842927758568, "Gi\u00e1 T7/23": 59.17109650262517, "Gi\u00e1 T8/23": 59.25733714473301, "Gi\u00e1 T9/23": 60.61732102516325, "Gi\u00e1 T10/23": 64.9333867795835, "Gi\u00e1 T11/23": 62.3412280124197, "Gi\u00e1 T12/23": 61.21110109271303, "Gi\u00e1 T1/24": 61.15752405962581, "Gi\u00e1 T2/24": 61.15128600970757, "Gi\u00e1 T3/24": 63.29012870512835, "Gi\u00e1 T4/24": 67.93367803093163, "Gi\u00e1 T5/24": 72.14309232221244, "Gi\u00e1 T6/24": 74.74202724149781, "Gi\u00e1 T7/24": 74.59786994128956, "Gi\u00e1 T8/24": 72.82474879134615, "Gi\u00e1 T9/24": 76.15336239294636, "Gi\u00e1 T10/24": 80.54316817753032}