{"Gi\u00e1 T10/22": 127.46864468184442, "Gi\u00e1 T11/22": 128.841312247916, "Gi\u00e1 T12/22": 125.92280186699357, "Gi\u00e1 T1/23": 128.8914017028205, "Gi\u00e1 T2/23": 128.60649035802405, "Gi\u00e1 T3/23": 129.4339960214541, "Gi\u00e1 T4/23": 129.24939801940815, "Gi\u00e1 T5/23": 101.90624087134385, "Gi\u00e1 T6/23": 131.09082589305783, "Gi\u00e1 T7/23": 131.2490320530188, "Gi\u00e1 T8/23": 131.44667108151793, "Gi\u00e1 T9/23": 134.94817618254027, "Gi\u00e1 T10/23": 132.16127539069396, "Gi\u00e1 T11/23": 133.79042861620977, "Gi\u00e1 T12/23": 134.6556839125096, "Gi\u00e1 T1/24": 137.68833476568227, "Gi\u00e1 T2/24": 132.74497637247305, "Gi\u00e1 T3/24": 137.5217921822727, "Gi\u00e1 T4/24": 139.76394837268447, "Gi\u00e1 T5/24": 141.32804437192095, "Gi\u00e1 T6/24": 142.42263971406345, "Gi\u00e1 T7/24": 144.96837187581843, "Gi\u00e1 T8/24": 143.8696121122037, "Gi\u00e1 T9/24": 146.25542711769177, "Gi\u00e1 T10/24": 149.48228907084783}