{"Gi\u00e1 T10/22": 66.6777312736191, "Gi\u00e1 T11/22": 68.15004394793479, "Gi\u00e1 T12/22": 63.7098685998755, "Gi\u00e1 T1/23": 71.32842870234268, "Gi\u00e1 T2/23": 70.33470716378956, "Gi\u00e1 T3/23": 68.77057461570642, "Gi\u00e1 T4/23": 69.99146682086544, "Gi\u00e1 T5/23": 71.74991291248092, "Gi\u00e1 T6/23": 72.5644575827153, "Gi\u00e1 T7/23": 70.03780359346253, "Gi\u00e1 T8/23": 71.88711653097992, "Gi\u00e1 T9/23": 73.02773371220731, "Gi\u00e1 T10/23": 73.22089437076299, "Gi\u00e1 T11/23": 74.11931543417843, "Gi\u00e1 T12/23": 74.57885606988295, "Gi\u00e1 T1/24": 78.4596746697484, "Gi\u00e1 T2/24": 77.72553054974637, "Gi\u00e1 T3/24": 78.8902523851862, "Gi\u00e1 T4/24": 84.38478911526536, "Gi\u00e1 T5/24": 84.26867688053883, "Gi\u00e1 T6/24": 85.57030118919747, "Gi\u00e1 T7/24": 88.84694587914706, "Gi\u00e1 T8/24": 88.49775363490149, "Gi\u00e1 T9/24": 88.3876047806394, "Gi\u00e1 T10/24": 91.02373925146205}