{"Gi\u00e1 T10/22": 26.132527131782954, "Gi\u00e1 T11/22": 24.347513350559858, "Gi\u00e1 T12/22": 25.733139534883726, "Gi\u00e1 T1/23": 27.56696296296296, "Gi\u00e1 T2/23": 25.215200689061152, "Gi\u00e1 T3/23": 25.021787898363478, "Gi\u00e1 T4/23": 22.073546942291127, "Gi\u00e1 T5/23": 23.326046296296298, "Gi\u00e1 T6/23": 21.802912790697672, "Gi\u00e1 T7/23": 29.725105727820846, "Gi\u00e1 T8/23": 25.091052325581398, "Gi\u00e1 T9/23": 26.499410852713172, "Gi\u00e1 T10/23": 23.974323643410848, "Gi\u00e1 T11/23": 26.81342291128337, "Gi\u00e1 T12/23": 24.310232558139536, "Gi\u00e1 T1/24": 29.380930232558136, "Gi\u00e1 T2/24": 34.726540697674416, "Gi\u00e1 T3/24": 32.88357945736435, "Gi\u00e1 T4/24": 34.90695585701982, "Gi\u00e1 T5/24": 32.736372093023256, "Gi\u00e1 T6/24": 36.147765503875966, "Gi\u00e1 T7/24": 40.85979306632213, "Gi\u00e1 T8/24": 39.803417743324715, "Gi\u00e1 T9/24": 44.46950366063738, "Gi\u00e1 T10/24": 49.93429112833765}