{"Gi\u00e1 T10/22": 17.501423722776764, "Gi\u00e1 T11/22": 13.809408326426054, "Gi\u00e1 T12/22": 15.034778426508902, "Gi\u00e1 T1/23": 22.037005824294067, "Gi\u00e1 T2/23": 14.729449610347118, "Gi\u00e1 T3/23": 16.728164436397094, "Gi\u00e1 T4/23": 23.389544015024516, "Gi\u00e1 T5/23": 28.960460509370783, "Gi\u00e1 T6/23": 18.89541569940408, "Gi\u00e1 T7/23": 27.805343831606717, "Gi\u00e1 T8/23": 26.577320704551777, "Gi\u00e1 T9/23": 22.385779637383077, "Gi\u00e1 T10/23": 24.18573506078113, "Gi\u00e1 T11/23": 19.92480193365773, "Gi\u00e1 T12/23": 26.22680104088557, "Gi\u00e1 T1/24": 21.33721515716449, "Gi\u00e1 T2/24": 20.967872038548254, "Gi\u00e1 T3/24": 28.244740309355677, "Gi\u00e1 T4/24": 19.015555237651323, "Gi\u00e1 T5/24": 18.700933323281053, "Gi\u00e1 T6/24": 21.06493654688136, "Gi\u00e1 T7/24": 22.25209170006269, "Gi\u00e1 T8/24": 22.336282351452752, "Gi\u00e1 T9/24": 20.802430803176705, "Gi\u00e1 T10/24": 28.16053255657165}