{"Gi\u00e1 T10/22": 45.14138633092929, "Gi\u00e1 T11/22": 43.11443984432012, "Gi\u00e1 T12/22": 42.554745925072744, "Gi\u00e1 T1/23": 40.744826729448256, "Gi\u00e1 T2/23": 42.282178279570566, "Gi\u00e1 T3/23": 42.00341390891866, "Gi\u00e1 T4/23": 40.50351299531099, "Gi\u00e1 T5/23": 44.347660602012056, "Gi\u00e1 T6/23": 43.047396319027364, "Gi\u00e1 T7/23": 40.945212178470065, "Gi\u00e1 T8/23": 42.3445537993816, "Gi\u00e1 T9/23": 40.30829576446442, "Gi\u00e1 T10/23": 39.42188810194889, "Gi\u00e1 T11/23": 43.879084520452366, "Gi\u00e1 T12/23": 44.42768845473446, "Gi\u00e1 T1/24": 45.146383909419036, "Gi\u00e1 T2/24": 45.59972248638398, "Gi\u00e1 T3/24": 45.80936911738878, "Gi\u00e1 T4/24": 48.09526832008218, "Gi\u00e1 T5/24": 50.80765349661605, "Gi\u00e1 T6/24": 51.882566775698756, "Gi\u00e1 T7/24": 53.10707984475667, "Gi\u00e1 T8/24": 57.146703536615114, "Gi\u00e1 T9/24": 56.02259023729936, "Gi\u00e1 T10/24": 57.29225587960481}