{"Gi\u00e1 T10/22": 8.382536670858276, "Gi\u00e1 T11/22": 8.327177638578389, "Gi\u00e1 T12/22": 8.536578031608892, "Gi\u00e1 T1/23": 8.747010605007858, "Gi\u00e1 T2/23": 8.050656050424866, "Gi\u00e1 T3/23": 8.568387427223323, "Gi\u00e1 T4/23": 7.413157165369466, "Gi\u00e1 T5/23": 8.292929115813088, "Gi\u00e1 T6/23": 8.138558076046921, "Gi\u00e1 T7/23": 7.602535281388234, "Gi\u00e1 T8/23": 7.886101848854785, "Gi\u00e1 T9/23": 8.032108613581627, "Gi\u00e1 T10/23": 8.623392428597848, "Gi\u00e1 T11/23": 9.337018479830004, "Gi\u00e1 T12/23": 9.669527074586112, "Gi\u00e1 T1/24": 9.337848951517978, "Gi\u00e1 T2/24": 9.31562162107464, "Gi\u00e1 T3/24": 9.196229728708586, "Gi\u00e1 T4/24": 9.489250502425552, "Gi\u00e1 T5/24": 8.344250371280978, "Gi\u00e1 T6/24": 9.709070464412155, "Gi\u00e1 T7/24": 10.352982706378533, "Gi\u00e1 T8/24": 11.526761790848115, "Gi\u00e1 T9/24": 11.453494917876691, "Gi\u00e1 T10/24": 11.843302085593555}