{"Gi\u00e1 T10/22": 1122.006655000673, "Gi\u00e1 T11/22": 1190.4757729361768, "Gi\u00e1 T12/22": 1066.880676884026, "Gi\u00e1 T1/23": 891.9167448031845, "Gi\u00e1 T2/23": 1115.1819337345923, "Gi\u00e1 T3/23": 1104.1928542584083, "Gi\u00e1 T4/23": 966.3568078764687, "Gi\u00e1 T5/23": 1305.67316731727, "Gi\u00e1 T6/23": 1238.5822956367901, "Gi\u00e1 T7/23": 1020.8019348883719, "Gi\u00e1 T8/23": 1177.475621021864, "Gi\u00e1 T9/23": 938.6986220025769, "Gi\u00e1 T10/23": 942.0522735226814, "Gi\u00e1 T11/23": 1202.1223729400226, "Gi\u00e1 T12/23": 1112.9988754494932, "Gi\u00e1 T1/24": 1484.7160525354304, "Gi\u00e1 T2/24": 1600.0128588735267, "Gi\u00e1 T3/24": 1205.8655054516087, "Gi\u00e1 T4/24": 1101.1665084706651, "Gi\u00e1 T5/24": 1079.5533111551256, "Gi\u00e1 T6/24": 1120.346205026633, "Gi\u00e1 T7/24": 1229.3323796704037, "Gi\u00e1 T8/24": 1828.2844335903699, "Gi\u00e1 T9/24": 1285.2469272926562, "Gi\u00e1 T10/24": 1303.3268946022345}