{"Gi\u00e1 T10/22": 3369.0772439581274, "Gi\u00e1 T11/22": 3097.1686744645035, "Gi\u00e1 T12/22": 2529.7792596892477, "Gi\u00e1 T1/23": 2407.2815897525206, "Gi\u00e1 T2/23": 3840.6719503299087, "Gi\u00e1 T3/23": 3420.367681062673, "Gi\u00e1 T4/23": 3314.7969509103928, "Gi\u00e1 T5/23": 3425.393389446798, "Gi\u00e1 T6/23": 2940.310385634953, "Gi\u00e1 T7/23": 2513.4205194365436, "Gi\u00e1 T8/23": 2552.9451237398657, "Gi\u00e1 T9/23": 2982.9414106731683, "Gi\u00e1 T10/23": 2419.661472204485, "Gi\u00e1 T11/23": 3045.005237514754, "Gi\u00e1 T12/23": 2684.126802112962, "Gi\u00e1 T1/24": 4497.69677328225, "Gi\u00e1 T2/24": 4071.914570248254, "Gi\u00e1 T3/24": 3914.897563224396, "Gi\u00e1 T4/24": 2767.764010855053, "Gi\u00e1 T5/24": 3519.9331448694875, "Gi\u00e1 T6/24": 3612.80071370523, "Gi\u00e1 T7/24": 3496.897325225905, "Gi\u00e1 T8/24": 3817.5493679495366, "Gi\u00e1 T9/24": 3304.1620448520734, "Gi\u00e1 T10/24": 3366.8325238482225}