{"Gi\u00e1 T10/22": 2983.886900848356, "Gi\u00e1 T11/22": 2763.2814600271004, "Gi\u00e1 T12/22": 2241.005307234594, "Gi\u00e1 T1/23": 2143.962651702604, "Gi\u00e1 T2/23": 3432.0583629374337, "Gi\u00e1 T3/23": 3030.279228525981, "Gi\u00e1 T4/23": 2948.9869553434664, "Gi\u00e1 T5/23": 3038.62161953576, "Gi\u00e1 T6/23": 2594.377669818546, "Gi\u00e1 T7/23": 2252.5869310415933, "Gi\u00e1 T8/23": 2261.677172587487, "Gi\u00e1 T9/23": 2652.8928022269356, "Gi\u00e1 T10/23": 2158.4804181395075, "Gi\u00e1 T11/23": 2717.0360763520675, "Gi\u00e1 T12/23": 2375.168714357252, "Gi\u00e1 T1/24": 3953.1416217450214, "Gi\u00e1 T2/24": 3611.379674060328, "Gi\u00e1 T3/24": 3482.4415797690585, "Gi\u00e1 T4/24": 2484.7468236714976, "Gi\u00e1 T5/24": 3148.5751524390244, "Gi\u00e1 T6/24": 3191.5327356545304, "Gi\u00e1 T7/24": 3102.913107252268, "Gi\u00e1 T8/24": 3300.7897646400374, "Gi\u00e1 T9/24": 2935.5493902439025, "Gi\u00e1 T10/24": 3015.2882277306467}