{"Gi\u00e1 T10/22": 7784.014167558889, "Gi\u00e1 T11/22": 8121.761608724036, "Gi\u00e1 T12/22": 7670.158013073319, "Gi\u00e1 T1/23": 8339.52013859621, "Gi\u00e1 T2/23": 8218.544067092625, "Gi\u00e1 T3/23": 8052.117914280081, "Gi\u00e1 T4/23": 7683.571606197131, "Gi\u00e1 T5/23": 5417.073017939544, "Gi\u00e1 T6/23": 8287.638874867574, "Gi\u00e1 T7/23": 8271.824739605285, "Gi\u00e1 T8/23": 8324.020980449857, "Gi\u00e1 T9/23": 9489.130967780044, "Gi\u00e1 T10/23": 9387.398558142211, "Gi\u00e1 T11/23": 9028.545075847805, "Gi\u00e1 T12/23": 9321.59874233778, "Gi\u00e1 T1/24": 9614.52493715187, "Gi\u00e1 T2/24": 9327.486532241051, "Gi\u00e1 T3/24": 9915.790468618894, "Gi\u00e1 T4/24": 11541.552567421337, "Gi\u00e1 T5/24": 11336.729737883092, "Gi\u00e1 T6/24": 11390.885352787074, "Gi\u00e1 T7/24": 11938.952338525482, "Gi\u00e1 T8/24": 11786.720552374976, "Gi\u00e1 T9/24": 11897.735231957446, "Gi\u00e1 T10/24": 12306.932371551684}