{"Gi\u00e1 T10/22": 29520.28559093057, "Gi\u00e1 T11/22": 32941.78808836274, "Gi\u00e1 T12/22": 30962.526134235864, "Gi\u00e1 T1/23": 29056.223380626543, "Gi\u00e1 T2/23": 29893.51383711484, "Gi\u00e1 T3/23": 31075.68233707213, "Gi\u00e1 T4/23": 31017.72366686708, "Gi\u00e1 T5/23": 7862.597877070884, "Gi\u00e1 T6/23": 30752.430739037587, "Gi\u00e1 T7/23": 32352.2298585201, "Gi\u00e1 T8/23": 32539.583299483755, "Gi\u00e1 T9/23": 31202.154148529014, "Gi\u00e1 T10/23": 29235.898162876038, "Gi\u00e1 T11/23": 30281.560189621214, "Gi\u00e1 T12/23": 30136.105645388012, "Gi\u00e1 T1/24": 30916.150345116414, "Gi\u00e1 T2/24": 28402.432017208135, "Gi\u00e1 T3/24": 29893.110040553147, "Gi\u00e1 T4/24": 30528.948699521075, "Gi\u00e1 T5/24": 32888.97323604171, "Gi\u00e1 T6/24": 33549.775365082, "Gi\u00e1 T7/24": 34567.40325677441, "Gi\u00e1 T8/24": 32408.29555254701, "Gi\u00e1 T9/24": 35929.88148873178, "Gi\u00e1 T10/24": 36473.09712138992}