{"Gi\u00e1 T10/22": 88.46609496486964, "Gi\u00e1 T11/22": 89.24897921918584, "Gi\u00e1 T12/22": 88.92470574405444, "Gi\u00e1 T1/23": 90.45421585900056, "Gi\u00e1 T2/23": 90.80284480675702, "Gi\u00e1 T3/23": 91.37857311755312, "Gi\u00e1 T4/23": 79.43833641049305, "Gi\u00e1 T5/23": 78.63455108919997, "Gi\u00e1 T6/23": 81.35390894111973, "Gi\u00e1 T7/23": 80.38203675780636, "Gi\u00e1 T8/23": 84.14875296164524, "Gi\u00e1 T9/23": 85.45404393590745, "Gi\u00e1 T10/23": 86.05424040491361, "Gi\u00e1 T11/23": 83.81226416819915, "Gi\u00e1 T12/23": 87.51395103067853, "Gi\u00e1 T1/24": 84.30084123740008, "Gi\u00e1 T2/24": 80.77755025376791, "Gi\u00e1 T3/24": 85.69455423187637, "Gi\u00e1 T4/24": 90.86516659314503, "Gi\u00e1 T5/24": 99.34586868612102, "Gi\u00e1 T6/24": 102.48906100165031, "Gi\u00e1 T7/24": 104.51182708191452, "Gi\u00e1 T8/24": 102.96977469141126, "Gi\u00e1 T9/24": 107.27603646667787, "Gi\u00e1 T10/24": 110.81924302665129}