{"Gi\u00e1 T10/22": 4286.208221327968, "Gi\u00e1 T11/22": 3809.3260281690145, "Gi\u00e1 T12/22": 4276.422567404426, "Gi\u00e1 T1/23": 3620.8608169014087, "Gi\u00e1 T2/23": 3262.7994124748493, "Gi\u00e1 T3/23": 3334.7600281690143, "Gi\u00e1 T4/23": 3280.573416498994, "Gi\u00e1 T5/23": 3360.5694567404425, "Gi\u00e1 T6/23": 3369.430639839034, "Gi\u00e1 T7/23": 3613.079533199196, "Gi\u00e1 T8/23": 3048.2179195171025, "Gi\u00e1 T9/23": 3169.8312997987928, "Gi\u00e1 T10/23": 3294.7930623742454, "Gi\u00e1 T11/23": 3594.7065472837025, "Gi\u00e1 T12/23": 3951.151070422535, "Gi\u00e1 T1/24": 3727.8723299798794, "Gi\u00e1 T2/24": 3939.2791227364187, "Gi\u00e1 T3/24": 4605.659653923542, "Gi\u00e1 T4/24": 5574.230615694165, "Gi\u00e1 T5/24": 5764.806837022133, "Gi\u00e1 T6/24": 6095.442209255533, "Gi\u00e1 T7/24": 6547.907416498994, "Gi\u00e1 T8/24": 6778.2109255533205, "Gi\u00e1 T9/24": 6861.357106639839, "Gi\u00e1 T10/24": 7446.076221327968}