{"Gi\u00e1 T10/22": 8.955049798796336, "Gi\u00e1 T11/22": 8.536090965308533, "Gi\u00e1 T12/22": 8.660242377294292, "Gi\u00e1 T1/23": 8.934196005747328, "Gi\u00e1 T2/23": 9.256174999549607, "Gi\u00e1 T3/23": 8.27645913951326, "Gi\u00e1 T4/23": 8.223131569907878, "Gi\u00e1 T5/23": 8.1818098054647, "Gi\u00e1 T6/23": 8.702127561364005, "Gi\u00e1 T7/23": 8.175845299644367, "Gi\u00e1 T8/23": 8.722716952619825, "Gi\u00e1 T9/23": 8.49336865438562, "Gi\u00e1 T10/23": 6.851787421985162, "Gi\u00e1 T11/23": 6.851306473203484, "Gi\u00e1 T12/23": 6.885063512121669, "Gi\u00e1 T1/24": 6.322120116207247, "Gi\u00e1 T2/24": 7.325084768215768, "Gi\u00e1 T3/24": 5.848161278947703, "Gi\u00e1 T4/24": 5.349893431715375, "Gi\u00e1 T5/24": 7.008113535623949, "Gi\u00e1 T6/24": 6.859414092852786, "Gi\u00e1 T7/24": 6.753008437100145, "Gi\u00e1 T8/24": 6.345060707040539, "Gi\u00e1 T9/24": 6.121735554911664, "Gi\u00e1 T10/24": 6.299411430774269}