{"Gi\u00e1 T10/22": 8.667491086740363, "Gi\u00e1 T11/22": 8.273198823848139, "Gi\u00e1 T12/22": 8.43579117641348, "Gi\u00e1 T1/23": 8.629794554065578, "Gi\u00e1 T2/23": 8.982452821354746, "Gi\u00e1 T3/23": 8.022317355825296, "Gi\u00e1 T4/23": 7.955442404594094, "Gi\u00e1 T5/23": 7.919083429949647, "Gi\u00e1 T6/23": 8.423508597319634, "Gi\u00e1 T7/23": 7.952593857794131, "Gi\u00e1 T8/23": 8.467328920833895, "Gi\u00e1 T9/23": 8.238377845957666, "Gi\u00e1 T10/23": 6.701363898581329, "Gi\u00e1 T11/23": 6.669685860035908, "Gi\u00e1 T12/23": 6.718419722612562, "Gi\u00e1 T1/24": 6.175964983436866, "Gi\u00e1 T2/24": 7.114158746111544, "Gi\u00e1 T3/24": 5.720819878226923, "Gi\u00e1 T4/24": 5.234466709949809, "Gi\u00e1 T5/24": 6.832616679877004, "Gi\u00e1 T6/24": 6.708709704621355, "Gi\u00e1 T7/24": 6.630757672058902, "Gi\u00e1 T8/24": 6.262132037602421, "Gi\u00e1 T9/24": 5.985655278646878, "Gi\u00e1 T10/24": 6.189518163378329}