{"Gi\u00e1 T10/22": 8.386108582473549, "Gi\u00e1 T11/22": 8.323213531614531, "Gi\u00e1 T12/22": 8.536740118130549, "Gi\u00e1 T1/23": 8.756020086012933, "Gi\u00e1 T2/23": 8.049808621012584, "Gi\u00e1 T3/23": 8.56979192378209, "Gi\u00e1 T4/23": 7.410796113974031, "Gi\u00e1 T5/23": 8.290566429194405, "Gi\u00e1 T6/23": 8.139033030953705, "Gi\u00e1 T7/23": 7.60227757436006, "Gi\u00e1 T8/23": 7.883241595329727, "Gi\u00e1 T9/23": 8.026676396330236, "Gi\u00e1 T10/23": 8.62329634443969, "Gi\u00e1 T11/23": 9.331915751295172, "Gi\u00e1 T12/23": 9.663831620677989, "Gi\u00e1 T1/24": 9.332948506608815, "Gi\u00e1 T2/24": 9.309330126998761, "Gi\u00e1 T3/24": 9.185862432463598, "Gi\u00e1 T4/24": 9.486736040362647, "Gi\u00e1 T5/24": 8.345373391785895, "Gi\u00e1 T6/24": 9.718895062382611, "Gi\u00e1 T7/24": 10.358626633887392, "Gi\u00e1 T8/24": 11.528686907562196, "Gi\u00e1 T9/24": 11.454961135223312, "Gi\u00e1 T10/24": 11.847751705093923}