{"Gi\u00e1 T10/22": 68.38905248649084, "Gi\u00e1 T11/22": 87.09263427204648, "Gi\u00e1 T12/22": 69.58757871280702, "Gi\u00e1 T1/23": 72.7471133447919, "Gi\u00e1 T2/23": 74.47240167411759, "Gi\u00e1 T3/23": 75.75676720780645, "Gi\u00e1 T4/23": 73.86800352280035, "Gi\u00e1 T5/23": 69.93662210252302, "Gi\u00e1 T6/23": 66.75309189676368, "Gi\u00e1 T7/23": 74.42997454729587, "Gi\u00e1 T8/23": 81.31975638046254, "Gi\u00e1 T9/23": 80.47672196217846, "Gi\u00e1 T10/23": 79.81770027868366, "Gi\u00e1 T11/23": 66.48441546708521, "Gi\u00e1 T12/23": 75.7135959462441, "Gi\u00e1 T1/24": 76.07958004615956, "Gi\u00e1 T2/24": 73.80061728136907, "Gi\u00e1 T3/24": 79.28214560108165, "Gi\u00e1 T4/24": 84.76984690586886, "Gi\u00e1 T5/24": 90.78714115996824, "Gi\u00e1 T6/24": 89.39998291076148, "Gi\u00e1 T7/24": 95.91353455644887, "Gi\u00e1 T8/24": 97.64604162199534, "Gi\u00e1 T9/24": 103.76575783947226, "Gi\u00e1 T10/24": 99.74893622379027}