{"Gi\u00e1 T10/22": 8.285964168313882, "Gi\u00e1 T11/22": 8.287887731481732, "Gi\u00e1 T12/22": 8.449058968122339, "Gi\u00e1 T1/23": 8.76850893055645, "Gi\u00e1 T2/23": 8.01995332576928, "Gi\u00e1 T3/23": 8.401123865208843, "Gi\u00e1 T4/23": 7.3551933695550185, "Gi\u00e1 T5/23": 8.129344725976312, "Gi\u00e1 T6/23": 8.05311181209823, "Gi\u00e1 T7/23": 7.501704274448347, "Gi\u00e1 T8/23": 7.869699697786018, "Gi\u00e1 T9/23": 7.932995315821828, "Gi\u00e1 T10/23": 8.489383674761376, "Gi\u00e1 T11/23": 9.093589071350298, "Gi\u00e1 T12/23": 9.359748947199915, "Gi\u00e1 T1/24": 9.001133466844232, "Gi\u00e1 T2/24": 9.112969668017818, "Gi\u00e1 T3/24": 9.045895648585958, "Gi\u00e1 T4/24": 9.181341945983606, "Gi\u00e1 T5/24": 8.187675966383651, "Gi\u00e1 T6/24": 9.47141571644698, "Gi\u00e1 T7/24": 10.277563913690832, "Gi\u00e1 T8/24": 11.466681969518076, "Gi\u00e1 T9/24": 11.419317659808, "Gi\u00e1 T10/24": 11.983499882447704}