{"Gi\u00e1 T10/22": 6.809949144842069, "Gi\u00e1 T11/22": 6.479226261412232, "Gi\u00e1 T12/22": 6.470748349995422, "Gi\u00e1 T1/23": 6.383089124572537, "Gi\u00e1 T2/23": 6.581154310049727, "Gi\u00e1 T3/23": 6.894711802256124, "Gi\u00e1 T4/23": 6.768748812404145, "Gi\u00e1 T5/23": 7.1032841053238505, "Gi\u00e1 T6/23": 6.679297466910165, "Gi\u00e1 T7/23": 6.483591954254473, "Gi\u00e1 T8/23": 6.747216852327404, "Gi\u00e1 T9/23": 6.58748791574653, "Gi\u00e1 T10/23": 6.866223608290149, "Gi\u00e1 T11/23": 7.474923570755357, "Gi\u00e1 T12/23": 7.324807042459512, "Gi\u00e1 T1/24": 7.214159572844204, "Gi\u00e1 T2/24": 6.66720224403854, "Gi\u00e1 T3/24": 6.766250561627181, "Gi\u00e1 T4/24": 7.826002771051298, "Gi\u00e1 T5/24": 7.322799467272516, "Gi\u00e1 T6/24": 8.166748136320576, "Gi\u00e1 T7/24": 8.51595437028416, "Gi\u00e1 T8/24": 8.884254987362729, "Gi\u00e1 T9/24": 8.841785221437329, "Gi\u00e1 T10/24": 8.882068407132946}