{"Gi\u00e1 T10/22": 8.46400138547654, "Gi\u00e1 T11/22": 8.409711890334709, "Gi\u00e1 T12/22": 8.577326966359497, "Gi\u00e1 T1/23": 8.684306553151908, "Gi\u00e1 T2/23": 8.084608098151449, "Gi\u00e1 T3/23": 8.711285168820812, "Gi\u00e1 T4/23": 7.441411345352641, "Gi\u00e1 T5/23": 8.432618354238, "Gi\u00e1 T6/23": 8.243197460116788, "Gi\u00e1 T7/23": 7.62622469980311, "Gi\u00e1 T8/23": 7.944975660285222, "Gi\u00e1 T9/23": 8.08456539000876, "Gi\u00e1 T10/23": 8.681556636270564, "Gi\u00e1 T11/23": 9.380301408671743, "Gi\u00e1 T12/23": 9.712532395539565, "Gi\u00e1 T1/24": 9.400488988045591, "Gi\u00e1 T2/24": 9.376054803037123, "Gi\u00e1 T3/24": 9.2589553760117, "Gi\u00e1 T4/24": 9.57109585203723, "Gi\u00e1 T5/24": 8.421089147220236, "Gi\u00e1 T6/24": 9.786840780800516, "Gi\u00e1 T7/24": 10.453604165752633, "Gi\u00e1 T8/24": 11.640363278180706, "Gi\u00e1 T9/24": 11.574492047399533, "Gi\u00e1 T10/24": 11.985375782579156}