{"Gi\u00e1 T10/22": 8.255764172230382, "Gi\u00e1 T11/22": 8.256183316742428, "Gi\u00e1 T12/22": 8.405708340478258, "Gi\u00e1 T1/23": 8.628982210168894, "Gi\u00e1 T2/23": 7.938330274256379, "Gi\u00e1 T3/23": 8.327920914202608, "Gi\u00e1 T4/23": 7.250617601069306, "Gi\u00e1 T5/23": 8.12846693958593, "Gi\u00e1 T6/23": 7.9923164697975055, "Gi\u00e1 T7/23": 7.487116561212617, "Gi\u00e1 T8/23": 7.731739627227754, "Gi\u00e1 T9/23": 7.909677324084203, "Gi\u00e1 T10/23": 8.476059735264743, "Gi\u00e1 T11/23": 9.208619712697866, "Gi\u00e1 T12/23": 9.48039720818109, "Gi\u00e1 T1/24": 9.123605180914813, "Gi\u00e1 T2/24": 9.107371842323072, "Gi\u00e1 T3/24": 8.991248644779587, "Gi\u00e1 T4/24": 9.178594163649352, "Gi\u00e1 T5/24": 8.128508700763945, "Gi\u00e1 T6/24": 9.462077984351522, "Gi\u00e1 T7/24": 10.13254472358664, "Gi\u00e1 T8/24": 11.297554473021577, "Gi\u00e1 T9/24": 11.218223373177622, "Gi\u00e1 T10/24": 11.610370489633535}