{
    "type_name": "Bán đất",
    "under_50": 0.0,
    "between_50_100": 5.263157894736842,
    "between_100_150": 5.263157894736842,
    "between_150_200": 0.0,
    "between_200_250": 21.052631578947366,
    "between_250_300": 15.789473684210526,
    "over_300": 52.63157894736842
}