{
    "type_name": "Bất động sản khác",
    "under_50": 53.84615384615385,
    "between_50_100": 20.51282051282051,
    "between_100_150": 17.94871794871795,
    "between_150_200": 2.564102564102564,
    "between_200_250": 0.0,
    "between_250_300": 0.0,
    "over_300": 5.128205128205128
}