{
    "type_name": "Bất động sản khác",
    "under_50": 52.77777777777778,
    "between_50_100": 19.444444444444446,
    "between_100_150": 19.444444444444446,
    "between_150_200": 2.7777777777777777,
    "between_200_250": 0.0,
    "between_250_300": 0.0,
    "over_300": 5.555555555555555
}