{
    "type_name": "Bất động sản khác",
    "under_50": 53.48837209302325,
    "between_50_100": 20.930232558139537,
    "between_100_150": 16.27906976744186,
    "between_150_200": 2.3255813953488373,
    "between_200_250": 2.3255813953488373,
    "between_250_300": 0.0,
    "over_300": 4.651162790697675
}