{
    "type_name": "Bất động sản khác",
<<<<<<< HEAD
    "under_50": 52.77777777777778,
    "between_50_100": 19.444444444444446,
    "between_100_150": 19.444444444444446,
    "between_150_200": 2.7777777777777777,
    "between_200_250": 0.0,
    "between_250_300": 0.0,
    "over_300": 5.555555555555555
=======
    "under_50": 53.84615384615385,
    "between_50_100": 20.51282051282051,
    "between_100_150": 17.94871794871795,
    "between_150_200": 2.564102564102564,
    "between_200_250": 0.0,
    "between_250_300": 0.0,
    "over_300": 5.128205128205128
>>>>>>> ngocbao
}