{
    "type_name": "Căn hộ chung cư",
<<<<<<< HEAD
    "under_50": 21.415474880821417,
    "between_50_100": 68.68353502016869,
    "between_100_150": 7.554088742207554,
    "between_150_200": 1.6134946828016135,
    "between_200_250": 0.22002200220022,
    "between_250_300": 0.03667033370003667,
    "over_300": 0.47671433810047675
=======
    "under_50": 20.850546780072904,
    "between_50_100": 72.00486026731471,
    "between_100_150": 5.5893074119076545,
    "between_150_200": 1.069258809234508,
    "between_200_250": 0.14580801944106928,
    "between_250_300": 0.024301336573511544,
    "over_300": 0.3159173754556501
>>>>>>> ngocbao
}