{
    "type_name": "Căn hộ chung cư",
    "under_50": 23.235747303543913,
    "between_50_100": 68.22804314329738,
    "between_100_150": 6.533127889060092,
    "between_150_200": 1.3559322033898304,
    "between_200_250": 0.18489984591679506,
    "between_250_300": 0.030816640986132512,
    "over_300": 0.43143297380585516
}