{
    "type_name": "Chung cư mini, căn hộ dịch vụ",
    "under_50": 65.83333333333333,
    "between_50_100": 8.75,
    "between_100_150": 2.9166666666666665,
    "between_150_200": 1.25,
    "between_200_250": 2.9166666666666665,
    "between_250_300": 0.8333333333333334,
    "over_300": 17.5
}