{
    "type_name": "Chung cư mini, căn hộ dịch vụ",
    "under_50": 63.725490196078425,
    "between_50_100": 8.333333333333332,
    "between_100_150": 3.431372549019608,
    "between_150_200": 1.4705882352941175,
    "between_200_250": 3.431372549019608,
    "between_250_300": 0.9803921568627451,
    "over_300": 18.627450980392158
}