{
    "type_name": "Chung cư mini, căn hộ dịch vụ",
<<<<<<< HEAD
    "under_50": 63.725490196078425,
    "between_50_100": 8.333333333333332,
    "between_100_150": 3.431372549019608,
    "between_150_200": 1.4705882352941175,
    "between_200_250": 3.431372549019608,
    "between_250_300": 0.9803921568627451,
    "over_300": 18.627450980392158
=======
    "under_50": 64.25339366515837,
    "between_50_100": 8.597285067873303,
    "between_100_150": 3.167420814479638,
    "between_150_200": 1.809954751131222,
    "between_200_250": 3.619909502262444,
    "between_250_300": 0.904977375565611,
    "over_300": 17.647058823529413
>>>>>>> ngocbao
}