{
    "type_name": "Condotel",
    "under_50": 66.66666666666666,
    "between_50_100": 33.33333333333333,
    "between_100_150": 0.0,
    "between_150_200": 0.0,
    "between_200_250": 0.0,
    "between_250_300": 0.0,
    "over_300": 0.0
}