{
    "type_name": "Nhà riêng",
    "under_50": 1.3260366238686592,
    "between_50_100": 7.661544937907809,
    "between_100_150": 15.280993475057883,
    "between_150_200": 30.688276152388973,
    "between_200_250": 22.311092401599662,
    "between_250_300": 11.029256998526627,
    "over_300": 11.176594401178699
}