{
    "type_name": "Nhà mặt phố",
    "under_50": 0.6720430107526881,
    "between_50_100": 2.083333333333333,
    "between_100_150": 2.28494623655914,
    "between_150_200": 5.174731182795699,
    "between_200_250": 10.483870967741936,
    "between_250_300": 12.298387096774194,
    "over_300": 66.46505376344086
}