{
    "type_name": "Nhà Biệt thự, liền kề",
    "under_50": 1.8043025676613464,
    "between_50_100": 4.510756419153366,
    "between_100_150": 8.535739070090214,
    "between_150_200": 20.333102012491324,
    "between_200_250": 19.083969465648856,
    "between_250_300": 17.765440666204025,
    "over_300": 26.648160999306036
}