{
    "type_name": "Nhà riêng",
    "under_50": 2.270198085911418,
    "between_50_100": 9.103049187625196,
    "between_100_150": 14.711773870465167,
    "between_150_200": 29.423547740930335,
    "between_200_250": 21.388827064322278,
    "between_250_300": 11.106165145782327,
    "over_300": 11.529045181393279
}