{
    "type_name": "Nhà riêng",
<<<<<<< HEAD
    "under_50": 0.8517887563884157,
    "between_50_100": 6.0598685811633,
    "between_100_150": 14.626429788269652,
    "between_150_200": 30.93210026770504,
    "between_200_250": 22.754928206376245,
    "between_250_300": 11.876368946215624,
    "over_300": 12.387442200048673
=======
    "under_50": 1.3260366238686592,
    "between_50_100": 7.661544937907809,
    "between_100_150": 15.280993475057883,
    "between_150_200": 30.688276152388973,
    "between_200_250": 22.311092401599662,
    "between_250_300": 11.029256998526627,
    "over_300": 11.176594401178699
>>>>>>> ngocbao
}