{
    "type_name": "Nhà Biệt thự, liền kề",
    "under_50": 0.5676442762535477,
    "between_50_100": 1.9867549668874174,
    "between_100_150": 5.298013245033113,
    "between_150_200": 18.732261116367077,
    "between_200_250": 18.92147587511826,
    "between_250_300": 19.5837275307474,
    "over_300": 33.11258278145696
}