{
    "type_name": "Nhà Biệt thự, liền kề",
    "under_50": 0.6467259498787389,
    "between_50_100": 2.021018593371059,
    "between_100_150": 5.254648342764753,
    "between_150_200": 18.108326596604687,
    "between_200_250": 19.078415521422798,
    "between_250_300": 20.6143896523848,
    "over_300": 32.57881972514147
}