{
    "type_name": "Nhà mặt phố",
<<<<<<< HEAD
    "under_50": 0.6720430107526881,
    "between_50_100": 2.083333333333333,
    "between_100_150": 2.28494623655914,
    "between_150_200": 5.174731182795699,
    "between_200_250": 10.483870967741936,
    "between_250_300": 12.298387096774194,
    "over_300": 66.46505376344086
=======
    "under_50": 1.0500308832612724,
    "between_50_100": 3.211859172328598,
    "between_100_150": 3.5824583075972827,
    "between_150_200": 5.558987029030265,
    "between_200_250": 11.241507103150093,
    "between_250_300": 12.415071031500927,
    "over_300": 62.44595429277332
>>>>>>> ngocbao
}