{
    "type_name": "Nhà riêng",
    "under_50": 0.8517887563884157,
    "between_50_100": 6.0598685811633,
    "between_100_150": 14.626429788269652,
    "between_150_200": 30.93210026770504,
    "between_200_250": 22.754928206376245,
    "between_250_300": 11.876368946215624,
    "over_300": 12.387442200048673
}