{
    "type_name": "Nhà mặt phố",
    "under_50": 1.3613861386138615,
    "between_50_100": 3.527227722772277,
    "between_100_150": 3.650990099009901,
    "between_150_200": 5.754950495049505,
    "between_200_250": 10.643564356435643,
    "between_250_300": 12.066831683168317,
    "over_300": 62.37623762376238
}