{
    "type_name": "Nhà mặt phố",
    "under_50": 1.0500308832612724,
    "between_50_100": 3.211859172328598,
    "between_100_150": 3.5824583075972827,
    "between_150_200": 5.558987029030265,
    "between_200_250": 11.241507103150093,
    "between_250_300": 12.415071031500927,
    "over_300": 62.44595429277332
}