{
    "type_name": "Shophouse, nhà phố thương mại",
    "under_50": 6.521739130434782,
    "between_50_100": 11.956521739130435,
    "between_100_150": 7.608695652173914,
    "between_150_200": 5.434782608695652,
    "between_200_250": 10.869565217391305,
    "between_250_300": 9.782608695652174,
    "over_300": 47.82608695652174
}