{
    "type_name": "Shophouse, nhà phố thương mại",
<<<<<<< HEAD
    "under_50": 4.838709677419355,
    "between_50_100": 14.516129032258066,
    "between_100_150": 8.064516129032258,
    "between_150_200": 3.225806451612903,
    "between_200_250": 8.064516129032258,
    "between_250_300": 9.67741935483871,
    "over_300": 51.61290322580645
=======
    "under_50": 5.263157894736842,
    "between_50_100": 10.526315789473683,
    "between_100_150": 6.140350877192982,
    "between_150_200": 4.385964912280701,
    "between_200_250": 13.157894736842104,
    "between_250_300": 11.403508771929824,
    "over_300": 48.24561403508772
>>>>>>> ngocbao
}