{
    "type_name": "Shophouse, nhà phố thương mại",
    "under_50": 4.838709677419355,
    "between_50_100": 14.516129032258066,
    "between_100_150": 8.064516129032258,
    "between_150_200": 3.225806451612903,
    "between_200_250": 8.064516129032258,
    "between_250_300": 9.67741935483871,
    "over_300": 51.61290322580645
}