{
    "type_name": "Shophouse, nhà phố thương mại",
    "under_50": 5.263157894736842,
    "between_50_100": 10.526315789473683,
    "between_100_150": 6.140350877192982,
    "between_150_200": 4.385964912280701,
    "between_200_250": 13.157894736842104,
    "between_250_300": 11.403508771929824,
    "over_300": 48.24561403508772
}