{
    "type_name": "Trang trại, khu nghỉ dưỡng",
    "under_50": 93.33333333333333,
    "between_50_100": 0.0,
    "between_100_150": 4.444444444444445,
    "between_150_200": 2.2222222222222223,
    "between_200_250": 0.0,
    "between_250_300": 0.0,
    "over_300": 0.0
}