{"Gi\u00e1 T10/22": 126.50117376085333, "Gi\u00e1 T11/22": 123.80932237338355, "Gi\u00e1 T12/22": 120.21520621319515, "Gi\u00e1 T1/23": 128.89159645224623, "Gi\u00e1 T2/23": 131.35482747108546, "Gi\u00e1 T3/23": 131.68642035522748, "Gi\u00e1 T4/23": 134.08055486927458, "Gi\u00e1 T5/23": 133.38675975958841, "Gi\u00e1 T6/23": 136.2563674004986, "Gi\u00e1 T7/23": 131.6761112477894, "Gi\u00e1 T8/23": 129.04630126317093, "Gi\u00e1 T9/23": 131.21774672700363, "Gi\u00e1 T10/23": 129.2976462512492, "Gi\u00e1 T11/23": 134.70607663359098, "Gi\u00e1 T12/23": 135.57111298155712, "Gi\u00e1 T1/24": 136.6979247716334, "Gi\u00e1 T2/24": 142.16087257549916, "Gi\u00e1 T3/24": 148.95775510520562, "Gi\u00e1 T4/24": 145.46604216919164, "Gi\u00e1 T5/24": 146.08697758283833, "Gi\u00e1 T6/24": 145.3189917688577, "Gi\u00e1 T7/24": 149.4560972112513, "Gi\u00e1 T8/24": 151.3661084964573, "Gi\u00e1 T9/24": 151.41053301534964, "Gi\u00e1 T10/24": 154.10222840329507}