{"Gi\u00e1 T10/22": 112.09656825051023, "Gi\u00e1 T11/22": 110.0697822792577, "Gi\u00e1 T12/22": 106.83308355752037, "Gi\u00e1 T1/23": 114.06115206356348, "Gi\u00e1 T2/23": 116.5501354479231, "Gi\u00e1 T3/23": 116.46406136893512, "Gi\u00e1 T4/23": 118.20650926938147, "Gi\u00e1 T5/23": 118.2921079793487, "Gi\u00e1 T6/23": 119.479703402629, "Gi\u00e1 T7/23": 115.38218328531356, "Gi\u00e1 T8/23": 113.58188808147895, "Gi\u00e1 T9/23": 115.50060144573226, "Gi\u00e1 T10/23": 114.5496819303478, "Gi\u00e1 T11/23": 119.42879633675629, "Gi\u00e1 T12/23": 119.19961892944329, "Gi\u00e1 T1/24": 119.98764443619224, "Gi\u00e1 T2/24": 125.19083180716176, "Gi\u00e1 T3/24": 130.80628452009313, "Gi\u00e1 T4/24": 128.34195911942928, "Gi\u00e1 T5/24": 129.44727167777089, "Gi\u00e1 T6/24": 128.72185756490322, "Gi\u00e1 T7/24": 132.57316262082682, "Gi\u00e1 T8/24": 133.97097382608564, "Gi\u00e1 T9/24": 134.0777164417143, "Gi\u00e1 T10/24": 137.30656220284277}