{"Gi\u00e1 T10/22": 8.080152600558822, "Gi\u00e1 T11/22": 7.6374634062717295, "Gi\u00e1 T12/22": 8.082804477035033, "Gi\u00e1 T1/23": 8.406965647470951, "Gi\u00e1 T2/23": 8.25914721545078, "Gi\u00e1 T3/23": 9.23754119805034, "Gi\u00e1 T4/23": 8.953228976334444, "Gi\u00e1 T5/23": 8.87936527553011, "Gi\u00e1 T6/23": 8.600316990064638, "Gi\u00e1 T7/23": 8.894843890871163, "Gi\u00e1 T8/23": 9.005736990880951, "Gi\u00e1 T9/23": 7.935379216723106, "Gi\u00e1 T10/23": 8.01653357833653, "Gi\u00e1 T11/23": 8.021788934741812, "Gi\u00e1 T12/23": 8.090575984342056, "Gi\u00e1 T1/24": 8.753370569845979, "Gi\u00e1 T2/24": 8.46771060858953, "Gi\u00e1 T3/24": 9.330592790414494, "Gi\u00e1 T4/24": 9.055794983227985, "Gi\u00e1 T5/24": 10.792235059314455, "Gi\u00e1 T6/24": 9.555742156085035, "Gi\u00e1 T7/24": 9.422402157863136, "Gi\u00e1 T8/24": 9.761090769540901, "Gi\u00e1 T9/24": 10.285380162248124, "Gi\u00e1 T10/24": 11.425387225508121}