{"Gi\u00e1 T10/22": 6.475393992892177, "Gi\u00e1 T11/22": 6.150047121932485, "Gi\u00e1 T12/22": 6.177152453826192, "Gi\u00e1 T1/23": 6.126986468410029, "Gi\u00e1 T2/23": 6.2377920573904815, "Gi\u00e1 T3/23": 6.5366574064846965, "Gi\u00e1 T4/23": 6.396750107695197, "Gi\u00e1 T5/23": 6.662818858347928, "Gi\u00e1 T6/23": 6.288793555055648, "Gi\u00e1 T7/23": 6.12249940832787, "Gi\u00e1 T8/23": 6.411636614749934, "Gi\u00e1 T9/23": 6.323799199722265, "Gi\u00e1 T10/23": 6.508836129539138, "Gi\u00e1 T11/23": 6.9080806386038045, "Gi\u00e1 T12/23": 6.8554584781233725, "Gi\u00e1 T1/24": 6.834945799317064, "Gi\u00e1 T2/24": 6.249864356737029, "Gi\u00e1 T3/24": 6.456004879565621, "Gi\u00e1 T4/24": 6.928384224348345, "Gi\u00e1 T5/24": 6.802020588001921, "Gi\u00e1 T6/24": 7.122348262765547, "Gi\u00e1 T7/24": 7.210520230194889, "Gi\u00e1 T8/24": 7.86615566685051, "Gi\u00e1 T9/24": 7.914664769145956, "Gi\u00e1 T10/24": 8.047450323948445}