{"Gi\u00e1 T10/22": 70.7672842937737, "Gi\u00e1 T11/22": 63.647741722042184, "Gi\u00e1 T12/22": 64.93330404102512, "Gi\u00e1 T1/23": 68.71676785334513, "Gi\u00e1 T2/23": 62.061929172654466, "Gi\u00e1 T3/23": 62.896764831871835, "Gi\u00e1 T4/23": 62.20712939340974, "Gi\u00e1 T5/23": 67.24006402827347, "Gi\u00e1 T6/23": 61.093418329292184, "Gi\u00e1 T7/23": 62.03441404829895, "Gi\u00e1 T8/23": 57.961770522519956, "Gi\u00e1 T9/23": 57.99862158071653, "Gi\u00e1 T10/23": 61.52646328378161, "Gi\u00e1 T11/23": 67.54772873971957, "Gi\u00e1 T12/23": 65.55054518220433, "Gi\u00e1 T1/24": 67.90955653235451, "Gi\u00e1 T2/24": 67.84952604263736, "Gi\u00e1 T3/24": 70.50330264753933, "Gi\u00e1 T4/24": 74.13279319110936, "Gi\u00e1 T5/24": 76.16939069565522, "Gi\u00e1 T6/24": 79.75955230698406, "Gi\u00e1 T7/24": 85.99613455205261, "Gi\u00e1 T8/24": 88.57797694686869, "Gi\u00e1 T9/24": 84.94445414194904, "Gi\u00e1 T10/24": 93.00022226911751}