{"Gi\u00e1 T10/22": 65.99727342022575, "Gi\u00e1 T11/22": 61.18190901219825, "Gi\u00e1 T12/22": 65.10436494329603, "Gi\u00e1 T1/23": 59.533960037566885, "Gi\u00e1 T2/23": 55.31637622092016, "Gi\u00e1 T3/23": 56.81083633751178, "Gi\u00e1 T4/23": 55.16629175553858, "Gi\u00e1 T5/23": 55.90084340123854, "Gi\u00e1 T6/23": 56.50940014012482, "Gi\u00e1 T7/23": 57.702100554892624, "Gi\u00e1 T8/23": 53.249531135576966, "Gi\u00e1 T9/23": 53.814823650988664, "Gi\u00e1 T10/23": 55.22364081815423, "Gi\u00e1 T11/23": 58.68377308253409, "Gi\u00e1 T12/23": 60.11873238373287, "Gi\u00e1 T1/24": 58.53439343824369, "Gi\u00e1 T2/24": 60.154076784168836, "Gi\u00e1 T3/24": 65.84365490467218, "Gi\u00e1 T4/24": 71.83311868018147, "Gi\u00e1 T5/24": 73.50015996651241, "Gi\u00e1 T6/24": 75.99910744914065, "Gi\u00e1 T7/24": 78.32396626529028, "Gi\u00e1 T8/24": 80.00285174347859, "Gi\u00e1 T9/24": 80.91572057315415, "Gi\u00e1 T10/24": 83.33754978373291}