{"Gi\u00e1 T10/22": 7.555874100012084, "Gi\u00e1 T11/22": 7.264306734586056, "Gi\u00e1 T12/22": 7.258834262929197, "Gi\u00e1 T1/23": 7.151537809345136, "Gi\u00e1 T2/23": 7.401039172668987, "Gi\u00e1 T3/23": 7.708953280955897, "Gi\u00e1 T4/23": 7.575547433612895, "Gi\u00e1 T5/23": 7.909621174904332, "Gi\u00e1 T6/23": 7.614019785717483, "Gi\u00e1 T7/23": 7.353282485309761, "Gi\u00e1 T8/23": 7.653301065489139, "Gi\u00e1 T9/23": 7.482993987515894, "Gi\u00e1 T10/23": 7.517090764561352, "Gi\u00e1 T11/23": 8.424275304998906, "Gi\u00e1 T12/23": 8.307303852472069, "Gi\u00e1 T1/24": 8.070826625832227, "Gi\u00e1 T2/24": 7.604468167987563, "Gi\u00e1 T3/24": 7.58293938370667, "Gi\u00e1 T4/24": 9.075090332182075, "Gi\u00e1 T5/24": 8.315905346760612, "Gi\u00e1 T6/24": 9.667723430615728, "Gi\u00e1 T7/24": 10.228181028007235, "Gi\u00e1 T8/24": 10.508854423486001, "Gi\u00e1 T9/24": 10.294150991487577, "Gi\u00e1 T10/24": 10.129708741173124}