{"Gi\u00e1 T10/22": 62.5030783866058, "Gi\u00e1 T11/22": 68.25203957382038, "Gi\u00e1 T12/22": 58.70347792998475, "Gi\u00e1 T1/23": 53.3314916286149, "Gi\u00e1 T2/23": 55.83675418569253, "Gi\u00e1 T3/23": 58.213797564687965, "Gi\u00e1 T4/23": 58.98167427701672, "Gi\u00e1 T5/23": 55.410578386605756, "Gi\u00e1 T6/23": 55.905920852359216, "Gi\u00e1 T7/23": 56.092910958904106, "Gi\u00e1 T8/23": 46.997359208523584, "Gi\u00e1 T9/23": 47.69020547945205, "Gi\u00e1 T10/23": 46.38064687975646, "Gi\u00e1 T11/23": 55.19041856925419, "Gi\u00e1 T12/23": 57.86140030441399, "Gi\u00e1 T1/24": 68.26635464231357, "Gi\u00e1 T2/24": 74.42181126331809, "Gi\u00e1 T3/24": 97.26271689497716, "Gi\u00e1 T4/24": 79.33874429223741, "Gi\u00e1 T5/24": 64.04018264840182, "Gi\u00e1 T6/24": 69.70312785388128, "Gi\u00e1 T7/24": 85.61748477929989, "Gi\u00e1 T8/24": 89.63003044140034, "Gi\u00e1 T9/24": 74.82806697108072, "Gi\u00e1 T10/24": 80.85972602739726}