{"Gi\u00e1 T10/22": 65.50312217194572, "Gi\u00e1 T11/22": 70.87467194570135, "Gi\u00e1 T12/22": 61.92308823529409, "Gi\u00e1 T1/23": 55.70764328808445, "Gi\u00e1 T2/23": 58.255837104072384, "Gi\u00e1 T3/23": 61.08565233785821, "Gi\u00e1 T4/23": 61.91488687782803, "Gi\u00e1 T5/23": 56.85774886877825, "Gi\u00e1 T6/23": 58.17177601809956, "Gi\u00e1 T7/23": 57.91584841628959, "Gi\u00e1 T8/23": 48.15864253393664, "Gi\u00e1 T9/23": 49.558235294117644, "Gi\u00e1 T10/23": 48.99349547511312, "Gi\u00e1 T11/23": 57.7280052790347, "Gi\u00e1 T12/23": 60.077055052790335, "Gi\u00e1 T1/24": 69.48452488687785, "Gi\u00e1 T2/24": 74.85714555052789, "Gi\u00e1 T3/24": 99.44079562594268, "Gi\u00e1 T4/24": 83.22676847662139, "Gi\u00e1 T5/24": 66.49653092006032, "Gi\u00e1 T6/24": 71.59209653092006, "Gi\u00e1 T7/24": 87.75931749622931, "Gi\u00e1 T8/24": 91.72833710407244, "Gi\u00e1 T9/24": 75.39867269984921, "Gi\u00e1 T10/24": 81.94028280542986}