{"Gi\u00e1 T10/22": 26.32754641689113, "Gi\u00e1 T11/22": 31.823621926893043, "Gi\u00e1 T12/22": 26.40996926260335, "Gi\u00e1 T1/23": 28.292931445942912, "Gi\u00e1 T2/23": 28.12459970811189, "Gi\u00e1 T3/23": 28.478002731641737, "Gi\u00e1 T4/23": 25.138308159153624, "Gi\u00e1 T5/23": 25.835016156881284, "Gi\u00e1 T6/23": 24.561870680796282, "Gi\u00e1 T7/23": 26.79854191665672, "Gi\u00e1 T8/23": 30.764807015352982, "Gi\u00e1 T9/23": 30.158522475584867, "Gi\u00e1 T10/23": 29.755251136460153, "Gi\u00e1 T11/23": 25.638267786781707, "Gi\u00e1 T12/23": 27.805328709013892, "Gi\u00e1 T1/24": 26.99066335395282, "Gi\u00e1 T2/24": 27.48478945046388, "Gi\u00e1 T3/24": 29.617722893382467, "Gi\u00e1 T4/24": 30.304012834626747, "Gi\u00e1 T5/24": 32.44239536963447, "Gi\u00e1 T6/24": 32.47713218415357, "Gi\u00e1 T7/24": 35.90169414121096, "Gi\u00e1 T8/24": 35.94516416233665, "Gi\u00e1 T9/24": 37.70151930835854, "Gi\u00e1 T10/24": 36.87177698292632}