{"C\u0103n h\u1ed9 chung c\u01b0": 0.0, "Chung c\u01b0 mini, c\u0103n h\u1ed9 d\u1ecbch v\u1ee5": 1.8181818181818181, "Nh\u00e0 ri\u00eang": 93.33333333333333, "Nh\u00e0 Bi\u1ec7t th\u1ef1, li\u1ec1n k\u1ec1": 1.2121212121212122, "Nh\u00e0 m\u1eb7t ph\u1ed1": 3.0303030303030303, "Shophouse, nh\u00e0 ph\u1ed1 th\u01b0\u01a1ng m\u1ea1i": 0.0, "B\u00e1n \u0111\u1ea5t": 0.0, "B\u1ea5t \u0111\u1ed9ng s\u1ea3n kh\u00e1c": 0.6060606060606061, "Trang tr\u1ea1i, khu ngh\u1ec9 d\u01b0\u1ee1ng": 0.0, "Condotel": 0.0, "Kho, nh\u00e0 x\u01b0\u1edfng": 0.0}