{"C\u0103n h\u1ed9 chung c\u01b0": 47.16981132075472, "Chung c\u01b0 mini, c\u0103n h\u1ed9 d\u1ecbch v\u1ee5": 0.0, "Nh\u00e0 ri\u00eang": 33.9622641509434, "Nh\u00e0 Bi\u1ec7t th\u1ef1, li\u1ec1n k\u1ec1": 0.0, "Nh\u00e0 m\u1eb7t ph\u1ed1": 16.037735849056602, "Shophouse, nh\u00e0 ph\u1ed1 th\u01b0\u01a1ng m\u1ea1i": 1.8867924528301887, "B\u00e1n \u0111\u1ea5t": 0.0, "B\u1ea5t \u0111\u1ed9ng s\u1ea3n kh\u00e1c": 0.0, "Trang tr\u1ea1i, khu ngh\u1ec9 d\u01b0\u1ee1ng": 0.0, "Condotel": 0.9433962264150944, "Kho, nh\u00e0 x\u01b0\u1edfng": 0.0}