{"Gi\u00e1 T10/22": 8.414806318735113, "Gi\u00e1 T11/22": 8.374889304503064, "Gi\u00e1 T12/22": 8.531547246329778, "Gi\u00e1 T1/23": 8.658366746813682, "Gi\u00e1 T2/23": 8.048594585552078, "Gi\u00e1 T3/23": 8.652925531048453, "Gi\u00e1 T4/23": 7.412108007484197, "Gi\u00e1 T5/23": 8.380920070726836, "Gi\u00e1 T6/23": 8.191665129782677, "Gi\u00e1 T7/23": 7.593115365093865, "Gi\u00e1 T8/23": 7.909744963943536, "Gi\u00e1 T9/23": 8.04757996042054, "Gi\u00e1 T10/23": 8.638547073399263, "Gi\u00e1 T11/23": 9.32197531421912, "Gi\u00e1 T12/23": 9.65103111748155, "Gi\u00e1 T1/24": 9.330031830597404, "Gi\u00e1 T2/24": 9.308878383481069, "Gi\u00e1 T3/24": 9.207472460453046, "Gi\u00e1 T4/24": 9.508156635248408, "Gi\u00e1 T5/24": 8.369728743729262, "Gi\u00e1 T6/24": 9.715462664994128, "Gi\u00e1 T7/24": 10.371793417222802, "Gi\u00e1 T8/24": 11.530799138219077, "Gi\u00e1 T9/24": 11.47162517087819, "Gi\u00e1 T10/24": 11.876132248380802}