{"Gi\u00e1 T10/22": 109.45348241641665, "Gi\u00e1 T11/22": 110.20722918646452, "Gi\u00e1 T12/22": 107.60352716430707, "Gi\u00e1 T1/23": 110.63243066038217, "Gi\u00e1 T2/23": 110.49692212364471, "Gi\u00e1 T3/23": 111.13645790220654, "Gi\u00e1 T4/23": 110.84045305290762, "Gi\u00e1 T5/23": 89.74568275302286, "Gi\u00e1 T6/23": 112.51473251454684, "Gi\u00e1 T7/23": 112.62497264212384, "Gi\u00e1 T8/23": 112.80594364256868, "Gi\u00e1 T9/23": 115.67571087248417, "Gi\u00e1 T10/23": 113.99371652834171, "Gi\u00e1 T11/23": 115.26232828729202, "Gi\u00e1 T12/23": 115.7527243692959, "Gi\u00e1 T1/24": 118.48698656344246, "Gi\u00e1 T2/24": 115.28695131558165, "Gi\u00e1 T3/24": 119.34949755723657, "Gi\u00e1 T4/24": 121.73551281126262, "Gi\u00e1 T5/24": 123.70044993921229, "Gi\u00e1 T6/24": 124.87312966980413, "Gi\u00e1 T7/24": 127.04019600096049, "Gi\u00e1 T8/24": 126.26843648587165, "Gi\u00e1 T9/24": 128.31907675794926, "Gi\u00e1 T10/24": 131.13644020003647}