{"Gi\u00e1 T10/22": 109.56459150107521, "Gi\u00e1 T11/22": 110.3190407300824, "Gi\u00e1 T12/22": 107.71785483613107, "Gi\u00e1 T1/23": 110.74710101071081, "Gi\u00e1 T2/23": 110.60981232930165, "Gi\u00e1 T3/23": 111.25438846948457, "Gi\u00e1 T4/23": 110.9574449158146, "Gi\u00e1 T5/23": 89.8306147180024, "Gi\u00e1 T6/23": 112.63084129574055, "Gi\u00e1 T7/23": 112.73998176931372, "Gi\u00e1 T8/23": 112.91868379633415, "Gi\u00e1 T9/23": 115.78848972348942, "Gi\u00e1 T10/23": 114.10752108887613, "Gi\u00e1 T11/23": 115.3797911312336, "Gi\u00e1 T12/23": 115.87554144514856, "Gi\u00e1 T1/24": 118.60998822913227, "Gi\u00e1 T2/24": 115.40254617048909, "Gi\u00e1 T3/24": 119.4689880282808, "Gi\u00e1 T4/24": 121.85759303252712, "Gi\u00e1 T5/24": 123.82291470920015, "Gi\u00e1 T6/24": 125.00305374686384, "Gi\u00e1 T7/24": 127.16833998796555, "Gi\u00e1 T8/24": 126.3931236597169, "Gi\u00e1 T9/24": 128.4459184510074, "Gi\u00e1 T10/24": 131.2662311209233}