{"Gi\u00e1 T10/22": 109.43972529686187, "Gi\u00e1 T11/22": 110.19577985357525, "Gi\u00e1 T12/22": 107.59020669037054, "Gi\u00e1 T1/23": 110.61824919017977, "Gi\u00e1 T2/23": 110.48375054116684, "Gi\u00e1 T3/23": 111.12272298562776, "Gi\u00e1 T4/23": 110.82673266386182, "Gi\u00e1 T5/23": 89.73863917738622, "Gi\u00e1 T6/23": 112.49947645256668, "Gi\u00e1 T7/23": 112.61158551815501, "Gi\u00e1 T8/23": 112.79274410619486, "Gi\u00e1 T9/23": 115.66172359610385, "Gi\u00e1 T10/23": 113.98111681695313, "Gi\u00e1 T11/23": 115.2464817824528, "Gi\u00e1 T12/23": 115.73802894476606, "Gi\u00e1 T1/24": 118.47198575874901, "Gi\u00e1 T2/24": 115.27136277961083, "Gi\u00e1 T3/24": 119.33517462333997, "Gi\u00e1 T4/24": 121.72446948516202, "Gi\u00e1 T5/24": 123.69101544595532, "Gi\u00e1 T6/24": 124.86520656532066, "Gi\u00e1 T7/24": 127.03149193564474, "Gi\u00e1 T8/24": 126.25961777562563, "Gi\u00e1 T9/24": 128.31244609760142, "Gi\u00e1 T10/24": 131.1277698987903}