{"Gi\u00e1 T10/22": 109.60155557583177, "Gi\u00e1 T11/22": 110.35754545566931, "Gi\u00e1 T12/22": 107.75700244504893, "Gi\u00e1 T1/23": 110.78461812025833, "Gi\u00e1 T2/23": 110.64833905962388, "Gi\u00e1 T3/23": 111.29399423491965, "Gi\u00e1 T4/23": 110.99535372959454, "Gi\u00e1 T5/23": 89.86629006918837, "Gi\u00e1 T6/23": 112.66616279460595, "Gi\u00e1 T7/23": 112.77647763805764, "Gi\u00e1 T8/23": 112.95650854741179, "Gi\u00e1 T9/23": 115.82742006324655, "Gi\u00e1 T10/23": 114.1454979732534, "Gi\u00e1 T11/23": 115.41493473041348, "Gi\u00e1 T12/23": 115.91139780648163, "Gi\u00e1 T1/24": 118.64957454734675, "Gi\u00e1 T2/24": 115.43511136398224, "Gi\u00e1 T3/24": 119.50667941860416, "Gi\u00e1 T4/24": 121.89360284290987, "Gi\u00e1 T5/24": 123.86235494988362, "Gi\u00e1 T6/24": 125.04567759627986, "Gi\u00e1 T7/24": 127.2117573664459, "Gi\u00e1 T8/24": 126.43618238320346, "Gi\u00e1 T9/24": 128.4929240651693, "Gi\u00e1 T10/24": 131.31444681372085}