{"Gi\u00e1 T10/22": 5.887398545238363, "Gi\u00e1 T11/22": 6.069967081298959, "Gi\u00e1 T12/22": 6.0588560671223455, "Gi\u00e1 T1/23": 6.385484551344995, "Gi\u00e1 T2/23": 6.601695265821888, "Gi\u00e1 T3/23": 6.681346190380787, "Gi\u00e1 T4/23": 7.024594327736485, "Gi\u00e1 T5/23": 7.258608883665061, "Gi\u00e1 T6/23": 7.349790119161946, "Gi\u00e1 T7/23": 6.41168296266211, "Gi\u00e1 T8/23": 7.081248922925138, "Gi\u00e1 T9/23": 6.936915081928203, "Gi\u00e1 T10/23": 6.74582522651974, "Gi\u00e1 T11/23": 7.030544655456926, "Gi\u00e1 T12/23": 6.9496624223282195, "Gi\u00e1 T1/24": 6.886472025904321, "Gi\u00e1 T2/24": 7.312322903806964, "Gi\u00e1 T3/24": 7.840993123892937, "Gi\u00e1 T4/24": 8.502718908499359, "Gi\u00e1 T5/24": 8.418940550487273, "Gi\u00e1 T6/24": 8.694837132905858, "Gi\u00e1 T7/24": 7.950856082221046, "Gi\u00e1 T8/24": 8.859907582282153, "Gi\u00e1 T9/24": 9.157788924959517, "Gi\u00e1 T10/24": 9.050668291452249}