{"Gi\u00e1 T10/22": 48.28606535164009, "Gi\u00e1 T11/22": 49.51025867722481, "Gi\u00e1 T12/22": 54.94310693799542, "Gi\u00e1 T1/23": 44.53082399545607, "Gi\u00e1 T2/23": 44.746554137082526, "Gi\u00e1 T3/23": 44.89502040474932, "Gi\u00e1 T4/23": 45.02656358830228, "Gi\u00e1 T5/23": 43.482015986907896, "Gi\u00e1 T6/23": 47.61544617333449, "Gi\u00e1 T7/23": 51.33131702131612, "Gi\u00e1 T8/23": 43.41809818497351, "Gi\u00e1 T9/23": 47.039358520285965, "Gi\u00e1 T10/23": 44.30484494628421, "Gi\u00e1 T11/23": 44.58749824782728, "Gi\u00e1 T12/23": 47.696233753680325, "Gi\u00e1 T1/24": 46.93849889559133, "Gi\u00e1 T2/24": 49.71176204596138, "Gi\u00e1 T3/24": 53.210276934334516, "Gi\u00e1 T4/24": 62.470471596015436, "Gi\u00e1 T5/24": 61.960077872772246, "Gi\u00e1 T6/24": 61.97439419400795, "Gi\u00e1 T7/24": 64.49464955659943, "Gi\u00e1 T8/24": 61.994193276467435, "Gi\u00e1 T9/24": 56.22876106965697, "Gi\u00e1 T10/24": 63.76266260796473}