{"Gi\u00e1 T10/22": 6.756471303691887, "Gi\u00e1 T11/22": 6.418707887517053, "Gi\u00e1 T12/22": 6.363005602583378, "Gi\u00e1 T1/23": 6.3083736501140075, "Gi\u00e1 T2/23": 6.5017559051956315, "Gi\u00e1 T3/23": 6.81602819085334, "Gi\u00e1 T4/23": 6.640617029114327, "Gi\u00e1 T5/23": 7.014806472760015, "Gi\u00e1 T6/23": 6.5909934400940795, "Gi\u00e1 T7/23": 6.402756752356811, "Gi\u00e1 T8/23": 6.682915620747418, "Gi\u00e1 T9/23": 6.533590169081042, "Gi\u00e1 T10/23": 6.654417602753887, "Gi\u00e1 T11/23": 7.252102765913014, "Gi\u00e1 T12/23": 7.167217900818346, "Gi\u00e1 T1/24": 7.018696814589185, "Gi\u00e1 T2/24": 6.490599861889823, "Gi\u00e1 T3/24": 6.547202661180358, "Gi\u00e1 T4/24": 7.587034928414073, "Gi\u00e1 T5/24": 7.083192249107103, "Gi\u00e1 T6/24": 7.907787332592629, "Gi\u00e1 T7/24": 8.259053407266453, "Gi\u00e1 T8/24": 8.70779324421978, "Gi\u00e1 T9/24": 8.619283309888324, "Gi\u00e1 T10/24": 8.662809340603186}