{"Gi\u00e1 T10/22": 51.24614831708532, "Gi\u00e1 T11/22": 49.01533477668223, "Gi\u00e1 T12/22": 48.45216264762796, "Gi\u00e1 T1/23": 46.270271528177766, "Gi\u00e1 T2/23": 48.07234718188084, "Gi\u00e1 T3/23": 47.60709387150206, "Gi\u00e1 T4/23": 46.07693752017286, "Gi\u00e1 T5/23": 50.58616205455397, "Gi\u00e1 T6/23": 48.916985768004686, "Gi\u00e1 T7/23": 46.60411287986275, "Gi\u00e1 T8/23": 48.11844509824334, "Gi\u00e1 T9/23": 45.912526967621204, "Gi\u00e1 T10/23": 44.863365637478886, "Gi\u00e1 T11/23": 49.79226775098821, "Gi\u00e1 T12/23": 50.34471075164999, "Gi\u00e1 T1/24": 51.21852422411287, "Gi\u00e1 T2/24": 51.6694482671764, "Gi\u00e1 T3/24": 52.05266604767737, "Gi\u00e1 T4/24": 54.795901441941716, "Gi\u00e1 T5/24": 57.80701916946964, "Gi\u00e1 T6/24": 58.98822846481357, "Gi\u00e1 T7/24": 60.33111988631972, "Gi\u00e1 T8/24": 64.80872021114877, "Gi\u00e1 T9/24": 63.462528377727565, "Gi\u00e1 T10/24": 64.77036772576407}