{"Gi\u00e1 T10/22": 2037.7447598782103, "Gi\u00e1 T11/22": 1858.8549230894978, "Gi\u00e1 T12/22": 1810.9064007474954, "Gi\u00e1 T1/23": 1660.1409052127608, "Gi\u00e1 T2/23": 1787.7826000653893, "Gi\u00e1 T3/23": 1764.2867800039412, "Gi\u00e1 T4/23": 1640.5345649613264, "Gi\u00e1 T5/23": 1966.7150008712524, "Gi\u00e1 T6/23": 1853.0783298474107, "Gi\u00e1 T7/23": 1676.5104003399335, "Gi\u00e1 T8/23": 1793.061236468723, "Gi\u00e1 T9/23": 1624.7587074355404, "Gi\u00e1 T10/23": 1554.0852615225795, "Gi\u00e1 T11/23": 1925.3740583530023, "Gi\u00e1 T12/23": 1973.8195014309451, "Gi\u00e1 T1/24": 2038.1959800966504, "Gi\u00e1 T2/24": 2079.3346908352332, "Gi\u00e1 T3/24": 2098.4982989331734, "Gi\u00e1 T4/24": 2313.1548347807, "Gi\u00e1 T5/24": 2581.417653832201, "Gi\u00e1 T6/24": 2691.800735234841, "Gi\u00e1 T7/24": 2820.3619296373595, "Gi\u00e1 T8/24": 3265.7457251017786, "Gi\u00e1 T9/24": 3138.5306168963493, "Gi\u00e1 T10/24": 3282.402583774112}