{"Gi\u00e1 T10/22": 70.26692103828375, "Gi\u00e1 T11/22": 69.34188742443996, "Gi\u00e1 T12/22": 72.87316448974755, "Gi\u00e1 T1/23": 76.51019452411994, "Gi\u00e1 T2/23": 64.8130628422425, "Gi\u00e1 T3/23": 73.4172631029987, "Gi\u00e1 T4/23": 54.954899158468656, "Gi\u00e1 T5/23": 68.77267331990045, "Gi\u00e1 T6/23": 66.23612755718857, "Gi\u00e1 T7/23": 57.798542704752876, "Gi\u00e1 T8/23": 62.19060237051085, "Gi\u00e1 T9/23": 64.51476878037217, "Gi\u00e1 T10/23": 74.36289697759868, "Gi\u00e1 T11/23": 87.17991409268699, "Gi\u00e1 T12/23": 93.49975384615384, "Gi\u00e1 T1/24": 87.19542304136542, "Gi\u00e1 T2/24": 86.7808061870333, "Gi\u00e1 T3/24": 84.57064122318359, "Gi\u00e1 T4/24": 90.0458750977836, "Gi\u00e1 T5/24": 69.62651425862273, "Gi\u00e1 T6/24": 94.26604928292048, "Gi\u00e1 T7/24": 107.18425091857297, "Gi\u00e1 T8/24": 132.86623738295603, "Gi\u00e1 T9/24": 131.1825458338272, "Gi\u00e1 T10/24": 140.26380429062465}