{"Gi\u00e1 T10/22": 4296.06897073736, "Gi\u00e1 T11/22": 3672.5287824134434, "Gi\u00e1 T12/22": 3974.998688251485, "Gi\u00e1 T1/23": 3681.2308677386645, "Gi\u00e1 T2/23": 3168.5943908445606, "Gi\u00e1 T3/23": 3289.444326379835, "Gi\u00e1 T4/23": 3148.831954222802, "Gi\u00e1 T5/23": 3363.2168883094305, "Gi\u00e1 T6/23": 3179.6729885557, "Gi\u00e1 T7/23": 3309.003312327974, "Gi\u00e1 T8/23": 3044.8136237867593, "Gi\u00e1 T9/23": 2978.465667825583, "Gi\u00e1 T10/23": 3150.6676111835436, "Gi\u00e1 T11/23": 3643.2019332174423, "Gi\u00e1 T12/23": 4212.035065913371, "Gi\u00e1 T1/24": 3706.452192524989, "Gi\u00e1 T2/24": 3872.881773866435, "Gi\u00e1 T3/24": 4420.651694190931, "Gi\u00e1 T4/24": 5204.85394176445, "Gi\u00e1 T5/24": 5441.283074750108, "Gi\u00e1 T6/24": 5901.521275532377, "Gi\u00e1 T7/24": 6446.844325655512, "Gi\u00e1 T8/24": 6761.309509633493, "Gi\u00e1 T9/24": 6902.772296827466, "Gi\u00e1 T10/24": 7594.689694335796}