{"Gi\u00e1 T10/22": 5.249744840416883, "Gi\u00e1 T11/22": 5.038612477481806, "Gi\u00e1 T12/22": 5.1938151357167595, "Gi\u00e1 T1/23": 5.426661342432283, "Gi\u00e1 T2/23": 5.125556663744447, "Gi\u00e1 T3/23": 5.0650118484613325, "Gi\u00e1 T4/23": 4.681798548860434, "Gi\u00e1 T5/23": 4.828694411557631, "Gi\u00e1 T6/23": 4.649808232355206, "Gi\u00e1 T7/23": 5.4591882453601945, "Gi\u00e1 T8/23": 5.081876463965642, "Gi\u00e1 T9/23": 5.234385539544809, "Gi\u00e1 T10/23": 5.003797692545079, "Gi\u00e1 T11/23": 5.255988535623125, "Gi\u00e1 T12/23": 5.058889285624639, "Gi\u00e1 T1/24": 5.648482480340065, "Gi\u00e1 T2/24": 6.234070609452251, "Gi\u00e1 T3/24": 5.919525102771793, "Gi\u00e1 T4/24": 6.17324310813447, "Gi\u00e1 T5/24": 5.835902081467658, "Gi\u00e1 T6/24": 6.171456975874235, "Gi\u00e1 T7/24": 6.46579709004124, "Gi\u00e1 T8/24": 6.382132537746136, "Gi\u00e1 T9/24": 6.701786825606847, "Gi\u00e1 T10/24": 7.055111991309698}