{"Gi\u00e1 T10/22": 8.401896420324674, "Gi\u00e1 T11/22": 8.370944267842706, "Gi\u00e1 T12/22": 8.52738116191883, "Gi\u00e1 T1/23": 8.67972970792642, "Gi\u00e1 T2/23": 8.046214283190636, "Gi\u00e1 T3/23": 8.614079431796442, "Gi\u00e1 T4/23": 7.402006788948789, "Gi\u00e1 T5/23": 8.345729347866392, "Gi\u00e1 T6/23": 8.169316982012218, "Gi\u00e1 T7/23": 7.592228109671407, "Gi\u00e1 T8/23": 7.904922290891519, "Gi\u00e1 T9/23": 8.038140187058707, "Gi\u00e1 T10/23": 8.629339476774566, "Gi\u00e1 T11/23": 9.323046108103, "Gi\u00e1 T12/23": 9.641665113328427, "Gi\u00e1 T1/24": 9.323616263797938, "Gi\u00e1 T2/24": 9.295632727815985, "Gi\u00e1 T3/24": 9.175277160337375, "Gi\u00e1 T4/24": 9.492168289940304, "Gi\u00e1 T5/24": 8.346786422050116, "Gi\u00e1 T6/24": 9.698496419685911, "Gi\u00e1 T7/24": 10.324648514240888, "Gi\u00e1 T8/24": 11.47988337710546, "Gi\u00e1 T9/24": 11.413394751787736, "Gi\u00e1 T10/24": 11.791080874874655}