{"Gi\u00e1 T10/22": 120.16151838820474, "Gi\u00e1 T11/22": 113.31698584233895, "Gi\u00e1 T12/22": 134.88272028147776, "Gi\u00e1 T1/23": 117.23558683086203, "Gi\u00e1 T2/23": 114.40085817207004, "Gi\u00e1 T3/23": 130.4239055876686, "Gi\u00e1 T4/23": 124.11032194018597, "Gi\u00e1 T5/23": 119.84389143000753, "Gi\u00e1 T6/23": 123.45746410320851, "Gi\u00e1 T7/23": 138.5546503309039, "Gi\u00e1 T8/23": 121.8670848621932, "Gi\u00e1 T9/23": 113.22226832537487, "Gi\u00e1 T10/23": 106.28148144424898, "Gi\u00e1 T11/23": 110.65782432772053, "Gi\u00e1 T12/23": 118.95340914802713, "Gi\u00e1 T1/24": 129.4544961045489, "Gi\u00e1 T2/24": 130.10831239004773, "Gi\u00e1 T3/24": 154.0967872162185, "Gi\u00e1 T4/24": 174.5686675043981, "Gi\u00e1 T5/24": 207.47196448018764, "Gi\u00e1 T6/24": 179.53831414928374, "Gi\u00e1 T7/24": 182.89859026556084, "Gi\u00e1 T8/24": 185.05361280053617, "Gi\u00e1 T9/24": 176.76102203233646, "Gi\u00e1 T10/24": 219.9801187065427}