{"Gi\u00e1 T10/22": 8.495409132404928, "Gi\u00e1 T11/22": 8.428703218050801, "Gi\u00e1 T12/22": 8.606009334077369, "Gi\u00e1 T1/23": 8.703313692181617, "Gi\u00e1 T2/23": 8.109427838852586, "Gi\u00e1 T3/23": 8.77385559577562, "Gi\u00e1 T4/23": 7.474360745195981, "Gi\u00e1 T5/23": 8.474546319027146, "Gi\u00e1 T6/23": 8.275020419759063, "Gi\u00e1 T7/23": 7.647001986366195, "Gi\u00e1 T8/23": 7.998690762019486, "Gi\u00e1 T9/23": 8.114529037257627, "Gi\u00e1 T10/23": 8.724542314507724, "Gi\u00e1 T11/23": 9.396431162358242, "Gi\u00e1 T12/23": 9.7557333753339, "Gi\u00e1 T1/24": 9.444707565442817, "Gi\u00e1 T2/24": 9.405118509334562, "Gi\u00e1 T3/24": 9.30874145991871, "Gi\u00e1 T4/24": 9.652105055028683, "Gi\u00e1 T5/24": 8.47994215144421, "Gi\u00e1 T6/24": 9.848276387224429, "Gi\u00e1 T7/24": 10.488410780290208, "Gi\u00e1 T8/24": 11.663810515626654, "Gi\u00e1 T9/24": 11.605039012310163, "Gi\u00e1 T10/24": 12.002184273792132}