{"Gi\u00e1 T10/22": 8.001673869150723, "Gi\u00e1 T11/22": 8.345919616523563, "Gi\u00e1 T12/22": 7.758124189884692, "Gi\u00e1 T1/23": 7.370640545591263, "Gi\u00e1 T2/23": 7.5609970279281296, "Gi\u00e1 T3/23": 7.723699450340825, "Gi\u00e1 T4/23": 7.761987548574484, "Gi\u00e1 T5/23": 7.509028770651422, "Gi\u00e1 T6/23": 7.545618206929668, "Gi\u00e1 T7/23": 7.55668797815519, "Gi\u00e1 T8/23": 6.909445900789412, "Gi\u00e1 T9/23": 6.95789116737118, "Gi\u00e1 T10/23": 6.866979865621356, "Gi\u00e1 T11/23": 7.476680312207129, "Gi\u00e1 T12/23": 7.649745067489864, "Gi\u00e1 T1/24": 8.28327737701858, "Gi\u00e1 T2/24": 8.643144781285429, "Gi\u00e1 T3/24": 9.919784511192313, "Gi\u00e1 T4/24": 9.01540108594413, "Gi\u00e1 T5/24": 8.082643550260235, "Gi\u00e1 T6/24": 8.408855158130775, "Gi\u00e1 T7/24": 9.33269452638071, "Gi\u00e1 T8/24": 9.547649852515406, "Gi\u00e1 T9/24": 8.693509686196016, "Gi\u00e1 T10/24": 8.991480877487385}