{"Gi\u00e1 T10/22": 47.34583899233298, "Gi\u00e1 T11/22": 42.63975648046733, "Gi\u00e1 T12/22": 42.650612632347574, "Gi\u00e1 T1/23": 41.9780332238043, "Gi\u00e1 T2/23": 44.604672143117924, "Gi\u00e1 T3/23": 48.74515699160277, "Gi\u00e1 T4/23": 46.7424563709383, "Gi\u00e1 T5/23": 52.895097614803504, "Gi\u00e1 T6/23": 46.218440671778026, "Gi\u00e1 T7/23": 43.589459291712295, "Gi\u00e1 T8/23": 47.17254180357795, "Gi\u00e1 T9/23": 44.34188572471705, "Gi\u00e1 T10/23": 46.69901715954728, "Gi\u00e1 T11/23": 56.587362175976644, "Gi\u00e1 T12/23": 55.320174151150056, "Gi\u00e1 T1/24": 53.23014238773274, "Gi\u00e1 T2/24": 44.661451989777305, "Gi\u00e1 T3/24": 45.724366557137635, "Gi\u00e1 T4/24": 63.61818035779483, "Gi\u00e1 T5/24": 54.569539612997445, "Gi\u00e1 T6/24": 70.23316684921504, "Gi\u00e1 T7/24": 77.38668309602045, "Gi\u00e1 T8/24": 83.73314384811977, "Gi\u00e1 T9/24": 83.03525958378972, "Gi\u00e1 T10/24": 82.25550492880615}