{"Gi\u00e1 T10/22": 72.89266205416605, "Gi\u00e1 T11/22": 72.99840276750037, "Gi\u00e1 T12/22": 76.69790809530858, "Gi\u00e1 T1/23": 82.7444690691135, "Gi\u00e1 T2/23": 68.08329917122984, "Gi\u00e1 T3/23": 77.32944908983278, "Gi\u00e1 T4/23": 60.18243451235756, "Gi\u00e1 T5/23": 71.94852412313158, "Gi\u00e1 T6/23": 69.28073960337429, "Gi\u00e1 T7/23": 60.84830213112328, "Gi\u00e1 T8/23": 69.53528488974398, "Gi\u00e1 T9/23": 69.66435585318929, "Gi\u00e1 T10/23": 78.91133491194317, "Gi\u00e1 T11/23": 89.77751220956046, "Gi\u00e1 T12/23": 94.41760470623056, "Gi\u00e1 T1/24": 87.31872095604558, "Gi\u00e1 T2/24": 91.04216886192098, "Gi\u00e1 T3/24": 89.73093495634156, "Gi\u00e1 T4/24": 93.44007658724287, "Gi\u00e1 T5/24": 74.36489085392925, "Gi\u00e1 T6/24": 95.37049578215185, "Gi\u00e1 T7/24": 114.62255993784225, "Gi\u00e1 T8/24": 140.63171821814416, "Gi\u00e1 T9/24": 140.6226553944058, "Gi\u00e1 T10/24": 156.14599674411724}