{"Gi\u00e1 T10/22": 71.75556293657671, "Gi\u00e1 T11/22": 71.02934894579764, "Gi\u00e1 T12/22": 73.76254067584482, "Gi\u00e1 T1/23": 76.39939817934811, "Gi\u00e1 T2/23": 65.59669223281239, "Gi\u00e1 T3/23": 75.5433341891039, "Gi\u00e1 T4/23": 55.54485700608667, "Gi\u00e1 T5/23": 70.9098900067392, "Gi\u00e1 T6/23": 67.89621182460982, "Gi\u00e1 T7/23": 58.39755388680295, "Gi\u00e1 T8/23": 63.37721575045731, "Gi\u00e1 T9/23": 65.33256046553919, "Gi\u00e1 T10/23": 75.35467560946911, "Gi\u00e1 T11/23": 87.87957925505172, "Gi\u00e1 T12/23": 93.96358332531048, "Gi\u00e1 T1/24": 88.33017690382209, "Gi\u00e1 T2/24": 88.21502612774515, "Gi\u00e1 T3/24": 85.66109974540824, "Gi\u00e1 T4/24": 91.75620251810491, "Gi\u00e1 T5/24": 71.2106096295583, "Gi\u00e1 T6/24": 95.86313522244687, "Gi\u00e1 T7/24": 109.50081990843256, "Gi\u00e1 T8/24": 135.85718972968348, "Gi\u00e1 T9/24": 133.95881227068023, "Gi\u00e1 T10/24": 143.977986799739}