{"Gi\u00e1 T10/22": 64.6059426407983, "Gi\u00e1 T11/22": 63.07819446384034, "Gi\u00e1 T12/22": 67.52759100658159, "Gi\u00e1 T1/23": 53.36735269023937, "Gi\u00e1 T2/23": 48.062296856959556, "Gi\u00e1 T3/23": 54.6076242052362, "Gi\u00e1 T4/23": 50.961106090273354, "Gi\u00e1 T5/23": 55.68440070759887, "Gi\u00e1 T6/23": 51.600319361117066, "Gi\u00e1 T7/23": 49.31858326094999, "Gi\u00e1 T8/23": 59.15730484975674, "Gi\u00e1 T9/23": 54.47430116797525, "Gi\u00e1 T10/23": 58.215369198751475, "Gi\u00e1 T11/23": 52.108584591458815, "Gi\u00e1 T12/23": 45.01710027728953, "Gi\u00e1 T1/24": 59.99389047943049, "Gi\u00e1 T2/24": 52.46106657604333, "Gi\u00e1 T3/24": 57.87899636942693, "Gi\u00e1 T4/24": 61.27815647930733, "Gi\u00e1 T5/24": 63.01492261136644, "Gi\u00e1 T6/24": 63.015275849977165, "Gi\u00e1 T7/24": 58.088443655047634, "Gi\u00e1 T8/24": 57.05606202219845, "Gi\u00e1 T9/24": 67.34816533840652, "Gi\u00e1 T10/24": 70.19819903857454}