{"Gi\u00e1 T10/22": 7.361405974911392, "Gi\u00e1 T11/22": 7.038065527147457, "Gi\u00e1 T12/22": 7.522407911709883, "Gi\u00e1 T1/23": 7.719900810458387, "Gi\u00e1 T2/23": 7.594388814932124, "Gi\u00e1 T3/23": 8.57525138480546, "Gi\u00e1 T4/23": 8.55495950580371, "Gi\u00e1 T5/23": 8.362179370568496, "Gi\u00e1 T6/23": 8.073820107952528, "Gi\u00e1 T7/23": 8.391605126152221, "Gi\u00e1 T8/23": 8.283140540060295, "Gi\u00e1 T9/23": 7.381594414265692, "Gi\u00e1 T10/23": 7.434764866957328, "Gi\u00e1 T11/23": 7.396851464864239, "Gi\u00e1 T12/23": 7.360955825205159, "Gi\u00e1 T1/24": 7.947878161569738, "Gi\u00e1 T2/24": 7.673935984990173, "Gi\u00e1 T3/24": 8.508276284192469, "Gi\u00e1 T4/24": 8.281286257130525, "Gi\u00e1 T5/24": 9.82571606223071, "Gi\u00e1 T6/24": 8.801320843868748, "Gi\u00e1 T7/24": 8.732179978951498, "Gi\u00e1 T8/24": 8.997099747386455, "Gi\u00e1 T9/24": 9.432514538911155, "Gi\u00e1 T10/24": 10.753038992863274}