{"Gi\u00e1 T10/22": 8.183535856185914, "Gi\u00e1 T11/22": 8.190123626501082, "Gi\u00e1 T12/22": 8.285678204705512, "Gi\u00e1 T1/23": 8.51921773353017, "Gi\u00e1 T2/23": 7.890098536127955, "Gi\u00e1 T3/23": 8.292093318241928, "Gi\u00e1 T4/23": 7.239880650121989, "Gi\u00e1 T5/23": 8.080859485865068, "Gi\u00e1 T6/23": 7.943753669759939, "Gi\u00e1 T7/23": 7.411019783813977, "Gi\u00e1 T8/23": 7.743945197399254, "Gi\u00e1 T9/23": 7.8673241084055325, "Gi\u00e1 T10/23": 8.421855282824994, "Gi\u00e1 T11/23": 9.06556030636005, "Gi\u00e1 T12/23": 9.309213604477808, "Gi\u00e1 T1/24": 8.916597355457073, "Gi\u00e1 T2/24": 8.95973058051286, "Gi\u00e1 T3/24": 8.93199430413442, "Gi\u00e1 T4/24": 9.040273141165784, "Gi\u00e1 T5/24": 8.075951170731726, "Gi\u00e1 T6/24": 9.29564681576542, "Gi\u00e1 T7/24": 10.02771957550334, "Gi\u00e1 T8/24": 11.115465108547548, "Gi\u00e1 T9/24": 11.095379266917341, "Gi\u00e1 T10/24": 11.614105425254586}