{"Gi\u00e1 T10/22": 66.40412579000089, "Gi\u00e1 T11/22": 61.703020024563685, "Gi\u00e1 T12/22": 65.30820316106103, "Gi\u00e1 T1/23": 59.73472010241854, "Gi\u00e1 T2/23": 55.70325158977554, "Gi\u00e1 T3/23": 57.013697369465895, "Gi\u00e1 T4/23": 55.1004944584907, "Gi\u00e1 T5/23": 55.92787038817734, "Gi\u00e1 T6/23": 56.440106815948724, "Gi\u00e1 T7/23": 57.716698247882896, "Gi\u00e1 T8/23": 54.78123238210463, "Gi\u00e1 T9/23": 54.54872975156692, "Gi\u00e1 T10/23": 55.364377221916534, "Gi\u00e1 T11/23": 59.277118234672415, "Gi\u00e1 T12/23": 64.39550769415806, "Gi\u00e1 T1/24": 59.21873507658532, "Gi\u00e1 T2/24": 61.185563799365866, "Gi\u00e1 T3/24": 66.55262015878864, "Gi\u00e1 T4/24": 73.05880059149973, "Gi\u00e1 T5/24": 74.64793024092569, "Gi\u00e1 T6/24": 77.40405574697563, "Gi\u00e1 T7/24": 79.81522730926622, "Gi\u00e1 T8/24": 81.33757244091775, "Gi\u00e1 T9/24": 82.6657350513517, "Gi\u00e1 T10/24": 85.695751823127}