{"Gi\u00e1 T10/22": 6.149079960669815, "Gi\u00e1 T11/22": 5.830338297908158, "Gi\u00e1 T12/22": 5.731545176365689, "Gi\u00e1 T1/23": 5.786002556522519, "Gi\u00e1 T2/23": 5.8395008702854305, "Gi\u00e1 T3/23": 6.172465591865749, "Gi\u00e1 T4/23": 5.945819594083321, "Gi\u00e1 T5/23": 6.213339108271585, "Gi\u00e1 T6/23": 5.813415202959326, "Gi\u00e1 T7/23": 5.695422828749588, "Gi\u00e1 T8/23": 5.990619546739895, "Gi\u00e1 T9/23": 5.860990908918094, "Gi\u00e1 T10/23": 6.0154040734612035, "Gi\u00e1 T11/23": 6.3158091191849035, "Gi\u00e1 T12/23": 6.311705342849314, "Gi\u00e1 T1/24": 6.202800774718169, "Gi\u00e1 T2/24": 5.602953931602299, "Gi\u00e1 T3/24": 5.776732305751714, "Gi\u00e1 T4/24": 6.32919074192, "Gi\u00e1 T5/24": 6.154121066965634, "Gi\u00e1 T6/24": 6.368506975821508, "Gi\u00e1 T7/24": 6.482112614443965, "Gi\u00e1 T8/24": 7.219250479965499, "Gi\u00e1 T9/24": 7.2635223706392145, "Gi\u00e1 T10/24": 7.465838112570414}