{"Gi\u00e1 T10/22": 8.451094760626715, "Gi\u00e1 T11/22": 8.413598387455584, "Gi\u00e1 T12/22": 8.57415404445895, "Gi\u00e1 T1/23": 8.69367757563545, "Gi\u00e1 T2/23": 8.074498208947245, "Gi\u00e1 T3/23": 8.67786515043345, "Gi\u00e1 T4/23": 7.442719960433213, "Gi\u00e1 T5/23": 8.420226754339565, "Gi\u00e1 T6/23": 8.220169240337995, "Gi\u00e1 T7/23": 7.629827585345077, "Gi\u00e1 T8/23": 7.937513232298957, "Gi\u00e1 T9/23": 8.088835741348666, "Gi\u00e1 T10/23": 8.679371353142187, "Gi\u00e1 T11/23": 9.383531376507642, "Gi\u00e1 T12/23": 9.703758566295582, "Gi\u00e1 T1/24": 9.382913335349409, "Gi\u00e1 T2/24": 9.362335871654238, "Gi\u00e1 T3/24": 9.242560421035302, "Gi\u00e1 T4/24": 9.547303343341811, "Gi\u00e1 T5/24": 8.402058750453056, "Gi\u00e1 T6/24": 9.746997507269757, "Gi\u00e1 T7/24": 10.420002542255125, "Gi\u00e1 T8/24": 11.606233929926926, "Gi\u00e1 T9/24": 11.537772732975439, "Gi\u00e1 T10/24": 11.941940406637068}