{"Gi\u00e1 T10/22": 7.395864990141562, "Gi\u00e1 T11/22": 7.068593442686274, "Gi\u00e1 T12/22": 7.541866714006613, "Gi\u00e1 T1/23": 7.826017636953122, "Gi\u00e1 T2/23": 7.703004915012899, "Gi\u00e1 T3/23": 8.542128795304768, "Gi\u00e1 T4/23": 8.533002706433567, "Gi\u00e1 T5/23": 8.359536524352162, "Gi\u00e1 T6/23": 8.031509020358447, "Gi\u00e1 T7/23": 8.41888774964364, "Gi\u00e1 T8/23": 8.323568974794222, "Gi\u00e1 T9/23": 7.336447169751105, "Gi\u00e1 T10/23": 7.399915411559751, "Gi\u00e1 T11/23": 7.37133003003187, "Gi\u00e1 T12/23": 7.356304908599209, "Gi\u00e1 T1/24": 7.953011647301727, "Gi\u00e1 T2/24": 7.670239968736621, "Gi\u00e1 T3/24": 8.45062208909353, "Gi\u00e1 T4/24": 8.204736520405001, "Gi\u00e1 T5/24": 9.881590790822607, "Gi\u00e1 T6/24": 8.755840054363498, "Gi\u00e1 T7/24": 8.672847254763314, "Gi\u00e1 T8/24": 8.922614611790717, "Gi\u00e1 T9/24": 9.387831793641105, "Gi\u00e1 T10/24": 10.643912764550498}