{"Gi\u00e1 T10/22": 8.502602574925497, "Gi\u00e1 T11/22": 8.389148841910666, "Gi\u00e1 T12/22": 8.649595042906267, "Gi\u00e1 T1/23": 8.865664936634765, "Gi\u00e1 T2/23": 8.17316306558019, "Gi\u00e1 T3/23": 8.825933386118916, "Gi\u00e1 T4/23": 7.6946727036770275, "Gi\u00e1 T5/23": 8.49500809487241, "Gi\u00e1 T6/23": 8.277057761668889, "Gi\u00e1 T7/23": 7.7449567510529, "Gi\u00e1 T8/23": 8.244158647406957, "Gi\u00e1 T9/23": 8.289575346584403, "Gi\u00e1 T10/23": 8.8863654856392, "Gi\u00e1 T11/23": 9.476177586168536, "Gi\u00e1 T12/23": 9.782868608940873, "Gi\u00e1 T1/24": 9.418297810624951, "Gi\u00e1 T2/24": 9.466004140383674, "Gi\u00e1 T3/24": 9.409470955463604, "Gi\u00e1 T4/24": 9.687637388803765, "Gi\u00e1 T5/24": 8.593174965596138, "Gi\u00e1 T6/24": 9.800353008235245, "Gi\u00e1 T7/24": 10.555914380111217, "Gi\u00e1 T8/24": 11.628586229280044, "Gi\u00e1 T9/24": 11.669558884186955, "Gi\u00e1 T10/24": 12.220123423760592}