{"Gi\u00e1 T10/22": 7.458538647859237, "Gi\u00e1 T11/22": 7.10452097373594, "Gi\u00e1 T12/22": 7.546376623095279, "Gi\u00e1 T1/23": 7.806589284528163, "Gi\u00e1 T2/23": 7.658590442629731, "Gi\u00e1 T3/23": 8.556900596338458, "Gi\u00e1 T4/23": 8.506159214477668, "Gi\u00e1 T5/23": 8.339717626687325, "Gi\u00e1 T6/23": 8.072318306497662, "Gi\u00e1 T7/23": 8.359069855409105, "Gi\u00e1 T8/23": 8.317040884512197, "Gi\u00e1 T9/23": 7.368238068394786, "Gi\u00e1 T10/23": 7.466419030612659, "Gi\u00e1 T11/23": 7.41286593399268, "Gi\u00e1 T12/23": 7.411815414588931, "Gi\u00e1 T1/24": 7.922641219571213, "Gi\u00e1 T2/24": 7.613808902206043, "Gi\u00e1 T3/24": 8.607909749243309, "Gi\u00e1 T4/24": 8.430015571675993, "Gi\u00e1 T5/24": 10.245345919152557, "Gi\u00e1 T6/24": 8.988285720078023, "Gi\u00e1 T7/24": 9.003753708279302, "Gi\u00e1 T8/24": 9.24213706472804, "Gi\u00e1 T9/24": 9.626798055328347, "Gi\u00e1 T10/24": 11.036040031033028}