{"Gi\u00e1 T10/22": 8.476761908826237, "Gi\u00e1 T11/22": 8.405488088525663, "Gi\u00e1 T12/22": 8.590080601825646, "Gi\u00e1 T1/23": 8.706883846168163, "Gi\u00e1 T2/23": 8.092526633933355, "Gi\u00e1 T3/23": 8.740916248102607, "Gi\u00e1 T4/23": 7.461484244804, "Gi\u00e1 T5/23": 8.459207151786547, "Gi\u00e1 T6/23": 8.262314166158275, "Gi\u00e1 T7/23": 7.649824373066706, "Gi\u00e1 T8/23": 7.980697788223753, "Gi\u00e1 T9/23": 8.10268986442195, "Gi\u00e1 T10/23": 8.708264306984587, "Gi\u00e1 T11/23": 9.396263944653493, "Gi\u00e1 T12/23": 9.731470995662598, "Gi\u00e1 T1/24": 9.443100002791867, "Gi\u00e1 T2/24": 9.41299044833202, "Gi\u00e1 T3/24": 9.288237183684435, "Gi\u00e1 T4/24": 9.602320028715313, "Gi\u00e1 T5/24": 8.460706753345326, "Gi\u00e1 T6/24": 9.81573304368333, "Gi\u00e1 T7/24": 10.478841955981533, "Gi\u00e1 T8/24": 11.677428376710976, "Gi\u00e1 T9/24": 11.609216097262973, "Gi\u00e1 T10/24": 12.012869571163618}