{"Gi\u00e1 T10/22": 5.174778887071261, "Gi\u00e1 T11/22": 5.00162115537791, "Gi\u00e1 T12/22": 5.167611448149599, "Gi\u00e1 T1/23": 5.354313636052981, "Gi\u00e1 T2/23": 5.054537670325364, "Gi\u00e1 T3/23": 5.023377867149146, "Gi\u00e1 T4/23": 4.702150880216379, "Gi\u00e1 T5/23": 4.842394756783974, "Gi\u00e1 T6/23": 4.672425060184466, "Gi\u00e1 T7/23": 5.455260452860526, "Gi\u00e1 T8/23": 5.088098380753757, "Gi\u00e1 T9/23": 5.1999513779498665, "Gi\u00e1 T10/23": 4.928812649068077, "Gi\u00e1 T11/23": 5.261202327163127, "Gi\u00e1 T12/23": 5.0540770240997785, "Gi\u00e1 T1/24": 5.595151303155436, "Gi\u00e1 T2/24": 6.1110931238892325, "Gi\u00e1 T3/24": 5.858593714694871, "Gi\u00e1 T4/24": 6.032262192154519, "Gi\u00e1 T5/24": 5.781264270464727, "Gi\u00e1 T6/24": 6.09730248930075, "Gi\u00e1 T7/24": 6.476426481551279, "Gi\u00e1 T8/24": 6.3283328429187655, "Gi\u00e1 T9/24": 6.712516491737312, "Gi\u00e1 T10/24": 7.136001043861665}