{"Gi\u00e1 T10/22": 62.49476348356003, "Gi\u00e1 T11/22": 60.82939475398159, "Gi\u00e1 T12/22": 65.06939273127159, "Gi\u00e1 T1/23": 51.561906154174196, "Gi\u00e1 T2/23": 46.38089279927107, "Gi\u00e1 T3/23": 52.69760208150085, "Gi\u00e1 T4/23": 49.270976510164076, "Gi\u00e1 T5/23": 53.96410656395348, "Gi\u00e1 T6/23": 49.84415562539199, "Gi\u00e1 T7/23": 47.86313331724204, "Gi\u00e1 T8/23": 57.2107787345877, "Gi\u00e1 T9/23": 52.621560265527066, "Gi\u00e1 T10/23": 56.24513714503603, "Gi\u00e1 T11/23": 50.37540317684613, "Gi\u00e1 T12/23": 43.59809458187062, "Gi\u00e1 T1/24": 58.014185451680994, "Gi\u00e1 T2/24": 50.87935539791801, "Gi\u00e1 T3/24": 56.0420255449221, "Gi\u00e1 T4/24": 59.2540591938146, "Gi\u00e1 T5/24": 60.888709050439736, "Gi\u00e1 T6/24": 60.92658526812451, "Gi\u00e1 T7/24": 56.147633569313335, "Gi\u00e1 T8/24": 55.160548023364754, "Gi\u00e1 T9/24": 65.09335639517637, "Gi\u00e1 T10/24": 67.96222193679145}