{"Gi\u00e1 T10/22": 57.72374444949607, "Gi\u00e1 T11/22": 56.1191098928932, "Gi\u00e1 T12/22": 59.90499827466676, "Gi\u00e1 T1/23": 48.161190138205384, "Gi\u00e1 T2/23": 43.0093870219632, "Gi\u00e1 T3/23": 48.90200178561951, "Gi\u00e1 T4/23": 46.184672276290485, "Gi\u00e1 T5/23": 50.61621210780588, "Gi\u00e1 T6/23": 46.161200654259154, "Gi\u00e1 T7/23": 45.125928480695634, "Gi\u00e1 T8/23": 53.51856020316993, "Gi\u00e1 T9/23": 49.183631832876486, "Gi\u00e1 T10/23": 52.51443360798533, "Gi\u00e1 T11/23": 47.12695577614723, "Gi\u00e1 T12/23": 41.23131495033766, "Gi\u00e1 T1/24": 54.0355599012839, "Gi\u00e1 T2/24": 47.910811206394484, "Gi\u00e1 T3/24": 52.73381415811056, "Gi\u00e1 T4/24": 55.304645901867495, "Gi\u00e1 T5/24": 56.535399004204116, "Gi\u00e1 T6/24": 56.903877199596394, "Gi\u00e1 T7/24": 52.447729104742784, "Gi\u00e1 T8/24": 51.834033468253224, "Gi\u00e1 T9/24": 60.722559736578596, "Gi\u00e1 T10/24": 63.28307723122652}