{"Gi\u00e1 T10/22": 7.905888842287488, "Gi\u00e1 T11/22": 8.261479260630047, "Gi\u00e1 T12/22": 7.661819492130101, "Gi\u00e1 T1/23": 7.3028413394113185, "Gi\u00e1 T2/23": 7.472399493181058, "Gi\u00e1 T3/23": 7.629796692225027, "Gi\u00e1 T4/23": 7.679952752264608, "Gi\u00e1 T5/23": 7.443828207757468, "Gi\u00e1 T6/23": 7.4770262038031685, "Gi\u00e1 T7/23": 7.48952007533888, "Gi\u00e1 T8/23": 6.855461998182441, "Gi\u00e1 T9/23": 6.905809545553081, "Gi\u00e1 T10/23": 6.810333830272674, "Gi\u00e1 T11/23": 7.429025411805656, "Gi\u00e1 T12/23": 7.606668147383188, "Gi\u00e1 T1/24": 8.26234558962003, "Gi\u00e1 T2/24": 8.626807709884236, "Gi\u00e1 T3/24": 9.862186212751064, "Gi\u00e1 T4/24": 8.90722988881714, "Gi\u00e1 T5/24": 8.002511021448319, "Gi\u00e1 T6/24": 8.348839910663115, "Gi\u00e1 T7/24": 9.252971672889737, "Gi\u00e1 T8/24": 9.467313792274995, "Gi\u00e1 T9/24": 8.650321784250613, "Gi\u00e1 T10/24": 8.992203624662714}