{"Gi\u00e1 T10/22": 41.59117930059026, "Gi\u00e1 T11/22": 39.77920563219474, "Gi\u00e1 T12/22": 39.33294717333709, "Gi\u00e1 T1/23": 37.61135182234949, "Gi\u00e1 T2/23": 38.97898143646538, "Gi\u00e1 T3/23": 38.69526212371584, "Gi\u00e1 T4/23": 37.37060357956798, "Gi\u00e1 T5/23": 40.92180579376942, "Gi\u00e1 T6/23": 39.68559004661923, "Gi\u00e1 T7/23": 37.795901929924476, "Gi\u00e1 T8/23": 39.00720820712144, "Gi\u00e1 T9/23": 37.22498385989436, "Gi\u00e1 T10/23": 36.416989671418825, "Gi\u00e1 T11/23": 40.424605870673034, "Gi\u00e1 T12/23": 40.90849345544818, "Gi\u00e1 T1/24": 41.54725657998796, "Gi\u00e1 T2/24": 41.935669013208205, "Gi\u00e1 T3/24": 42.2106675724462, "Gi\u00e1 T4/24": 44.445685161156355, "Gi\u00e1 T5/24": 46.84963289040591, "Gi\u00e1 T6/24": 47.87316573474622, "Gi\u00e1 T7/24": 49.010148699752065, "Gi\u00e1 T8/24": 52.673039384274674, "Gi\u00e1 T9/24": 51.65194933669791, "Gi\u00e1 T10/24": 52.74508741501295}