{"Gi\u00e1 T10/22": 66.91784996260924, "Gi\u00e1 T11/22": 65.36305612982163, "Gi\u00e1 T12/22": 69.9646879344004, "Gi\u00e1 T1/23": 55.16730539382529, "Gi\u00e1 T2/23": 49.74787762858476, "Gi\u00e1 T3/23": 56.55086842012599, "Gi\u00e1 T4/23": 52.62481302364432, "Gi\u00e1 T5/23": 57.446660300460145, "Gi\u00e1 T6/23": 53.35174829611485, "Gi\u00e1 T7/23": 50.86306370975936, "Gi\u00e1 T8/23": 61.139573382189354, "Gi\u00e1 T9/23": 56.3306926192442, "Gi\u00e1 T10/23": 60.17341091528902, "Gi\u00e1 T11/23": 53.934845295266946, "Gi\u00e1 T12/23": 46.358543296448545, "Gi\u00e1 T1/24": 62.09701455344062, "Gi\u00e1 T2/24": 54.21996468568752, "Gi\u00e1 T3/24": 59.807895625323944, "Gi\u00e1 T4/24": 63.47189206273308, "Gi\u00e1 T5/24": 65.26415185035664, "Gi\u00e1 T6/24": 65.28938541623104, "Gi\u00e1 T7/24": 60.12605214276736, "Gi\u00e1 T8/24": 59.05786174741132, "Gi\u00e1 T9/24": 69.76549954081233, "Gi\u00e1 T10/24": 72.60250563242097}