{"Gi\u00e1 T10/22": 51.22941462154415, "Gi\u00e1 T11/22": 48.999187732280525, "Gi\u00e1 T12/22": 48.435813423558, "Gi\u00e1 T1/23": 46.25513631483105, "Gi\u00e1 T2/23": 48.05575318070323, "Gi\u00e1 T3/23": 47.590532578650226, "Gi\u00e1 T4/23": 46.061475942883995, "Gi\u00e1 T5/23": 50.567642417795916, "Gi\u00e1 T6/23": 48.90064951079012, "Gi\u00e1 T7/23": 46.58930312209622, "Gi\u00e1 T8/23": 48.1030821060944, "Gi\u00e1 T9/23": 45.89813034762767, "Gi\u00e1 T10/23": 44.849767287615336, "Gi\u00e1 T11/23": 49.77602216567582, "Gi\u00e1 T12/23": 50.32868054550504, "Gi\u00e1 T1/24": 51.20238226293445, "Gi\u00e1 T2/24": 51.65224322544619, "Gi\u00e1 T3/24": 52.03579974458617, "Gi\u00e1 T4/24": 54.776845009384985, "Gi\u00e1 T5/24": 57.78658128660214, "Gi\u00e1 T6/24": 58.96744927083266, "Gi\u00e1 T7/24": 60.310140888849645, "Gi\u00e1 T8/24": 64.78564393336966, "Gi\u00e1 T9/24": 63.43786163465102, "Gi\u00e1 T10/24": 64.7461914136889}