{"Gi\u00e1 T10/22": 6.649058078817484, "Gi\u00e1 T11/22": 6.3180237666441394, "Gi\u00e1 T12/22": 6.334868986189274, "Gi\u00e1 T1/23": 6.264290514467258, "Gi\u00e1 T2/23": 6.427677138591714, "Gi\u00e1 T3/23": 6.7368151533069, "Gi\u00e1 T4/23": 6.61103756695574, "Gi\u00e1 T5/23": 6.947408858473056, "Gi\u00e1 T6/23": 6.513555987561847, "Gi\u00e1 T7/23": 6.321854589720174, "Gi\u00e1 T8/23": 6.58697879915334, "Gi\u00e1 T9/23": 6.454943598893782, "Gi\u00e1 T10/23": 6.6628373240412, "Gi\u00e1 T11/23": 7.242295518425911, "Gi\u00e1 T12/23": 7.086453803957353, "Gi\u00e1 T1/24": 6.981972179861646, "Gi\u00e1 T2/24": 6.436824304057869, "Gi\u00e1 T3/24": 6.540625739780047, "Gi\u00e1 T4/24": 7.4711212127936415, "Gi\u00e1 T5/24": 7.056050643152516, "Gi\u00e1 T6/24": 7.781092898889075, "Gi\u00e1 T7/24": 8.08641329598827, "Gi\u00e1 T8/24": 8.521167905113753, "Gi\u00e1 T9/24": 8.49655993039076, "Gi\u00e1 T10/24": 8.555677015282297}