{"Gi\u00e1 T10/22": 8.474632621590413, "Gi\u00e1 T11/22": 8.39071862015497, "Gi\u00e1 T12/22": 8.622170206795294, "Gi\u00e1 T1/23": 8.780471092357958, "Gi\u00e1 T2/23": 8.116947738803091, "Gi\u00e1 T3/23": 8.720050270178833, "Gi\u00e1 T4/23": 7.4980236307954, "Gi\u00e1 T5/23": 8.422054025657955, "Gi\u00e1 T6/23": 8.238593302534873, "Gi\u00e1 T7/23": 7.671243820306238, "Gi\u00e1 T8/23": 7.992976712213358, "Gi\u00e1 T9/23": 8.126580032295719, "Gi\u00e1 T10/23": 8.733289170305328, "Gi\u00e1 T11/23": 9.42923466991266, "Gi\u00e1 T12/23": 9.78747389937367, "Gi\u00e1 T1/24": 9.44672242437813, "Gi\u00e1 T2/24": 9.403732987973983, "Gi\u00e1 T3/24": 9.299704133730435, "Gi\u00e1 T4/24": 9.624253381184017, "Gi\u00e1 T5/24": 8.458052015593518, "Gi\u00e1 T6/24": 9.833852295093243, "Gi\u00e1 T7/24": 10.469910137489673, "Gi\u00e1 T8/24": 11.648382443404822, "Gi\u00e1 T9/24": 11.591383229696444, "Gi\u00e1 T10/24": 11.98166802804492}