{"Gi\u00e1 T10/22": 97.11496975037143, "Gi\u00e1 T11/22": 97.73949638825061, "Gi\u00e1 T12/22": 95.43564955871472, "Gi\u00e1 T1/23": 97.40010081192305, "Gi\u00e1 T2/23": 100.22053301319605, "Gi\u00e1 T3/23": 101.37078555792783, "Gi\u00e1 T4/23": 85.74227649351495, "Gi\u00e1 T5/23": 84.03104808380303, "Gi\u00e1 T6/23": 88.18287718220623, "Gi\u00e1 T7/23": 87.60583566369186, "Gi\u00e1 T8/23": 91.8425918267278, "Gi\u00e1 T9/23": 92.79505917713954, "Gi\u00e1 T10/23": 94.71421063422916, "Gi\u00e1 T11/23": 92.52067225334436, "Gi\u00e1 T12/23": 95.7561217521245, "Gi\u00e1 T1/24": 92.31927846795087, "Gi\u00e1 T2/24": 86.82442766444392, "Gi\u00e1 T3/24": 93.57141626160777, "Gi\u00e1 T4/24": 99.19668881070878, "Gi\u00e1 T5/24": 109.1150911065528, "Gi\u00e1 T6/24": 111.60467713086804, "Gi\u00e1 T7/24": 113.67821651882143, "Gi\u00e1 T8/24": 112.87656785325362, "Gi\u00e1 T9/24": 115.04464797062381, "Gi\u00e1 T10/24": 117.96292610721247}