{"Gi\u00e1 T10/22": 51.07444279878131, "Gi\u00e1 T11/22": 51.61284968714475, "Gi\u00e1 T12/22": 49.563553291288386, "Gi\u00e1 T1/23": 50.27611282145385, "Gi\u00e1 T2/23": 52.735173760631156, "Gi\u00e1 T3/23": 53.27711109770331, "Gi\u00e1 T4/23": 45.03602555581972, "Gi\u00e1 T5/23": 43.70354969490014, "Gi\u00e1 T6/23": 45.80134283632252, "Gi\u00e1 T7/23": 45.67137894528996, "Gi\u00e1 T8/23": 48.066738748670865, "Gi\u00e1 T9/23": 48.035271649218984, "Gi\u00e1 T10/23": 49.410230092384744, "Gi\u00e1 T11/23": 48.475952311668415, "Gi\u00e1 T12/23": 50.07576087123557, "Gi\u00e1 T1/24": 48.35392862692636, "Gi\u00e1 T2/24": 44.60981898290791, "Gi\u00e1 T3/24": 49.27784037461712, "Gi\u00e1 T4/24": 51.70065068343629, "Gi\u00e1 T5/24": 57.0870822875527, "Gi\u00e1 T6/24": 58.05714530464101, "Gi\u00e1 T7/24": 58.76713007817338, "Gi\u00e1 T8/24": 59.2253804608876, "Gi\u00e1 T9/24": 59.568949193521874, "Gi\u00e1 T10/24": 61.01545687066768}