{"Gi\u00e1 T10/22": 8.47086553644766, "Gi\u00e1 T11/22": 8.427891132768483, "Gi\u00e1 T12/22": 8.588512133998812, "Gi\u00e1 T1/23": 8.740674926992087, "Gi\u00e1 T2/23": 8.099178491230601, "Gi\u00e1 T3/23": 8.691566843159173, "Gi\u00e1 T4/23": 7.452842209928147, "Gi\u00e1 T5/23": 8.420801031181012, "Gi\u00e1 T6/23": 8.239915765625874, "Gi\u00e1 T7/23": 7.641829223870614, "Gi\u00e1 T8/23": 7.960980828419154, "Gi\u00e1 T9/23": 8.082855959717406, "Gi\u00e1 T10/23": 8.680707091560521, "Gi\u00e1 T11/23": 9.374410875092456, "Gi\u00e1 T12/23": 9.693481486303591, "Gi\u00e1 T1/24": 9.398413531220154, "Gi\u00e1 T2/24": 9.392285458169654, "Gi\u00e1 T3/24": 9.255328181399525, "Gi\u00e1 T4/24": 9.578945793671917, "Gi\u00e1 T5/24": 8.438637901317861, "Gi\u00e1 T6/24": 9.790972128570628, "Gi\u00e1 T7/24": 10.464263944895148, "Gi\u00e1 T8/24": 11.65577924163303, "Gi\u00e1 T9/24": 11.574057727118879, "Gi\u00e1 T10/24": 11.999082748266177}