{"Gi\u00e1 T10/22": 8.445613119525234, "Gi\u00e1 T11/22": 8.39062485694276, "Gi\u00e1 T12/22": 8.55430298204357, "Gi\u00e1 T1/23": 8.670317111987133, "Gi\u00e1 T2/23": 8.067599573193982, "Gi\u00e1 T3/23": 8.697452734048332, "Gi\u00e1 T4/23": 7.435092978770864, "Gi\u00e1 T5/23": 8.423446908647604, "Gi\u00e1 T6/23": 8.22986616007832, "Gi\u00e1 T7/23": 7.619139656014964, "Gi\u00e1 T8/23": 7.947199329055509, "Gi\u00e1 T9/23": 8.081931384843427, "Gi\u00e1 T10/23": 8.668702659883804, "Gi\u00e1 T11/23": 9.35101939536767, "Gi\u00e1 T12/23": 9.686898831269517, "Gi\u00e1 T1/24": 9.363489182151254, "Gi\u00e1 T2/24": 9.34828862034736, "Gi\u00e1 T3/24": 9.239084363639236, "Gi\u00e1 T4/24": 9.537885865896271, "Gi\u00e1 T5/24": 8.403654745376976, "Gi\u00e1 T6/24": 9.742985535578025, "Gi\u00e1 T7/24": 10.406612061527069, "Gi\u00e1 T8/24": 11.581455819102487, "Gi\u00e1 T9/24": 11.519811563163492, "Gi\u00e1 T10/24": 11.924442189210632}