{"Gi\u00e1 T10/22": 5.896858761575375, "Gi\u00e1 T11/22": 6.0613611677864245, "Gi\u00e1 T12/22": 6.070078580072416, "Gi\u00e1 T1/23": 6.234443242157439, "Gi\u00e1 T2/23": 6.437863165900403, "Gi\u00e1 T3/23": 6.479966318744527, "Gi\u00e1 T4/23": 6.8152473490381436, "Gi\u00e1 T5/23": 7.071276938409536, "Gi\u00e1 T6/23": 7.17656688825425, "Gi\u00e1 T7/23": 6.302462103926414, "Gi\u00e1 T8/23": 6.863462815911283, "Gi\u00e1 T9/23": 6.775053534609553, "Gi\u00e1 T10/23": 6.614870423091122, "Gi\u00e1 T11/23": 6.924106813064784, "Gi\u00e1 T12/23": 6.886149775466602, "Gi\u00e1 T1/24": 6.817820428613928, "Gi\u00e1 T2/24": 7.14460496869702, "Gi\u00e1 T3/24": 7.715614141939809, "Gi\u00e1 T4/24": 8.376458721577139, "Gi\u00e1 T5/24": 8.181403128000548, "Gi\u00e1 T6/24": 8.478054607080267, "Gi\u00e1 T7/24": 7.760718190051539, "Gi\u00e1 T8/24": 8.707752316001265, "Gi\u00e1 T9/24": 9.094564921485311, "Gi\u00e1 T10/24": 8.928667313770854}