{"Gi\u00e1 T10/22": 14.351432603311332, "Gi\u00e1 T11/22": 14.666458232229495, "Gi\u00e1 T12/22": 19.63097705367268, "Gi\u00e1 T1/23": 17.324157887831127, "Gi\u00e1 T2/23": 18.08910295789034, "Gi\u00e1 T3/23": 15.0335753202038, "Gi\u00e1 T4/23": 15.177016098380363, "Gi\u00e1 T5/23": 13.56191141625765, "Gi\u00e1 T6/23": 18.271688632796454, "Gi\u00e1 T7/23": 18.294955119296304, "Gi\u00e1 T8/23": 17.562581097940633, "Gi\u00e1 T9/23": 17.080159451046512, "Gi\u00e1 T10/23": 22.37746750676592, "Gi\u00e1 T11/23": 17.798026703247608, "Gi\u00e1 T12/23": 18.798677627367766, "Gi\u00e1 T1/24": 18.354881249754175, "Gi\u00e1 T2/24": 16.5867686489536, "Gi\u00e1 T3/24": 18.62928634597617, "Gi\u00e1 T4/24": 28.705661309804327, "Gi\u00e1 T5/24": 26.095202561525756, "Gi\u00e1 T6/24": 30.469591820632512, "Gi\u00e1 T7/24": 29.803855182714063, "Gi\u00e1 T8/24": 27.266385644049084, "Gi\u00e1 T9/24": 26.658427655240253, "Gi\u00e1 T10/24": 22.388096945981214}