{"Gi\u00e1 T10/22": 5.324038492494699, "Gi\u00e1 T11/22": 5.122194732923337, "Gi\u00e1 T12/22": 5.2202079127343115, "Gi\u00e1 T1/23": 5.429481147213821, "Gi\u00e1 T2/23": 5.203227841344649, "Gi\u00e1 T3/23": 5.189445511853544, "Gi\u00e1 T4/23": 4.854255752743511, "Gi\u00e1 T5/23": 4.977412567746943, "Gi\u00e1 T6/23": 4.869576534065155, "Gi\u00e1 T7/23": 5.719911555151685, "Gi\u00e1 T8/23": 5.1977549053317835, "Gi\u00e1 T9/23": 5.369999118058615, "Gi\u00e1 T10/23": 5.052246517716291, "Gi\u00e1 T11/23": 5.352190588850408, "Gi\u00e1 T12/23": 5.056854397500044, "Gi\u00e1 T1/24": 5.651746281004192, "Gi\u00e1 T2/24": 6.052593061157767, "Gi\u00e1 T3/24": 5.874925861829031, "Gi\u00e1 T4/24": 6.211447118873267, "Gi\u00e1 T5/24": 5.9834367007224865, "Gi\u00e1 T6/24": 6.242903797599876, "Gi\u00e1 T7/24": 6.503376511928294, "Gi\u00e1 T8/24": 6.521488250868138, "Gi\u00e1 T9/24": 6.846106364952888, "Gi\u00e1 T10/24": 7.235424039048763}