{"Gi\u00e1 T10/22": 9.953570333930358, "Gi\u00e1 T11/22": 10.22388442788563, "Gi\u00e1 T12/22": 11.001654276802082, "Gi\u00e1 T1/23": 9.667994240474947, "Gi\u00e1 T2/23": 9.81827315598995, "Gi\u00e1 T3/23": 9.881009956734077, "Gi\u00e1 T4/23": 10.051124046659794, "Gi\u00e1 T5/23": 10.10930816523308, "Gi\u00e1 T6/23": 10.682945449432895, "Gi\u00e1 T7/23": 10.656175859485819, "Gi\u00e1 T8/23": 9.877661726713043, "Gi\u00e1 T9/23": 10.325366892502899, "Gi\u00e1 T10/23": 9.844954117053403, "Gi\u00e1 T11/23": 10.034732959111194, "Gi\u00e1 T12/23": 10.445500267408509, "Gi\u00e1 T1/24": 10.335181615569176, "Gi\u00e1 T2/24": 10.898422110808255, "Gi\u00e1 T3/24": 11.633642849614827, "Gi\u00e1 T4/24": 13.308385343729478, "Gi\u00e1 T5/24": 13.117391557459447, "Gi\u00e1 T6/24": 13.299621655996186, "Gi\u00e1 T7/24": 13.314638486029173, "Gi\u00e1 T8/24": 13.46201092791791, "Gi\u00e1 T9/24": 12.979827850652315, "Gi\u00e1 T10/24": 13.812319041312609}