{"Gi\u00e1 T10/22": 10.069613544290378, "Gi\u00e1 T11/22": 10.341307348804166, "Gi\u00e1 T12/22": 11.129670228132243, "Gi\u00e1 T1/23": 9.768393654018055, "Gi\u00e1 T2/23": 9.918106875509737, "Gi\u00e1 T3/23": 9.993376151410049, "Gi\u00e1 T4/23": 10.16427877920519, "Gi\u00e1 T5/23": 10.218815667554194, "Gi\u00e1 T6/23": 10.799640196052337, "Gi\u00e1 T7/23": 10.78405340374954, "Gi\u00e1 T8/23": 9.990748989344059, "Gi\u00e1 T9/23": 10.440350161617072, "Gi\u00e1 T10/23": 9.955553414223228, "Gi\u00e1 T11/23": 10.15090079268762, "Gi\u00e1 T12/23": 10.557023633764427, "Gi\u00e1 T1/24": 10.45200566219757, "Gi\u00e1 T2/24": 11.026188226060963, "Gi\u00e1 T3/24": 11.770198240093345, "Gi\u00e1 T4/24": 13.476730894354231, "Gi\u00e1 T5/24": 13.282612551892017, "Gi\u00e1 T6/24": 13.464511593294624, "Gi\u00e1 T7/24": 13.470223803221774, "Gi\u00e1 T8/24": 13.6294894710405, "Gi\u00e1 T9/24": 13.13917116375546, "Gi\u00e1 T10/24": 13.97434866697755}