{"Gi\u00e1 T10/22": 4.169275373833819, "Gi\u00e1 T11/22": 2.485529549785546, "Gi\u00e1 T12/22": 2.3786250530205786, "Gi\u00e1 T1/23": 2.7795169158892152, "Gi\u00e1 T2/23": 2.7260646675067295, "Gi\u00e1 T3/23": 3.1002304061841253, "Gi\u00e1 T4/23": 2.939873661036668, "Gi\u00e1 T5/23": 2.5657079223592727, "Gi\u00e1 T6/23": 2.4053511772118195, "Gi\u00e1 T7/23": 5.265046465674761, "Gi\u00e1 T8/23": 2.7527907916979704, "Gi\u00e1 T9/23": 2.8864214126541827, "Gi\u00e1 T10/23": 1.8173764450044851, "Gi\u00e1 T11/23": 1.5501152030920606, "Gi\u00e1 T12/23": 3.2873132755228194, "Gi\u00e1 T1/24": 3.848561883538909, "Gi\u00e1 T2/24": 3.447670020670276, "Gi\u00e1 T3/24": 3.2071349029490928, "Gi\u00e1 T4/24": 1.8173764450044851, "Gi\u00e1 T5/24": 0.24053511772117966, "Gi\u00e1 T6/24": 1.2026755886059097, "Gi\u00e1 T7/24": 0.42761798705987747, "Gi\u00e1 T8/24": 0.18708286933869783, "Gi\u00e1 T9/24": 1.657019699857032, "Gi\u00e1 T10/24": 1.3630323337533667}