{"Gi\u00e1 T10/22": 5.154185192637145, "Gi\u00e1 T11/22": 4.957280424773704, "Gi\u00e1 T12/22": 5.114866925522414, "Gi\u00e1 T1/23": 5.2986929947397705, "Gi\u00e1 T2/23": 5.013147061332753, "Gi\u00e1 T3/23": 4.996453621421797, "Gi\u00e1 T4/23": 4.655203564705074, "Gi\u00e1 T5/23": 4.817656967121024, "Gi\u00e1 T6/23": 4.644940733432284, "Gi\u00e1 T7/23": 5.429349771976329, "Gi\u00e1 T8/23": 5.041395512912727, "Gi\u00e1 T9/23": 5.157537672207717, "Gi\u00e1 T10/23": 4.913676127188436, "Gi\u00e1 T11/23": 5.219440470958462, "Gi\u00e1 T12/23": 5.014647155754678, "Gi\u00e1 T1/24": 5.542862500347158, "Gi\u00e1 T2/24": 6.0384585759305915, "Gi\u00e1 T3/24": 5.833487815620375, "Gi\u00e1 T4/24": 5.936416886029173, "Gi\u00e1 T5/24": 5.699716069875944, "Gi\u00e1 T6/24": 6.002358398758796, "Gi\u00e1 T7/24": 6.383501054133025, "Gi\u00e1 T8/24": 6.226266986156436, "Gi\u00e1 T9/24": 6.617874626535234, "Gi\u00e1 T10/24": 7.028544379650632}