{"Gi\u00e1 T10/22": 5.87366002998456, "Gi\u00e1 T11/22": 6.046743997451133, "Gi\u00e1 T12/22": 6.058993971757258, "Gi\u00e1 T1/23": 6.228557513257414, "Gi\u00e1 T2/23": 6.4455221474398865, "Gi\u00e1 T3/23": 6.496729731995916, "Gi\u00e1 T4/23": 6.818142779039583, "Gi\u00e1 T5/23": 7.159497780766703, "Gi\u00e1 T6/23": 7.234497095289852, "Gi\u00e1 T7/23": 6.315335434143317, "Gi\u00e1 T8/23": 6.8386606993175585, "Gi\u00e1 T9/23": 6.785921503269513, "Gi\u00e1 T10/23": 6.569014993487098, "Gi\u00e1 T11/23": 6.84555542010748, "Gi\u00e1 T12/23": 6.8406704707608705, "Gi\u00e1 T1/24": 6.767154244513542, "Gi\u00e1 T2/24": 7.042252436992864, "Gi\u00e1 T3/24": 7.592064406049693, "Gi\u00e1 T4/24": 8.26983562781136, "Gi\u00e1 T5/24": 8.032902516414275, "Gi\u00e1 T6/24": 8.334854969166726, "Gi\u00e1 T7/24": 7.689598428321365, "Gi\u00e1 T8/24": 8.556270700804138, "Gi\u00e1 T9/24": 8.993813531201917, "Gi\u00e1 T10/24": 8.844013017191724}