{"Gi\u00e1 T10/22": 5.152080414862123, "Gi\u00e1 T11/22": 4.957898109142358, "Gi\u00e1 T12/22": 5.100288198440262, "Gi\u00e1 T1/23": 5.267795789570829, "Gi\u00e1 T2/23": 5.047175359825906, "Gi\u00e1 T3/23": 5.024994547072174, "Gi\u00e1 T4/23": 4.704290173649832, "Gi\u00e1 T5/23": 4.839642300511395, "Gi\u00e1 T6/23": 4.683126357532983, "Gi\u00e1 T7/23": 5.498287259747137, "Gi\u00e1 T8/23": 5.031588566804586, "Gi\u00e1 T9/23": 5.175300030415959, "Gi\u00e1 T10/23": 4.932751554494051, "Gi\u00e1 T11/23": 5.2030928778239875, "Gi\u00e1 T12/23": 4.932111007697218, "Gi\u00e1 T1/24": 5.430347759329265, "Gi\u00e1 T2/24": 5.90069367372854, "Gi\u00e1 T3/24": 5.736329046544712, "Gi\u00e1 T4/24": 5.953485722504256, "Gi\u00e1 T5/24": 5.749045758365726, "Gi\u00e1 T6/24": 6.025752872000195, "Gi\u00e1 T7/24": 6.399278800342532, "Gi\u00e1 T8/24": 6.375523825399312, "Gi\u00e1 T9/24": 6.675052332634618, "Gi\u00e1 T10/24": 7.0119535565151345}