{"Gi\u00e1 T10/22": 18.135471000757217, "Gi\u00e1 T11/22": 14.3759264272573, "Gi\u00e1 T12/22": 15.364627333125114, "Gi\u00e1 T1/23": 22.610957975650553, "Gi\u00e1 T2/23": 15.03158644492562, "Gi\u00e1 T3/23": 16.50942391882209, "Gi\u00e1 T4/23": 24.032289014421362, "Gi\u00e1 T5/23": 30.460441106330368, "Gi\u00e1 T6/23": 19.598916384836492, "Gi\u00e1 T7/23": 29.446008444281432, "Gi\u00e1 T8/23": 28.082154809427465, "Gi\u00e1 T9/23": 23.338520114776575, "Gi\u00e1 T10/23": 25.444030544127187, "Gi\u00e1 T11/23": 20.72335084299445, "Gi\u00e1 T12/23": 27.381517420698767, "Gi\u00e1 T1/24": 21.964218735588176, "Gi\u00e1 T2/24": 22.590980291277223, "Gi\u00e1 T3/24": 29.757559156311604, "Gi\u00e1 T4/24": 19.351613601981825, "Gi\u00e1 T5/24": 19.252907772706394, "Gi\u00e1 T6/24": 21.274222752419657, "Gi\u00e1 T7/24": 22.28178247980525, "Gi\u00e1 T8/24": 21.830354683900925, "Gi\u00e1 T9/24": 20.575240283308926, "Gi\u00e1 T10/24": 29.394394622045176}