{"Gi\u00e1 T10/22": 5.1436167243710464, "Gi\u00e1 T11/22": 4.950068210067323, "Gi\u00e1 T12/22": 5.0757508750350615, "Gi\u00e1 T1/23": 5.248128354370367, "Gi\u00e1 T2/23": 5.037561865851045, "Gi\u00e1 T3/23": 5.032835236346764, "Gi\u00e1 T4/23": 4.718113439476435, "Gi\u00e1 T5/23": 4.8442903055725415, "Gi\u00e1 T6/23": 4.687619241285542, "Gi\u00e1 T7/23": 5.462499053704602, "Gi\u00e1 T8/23": 5.014988315912074, "Gi\u00e1 T9/23": 5.1775095851757875, "Gi\u00e1 T10/23": 4.91976620176014, "Gi\u00e1 T11/23": 5.199919833912723, "Gi\u00e1 T12/23": 4.942899698592629, "Gi\u00e1 T1/24": 5.438825802583931, "Gi\u00e1 T2/24": 5.914062831840941, "Gi\u00e1 T3/24": 5.754399532645709, "Gi\u00e1 T4/24": 5.939566650304099, "Gi\u00e1 T5/24": 5.755422226389339, "Gi\u00e1 T6/24": 6.059865958626451, "Gi\u00e1 T7/24": 6.415963067428855, "Gi\u00e1 T8/24": 6.340650867410919, "Gi\u00e1 T9/24": 6.697047434586258, "Gi\u00e1 T10/24": 7.101524789480233}