{"Gi\u00e1 T10/22": 5.221433973229467, "Gi\u00e1 T11/22": 5.052930815963569, "Gi\u00e1 T12/22": 5.219926656187313, "Gi\u00e1 T1/23": 5.398843092135843, "Gi\u00e1 T2/23": 5.088706604774124, "Gi\u00e1 T3/23": 5.05610213370667, "Gi\u00e1 T4/23": 4.751575142253925, "Gi\u00e1 T5/23": 4.908434202524746, "Gi\u00e1 T6/23": 4.7330643851250676, "Gi\u00e1 T7/23": 5.516482281484575, "Gi\u00e1 T8/23": 5.14414702510446, "Gi\u00e1 T9/23": 5.258980014371672, "Gi\u00e1 T10/23": 4.95646013624126, "Gi\u00e1 T11/23": 5.31925826166459, "Gi\u00e1 T12/23": 5.122727230783572, "Gi\u00e1 T1/24": 5.644210624325532, "Gi\u00e1 T2/24": 6.137966460964411, "Gi\u00e1 T3/24": 5.896791266380709, "Gi\u00e1 T4/24": 6.045710833497451, "Gi\u00e1 T5/24": 5.832044990012034, "Gi\u00e1 T6/24": 6.133660712034911, "Gi\u00e1 T7/24": 6.507862738282071, "Gi\u00e1 T8/24": 6.302868478313303, "Gi\u00e1 T9/24": 6.71639848459875, "Gi\u00e1 T10/24": 7.212892545211769}