{"Gi\u00e1 T10/22": 84.4601560938561, "Gi\u00e1 T11/22": 85.62668270554703, "Gi\u00e1 T12/22": 81.65586193392, "Gi\u00e1 T1/23": 82.44002330156707, "Gi\u00e1 T2/23": 87.83583671177479, "Gi\u00e1 T3/23": 88.97111319829726, "Gi\u00e1 T4/23": 73.59622169086212, "Gi\u00e1 T5/23": 71.39227124751606, "Gi\u00e1 T6/23": 74.93933029632164, "Gi\u00e1 T7/23": 74.7343112659384, "Gi\u00e1 T8/23": 78.3387998423156, "Gi\u00e1 T9/23": 78.16050399552152, "Gi\u00e1 T10/23": 81.51258013117851, "Gi\u00e1 T11/23": 79.28581526161729, "Gi\u00e1 T12/23": 82.1672906813253, "Gi\u00e1 T1/24": 78.76913390241874, "Gi\u00e1 T2/24": 71.63425707381249, "Gi\u00e1 T3/24": 80.45399536927835, "Gi\u00e1 T4/24": 83.61897842478287, "Gi\u00e1 T5/24": 93.05382929452135, "Gi\u00e1 T6/24": 93.76260722649045, "Gi\u00e1 T7/24": 94.86125155903619, "Gi\u00e1 T8/24": 96.61440763635929, "Gi\u00e1 T9/24": 96.52019710660252, "Gi\u00e1 T10/24": 97.70293114263076}