{"Gi\u00e1 T10/22": 4.86952473927802, "Gi\u00e1 T11/22": 5.320044974534846, "Gi\u00e1 T12/22": 5.340097493767118, "Gi\u00e1 T1/23": 4.40598078373779, "Gi\u00e1 T2/23": 4.278939028432113, "Gi\u00e1 T3/23": 4.75242311076453, "Gi\u00e1 T4/23": 4.595999242770612, "Gi\u00e1 T5/23": 4.714459965718405, "Gi\u00e1 T6/23": 4.867648012658807, "Gi\u00e1 T7/23": 5.708111979707595, "Gi\u00e1 T8/23": 4.125287526359978, "Gi\u00e1 T9/23": 3.866908355002572, "Gi\u00e1 T10/23": 4.12148840428633, "Gi\u00e1 T11/23": 4.456771652140374, "Gi\u00e1 T12/23": 5.009156587442054, "Gi\u00e1 T1/24": 5.1586184810245825, "Gi\u00e1 T2/24": 4.9633398974735865, "Gi\u00e1 T3/24": 4.840659944735323, "Gi\u00e1 T4/24": 5.518043336173339, "Gi\u00e1 T5/24": 6.245282739570334, "Gi\u00e1 T6/24": 5.4595717532434325, "Gi\u00e1 T7/24": 5.419584437964408, "Gi\u00e1 T8/24": 5.770464442920141, "Gi\u00e1 T9/24": 5.718237994584685, "Gi\u00e1 T10/24": 4.969846932358525}