{"Gi\u00e1 T10/22": 6.757804783784147, "Gi\u00e1 T11/22": 6.466471304967565, "Gi\u00e1 T12/22": 6.440397501797902, "Gi\u00e1 T1/23": 6.3756415159754045, "Gi\u00e1 T2/23": 6.57841861561251, "Gi\u00e1 T3/23": 6.882310941292794, "Gi\u00e1 T4/23": 6.75065528133072, "Gi\u00e1 T5/23": 7.0659748622997, "Gi\u00e1 T6/23": 6.656029956951872, "Gi\u00e1 T7/23": 6.440372257083848, "Gi\u00e1 T8/23": 6.69542940501917, "Gi\u00e1 T9/23": 6.5491895326648555, "Gi\u00e1 T10/23": 6.767851922991967, "Gi\u00e1 T11/23": 7.403843509129962, "Gi\u00e1 T12/23": 7.225785630165574, "Gi\u00e1 T1/24": 7.086769492261364, "Gi\u00e1 T2/24": 6.5987673825079485, "Gi\u00e1 T3/24": 6.657890262449625, "Gi\u00e1 T4/24": 7.723130764768306, "Gi\u00e1 T5/24": 7.223845851273354, "Gi\u00e1 T6/24": 8.090111348901747, "Gi\u00e1 T7/24": 8.462751489249587, "Gi\u00e1 T8/24": 8.8309128322823, "Gi\u00e1 T9/24": 8.765545107925881, "Gi\u00e1 T10/24": 8.830472350309282}