{"Gi\u00e1 T10/22": 8.43024404828295, "Gi\u00e1 T11/22": 8.38999988721192, "Gi\u00e1 T12/22": 8.550655175255969, "Gi\u00e1 T1/23": 8.6700188048116, "Gi\u00e1 T2/23": 8.055265040503466, "Gi\u00e1 T3/23": 8.65793350016174, "Gi\u00e1 T4/23": 7.425347936802955, "Gi\u00e1 T5/23": 8.396451983852467, "Gi\u00e1 T6/23": 8.205192278885068, "Gi\u00e1 T7/23": 7.614237850129989, "Gi\u00e1 T8/23": 7.918144236448632, "Gi\u00e1 T9/23": 8.068912695794403, "Gi\u00e1 T10/23": 8.652537029233917, "Gi\u00e1 T11/23": 9.356948866850574, "Gi\u00e1 T12/23": 9.675064204040243, "Gi\u00e1 T1/24": 9.354678214891539, "Gi\u00e1 T2/24": 9.331359028390128, "Gi\u00e1 T3/24": 9.212608637771169, "Gi\u00e1 T4/24": 9.515080059256501, "Gi\u00e1 T5/24": 8.37554868080454, "Gi\u00e1 T6/24": 9.717743513297345, "Gi\u00e1 T7/24": 10.384723120464844, "Gi\u00e1 T8/24": 11.56455940499526, "Gi\u00e1 T9/24": 11.497053507880944, "Gi\u00e1 T10/24": 11.900631666982402}