{"Gi\u00e1 T10/22": 50.461611459505534, "Gi\u00e1 T11/22": 47.690554950812846, "Gi\u00e1 T12/22": 49.610287328583574, "Gi\u00e1 T1/23": 46.72990122226337, "Gi\u00e1 T2/23": 43.798750313379024, "Gi\u00e1 T3/23": 44.71679694679138, "Gi\u00e1 T4/23": 44.09935735110123, "Gi\u00e1 T5/23": 45.31242130233328, "Gi\u00e1 T6/23": 44.4935787351971, "Gi\u00e1 T7/23": 45.27890538228286, "Gi\u00e1 T8/23": 44.48102549230252, "Gi\u00e1 T9/23": 43.41527979896303, "Gi\u00e1 T10/23": 44.07704156961817, "Gi\u00e1 T11/23": 47.01134481430559, "Gi\u00e1 T12/23": 51.125499427335434, "Gi\u00e1 T1/24": 47.57510740547198, "Gi\u00e1 T2/24": 48.86611250198577, "Gi\u00e1 T3/24": 53.47837768543955, "Gi\u00e1 T4/24": 58.39259683017828, "Gi\u00e1 T5/24": 60.02825152296799, "Gi\u00e1 T6/24": 62.33152509502006, "Gi\u00e1 T7/24": 64.86970747652921, "Gi\u00e1 T8/24": 66.26425776717178, "Gi\u00e1 T9/24": 67.66922330856931, "Gi\u00e1 T10/24": 69.03950962544178}