{"Gi\u00e1 T10/22": 108.57925218137866, "Gi\u00e1 T11/22": 106.86625749723413, "Gi\u00e1 T12/22": 113.5670723482994, "Gi\u00e1 T1/23": 88.48708997622694, "Gi\u00e1 T2/23": 81.72382128767963, "Gi\u00e1 T3/23": 91.97484302592954, "Gi\u00e1 T4/23": 84.2201131189549, "Gi\u00e1 T5/23": 91.38039233018321, "Gi\u00e1 T6/23": 86.4010561483839, "Gi\u00e1 T7/23": 79.81148989286517, "Gi\u00e1 T8/23": 98.43415880779978, "Gi\u00e1 T9/23": 91.70290392841818, "Gi\u00e1 T10/23": 97.26536592359253, "Gi\u00e1 T11/23": 89.19178849611176, "Gi\u00e1 T12/23": 72.43358482448812, "Gi\u00e1 T1/24": 101.6497635560947, "Gi\u00e1 T2/24": 89.53831387452858, "Gi\u00e1 T3/24": 96.15388985073962, "Gi\u00e1 T4/24": 104.54671772832809, "Gi\u00e1 T5/24": 107.36502194574867, "Gi\u00e1 T6/24": 108.07898147907086, "Gi\u00e1 T7/24": 98.41510569964338, "Gi\u00e1 T8/24": 97.49653573741267, "Gi\u00e1 T9/24": 115.235185728457, "Gi\u00e1 T10/24": 117.95460168353534}