{"Gi\u00e1 T10/22": 6.75160720416683, "Gi\u00e1 T11/22": 6.435994027068846, "Gi\u00e1 T12/22": 6.450168890413602, "Gi\u00e1 T1/23": 6.3952723627987496, "Gi\u00e1 T2/23": 6.56663129666539, "Gi\u00e1 T3/23": 6.872737142019413, "Gi\u00e1 T4/23": 6.750603352478204, "Gi\u00e1 T5/23": 7.067799614416389, "Gi\u00e1 T6/23": 6.667120317898376, "Gi\u00e1 T7/23": 6.457685561503051, "Gi\u00e1 T8/23": 6.72485320303794, "Gi\u00e1 T9/23": 6.586395080819444, "Gi\u00e1 T10/23": 6.743531483389833, "Gi\u00e1 T11/23": 7.3671445155672775, "Gi\u00e1 T12/23": 7.230019924761605, "Gi\u00e1 T1/24": 7.124676964423689, "Gi\u00e1 T2/24": 6.610580541858757, "Gi\u00e1 T3/24": 6.687909128722984, "Gi\u00e1 T4/24": 7.668848748312748, "Gi\u00e1 T5/24": 7.229303643135944, "Gi\u00e1 T6/24": 8.020834326500747, "Gi\u00e1 T7/24": 8.356225046521454, "Gi\u00e1 T8/24": 8.768474280330603, "Gi\u00e1 T9/24": 8.706789078888786, "Gi\u00e1 T10/24": 8.771371870921445}