{"Gi\u00e1 T10/22": 8.457134656002962, "Gi\u00e1 T11/22": 8.383144271828044, "Gi\u00e1 T12/22": 8.5570941517778, "Gi\u00e1 T1/23": 8.72007420581017, "Gi\u00e1 T2/23": 8.08811136065048, "Gi\u00e1 T3/23": 8.710201507652057, "Gi\u00e1 T4/23": 7.47963196527712, "Gi\u00e1 T5/23": 8.456060097997907, "Gi\u00e1 T6/23": 8.236708072933878, "Gi\u00e1 T7/23": 7.638984099009607, "Gi\u00e1 T8/23": 7.969003113893965, "Gi\u00e1 T9/23": 8.110808493307795, "Gi\u00e1 T10/23": 8.685559293210597, "Gi\u00e1 T11/23": 9.35061492140806, "Gi\u00e1 T12/23": 9.700381109549856, "Gi\u00e1 T1/24": 9.392460036162412, "Gi\u00e1 T2/24": 9.408069001125149, "Gi\u00e1 T3/24": 9.268673205932618, "Gi\u00e1 T4/24": 9.557228844618393, "Gi\u00e1 T5/24": 8.419424099017968, "Gi\u00e1 T6/24": 9.73125089270157, "Gi\u00e1 T7/24": 10.418457551168, "Gi\u00e1 T8/24": 11.608693057812316, "Gi\u00e1 T9/24": 11.546760148203564, "Gi\u00e1 T10/24": 11.968722714080084}