{"Gi\u00e1 T10/22": 7.1822049487922275, "Gi\u00e1 T11/22": 6.907357737159044, "Gi\u00e1 T12/22": 7.466289237262627, "Gi\u00e1 T1/23": 7.521435659634567, "Gi\u00e1 T2/23": 7.417416457568303, "Gi\u00e1 T3/23": 8.002874228313111, "Gi\u00e1 T4/23": 8.231159965765606, "Gi\u00e1 T5/23": 8.07178863114132, "Gi\u00e1 T6/23": 7.735277458802484, "Gi\u00e1 T7/23": 8.131077282453905, "Gi\u00e1 T8/23": 7.891239113709878, "Gi\u00e1 T9/23": 6.978051647904102, "Gi\u00e1 T10/23": 7.127647080989197, "Gi\u00e1 T11/23": 7.189887987637232, "Gi\u00e1 T12/23": 6.992674556017451, "Gi\u00e1 T1/24": 7.396107111756845, "Gi\u00e1 T2/24": 7.167441422676395, "Gi\u00e1 T3/24": 8.129153452415027, "Gi\u00e1 T4/24": 8.004228963957528, "Gi\u00e1 T5/24": 9.670451265649781, "Gi\u00e1 T6/24": 8.33853582922571, "Gi\u00e1 T7/24": 8.63752221947536, "Gi\u00e1 T8/24": 9.250572684698648, "Gi\u00e1 T9/24": 9.32767678132526, "Gi\u00e1 T10/24": 10.953392066059216}