{"Gi\u00e1 T10/22": 15.954907236081057, "Gi\u00e1 T11/22": 18.967228200419207, "Gi\u00e1 T12/22": 16.169947901703125, "Gi\u00e1 T1/23": 17.010038652770987, "Gi\u00e1 T2/23": 16.737023601056762, "Gi\u00e1 T3/23": 17.22301381804576, "Gi\u00e1 T4/23": 15.225209082115613, "Gi\u00e1 T5/23": 15.815766767119921, "Gi\u00e1 T6/23": 15.144656598618813, "Gi\u00e1 T7/23": 16.010339462035635, "Gi\u00e1 T8/23": 17.973523513741437, "Gi\u00e1 T9/23": 17.94488212958399, "Gi\u00e1 T10/23": 17.956367493450426, "Gi\u00e1 T11/23": 15.962925067340688, "Gi\u00e1 T12/23": 17.253520494504322, "Gi\u00e1 T1/24": 16.73419436707283, "Gi\u00e1 T2/24": 16.78397031166249, "Gi\u00e1 T3/24": 17.92423161960878, "Gi\u00e1 T4/24": 18.350588156949794, "Gi\u00e1 T5/24": 19.118695934591674, "Gi\u00e1 T6/24": 19.58580177054444, "Gi\u00e1 T7/24": 21.486841611669718, "Gi\u00e1 T8/24": 22.02042711449353, "Gi\u00e1 T9/24": 22.91436739501682, "Gi\u00e1 T10/24": 22.62242561601789}