{"Gi\u00e1 T10/22": 24.455273800689017, "Gi\u00e1 T11/22": 15.899589641169225, "Gi\u00e1 T12/22": 21.75132832934368, "Gi\u00e1 T1/23": 20.88949823149509, "Gi\u00e1 T2/23": 19.520509319454472, "Gi\u00e1 T3/23": 24.014653828128534, "Gi\u00e1 T4/23": 12.92806437502724, "Gi\u00e1 T5/23": 38.71455661555991, "Gi\u00e1 T6/23": 28.919589735239068, "Gi\u00e1 T7/23": 14.974181062243384, "Gi\u00e1 T8/23": 20.230007433453302, "Gi\u00e1 T9/23": 17.92051790884438, "Gi\u00e1 T10/23": 21.29116778754927, "Gi\u00e1 T11/23": 19.642980086195333, "Gi\u00e1 T12/23": 28.49092259746155, "Gi\u00e1 T1/24": 44.418278084931465, "Gi\u00e1 T2/24": 41.39122885053761, "Gi\u00e1 T3/24": 40.23139274399051, "Gi\u00e1 T4/24": 31.747353444934205, "Gi\u00e1 T5/24": 25.96743188956878, "Gi\u00e1 T6/24": 44.336983288460345, "Gi\u00e1 T7/24": 41.068130292936104, "Gi\u00e1 T8/24": 66.46649275455196, "Gi\u00e1 T9/24": 46.31538948373752, "Gi\u00e1 T10/24": 47.526850863804384}