{"Gi\u00e1 T10/22": 58.61131294199686, "Gi\u00e1 T11/22": 57.15009659020409, "Gi\u00e1 T12/22": 61.022004633711965, "Gi\u00e1 T1/23": 49.018158903399915, "Gi\u00e1 T2/23": 43.77230741771607, "Gi\u00e1 T3/23": 49.801052217126326, "Gi\u00e1 T4/23": 46.988785705765736, "Gi\u00e1 T5/23": 51.36481541036194, "Gi\u00e1 T6/23": 46.98050003952414, "Gi\u00e1 T7/23": 45.74617420463765, "Gi\u00e1 T8/23": 54.40543025021613, "Gi\u00e1 T9/23": 50.03325454688745, "Gi\u00e1 T10/23": 53.40581710972485, "Gi\u00e1 T11/23": 47.93041891898788, "Gi\u00e1 T12/23": 41.91718376411081, "Gi\u00e1 T1/24": 54.966957175198516, "Gi\u00e1 T2/24": 48.71802118677042, "Gi\u00e1 T3/24": 53.60498056204436, "Gi\u00e1 T4/24": 56.280846111839416, "Gi\u00e1 T5/24": 57.54206405356592, "Gi\u00e1 T6/24": 57.90131659804583, "Gi\u00e1 T7/24": 53.36868805259612, "Gi\u00e1 T8/24": 52.73462373421256, "Gi\u00e1 T9/24": 61.803530810093704, "Gi\u00e1 T10/24": 64.3634091593286}