{"Gi\u00e1 T10/22": 8.479236750683336, "Gi\u00e1 T11/22": 8.400954587530745, "Gi\u00e1 T12/22": 8.628652825118703, "Gi\u00e1 T1/23": 8.81360405616, "Gi\u00e1 T2/23": 8.124166123085761, "Gi\u00e1 T3/23": 8.71860317023275, "Gi\u00e1 T4/23": 7.507772104034213, "Gi\u00e1 T5/23": 8.432048990145942, "Gi\u00e1 T6/23": 8.239007532017553, "Gi\u00e1 T7/23": 7.6798444696498605, "Gi\u00e1 T8/23": 7.986502105526943, "Gi\u00e1 T9/23": 8.132249803956634, "Gi\u00e1 T10/23": 8.736379103648927, "Gi\u00e1 T11/23": 9.42668171845224, "Gi\u00e1 T12/23": 9.799785703155901, "Gi\u00e1 T1/24": 9.460219290403812, "Gi\u00e1 T2/24": 9.424785455072115, "Gi\u00e1 T3/24": 9.32773949306348, "Gi\u00e1 T4/24": 9.630782579637945, "Gi\u00e1 T5/24": 8.464924320325395, "Gi\u00e1 T6/24": 9.840470364093104, "Gi\u00e1 T7/24": 10.488254990167924, "Gi\u00e1 T8/24": 11.659625606116569, "Gi\u00e1 T9/24": 11.597337312130529, "Gi\u00e1 T10/24": 11.990786182212906}