{"Gi\u00e1 T10/22": 7.465798273026866, "Gi\u00e1 T11/22": 7.179539711422121, "Gi\u00e1 T12/22": 7.610204856631349, "Gi\u00e1 T1/23": 7.887884923556944, "Gi\u00e1 T2/23": 7.741449126808886, "Gi\u00e1 T3/23": 8.634127001878559, "Gi\u00e1 T4/23": 8.607398262729587, "Gi\u00e1 T5/23": 8.447422013881875, "Gi\u00e1 T6/23": 8.141510127420885, "Gi\u00e1 T7/23": 8.496850383181764, "Gi\u00e1 T8/23": 8.41618291415544, "Gi\u00e1 T9/23": 7.44833068877881, "Gi\u00e1 T10/23": 7.494341874232174, "Gi\u00e1 T11/23": 7.426174637534895, "Gi\u00e1 T12/23": 7.421604379539852, "Gi\u00e1 T1/24": 7.950965462588248, "Gi\u00e1 T2/24": 7.699273715827688, "Gi\u00e1 T3/24": 8.482511814557258, "Gi\u00e1 T4/24": 8.21382925260752, "Gi\u00e1 T5/24": 9.867477542337372, "Gi\u00e1 T6/24": 8.802666318872832, "Gi\u00e1 T7/24": 8.727786933044342, "Gi\u00e1 T8/24": 8.851924561326037, "Gi\u00e1 T9/24": 9.355293046819156, "Gi\u00e1 T10/24": 10.640738557966477}