{"Gi\u00e1 T10/22": 5.149874496871825, "Gi\u00e1 T11/22": 4.95280730370335, "Gi\u00e1 T12/22": 5.090608844744466, "Gi\u00e1 T1/23": 5.276874332292225, "Gi\u00e1 T2/23": 5.042195444456912, "Gi\u00e1 T3/23": 5.015456705451057, "Gi\u00e1 T4/23": 4.641691504510044, "Gi\u00e1 T5/23": 4.796983083858369, "Gi\u00e1 T6/23": 4.620017539124169, "Gi\u00e1 T7/23": 5.4128183735588955, "Gi\u00e1 T8/23": 5.003222127583794, "Gi\u00e1 T9/23": 5.156071907523447, "Gi\u00e1 T10/23": 4.917131188519489, "Gi\u00e1 T11/23": 5.182828468872682, "Gi\u00e1 T12/23": 4.94372258614785, "Gi\u00e1 T1/24": 5.507979435710031, "Gi\u00e1 T2/24": 5.991449971633067, "Gi\u00e1 T3/24": 5.795335443793796, "Gi\u00e1 T4/24": 6.002162338159175, "Gi\u00e1 T5/24": 5.737236726616145, "Gi\u00e1 T6/24": 6.061733477429593, "Gi\u00e1 T7/24": 6.359328286247135, "Gi\u00e1 T8/24": 6.303326337129193, "Gi\u00e1 T9/24": 6.641753605154408, "Gi\u00e1 T10/24": 7.036176274858605}