{"Gi\u00e1 T10/22": 67.12510550325965, "Gi\u00e1 T11/22": 67.60094647609156, "Gi\u00e1 T12/22": 65.56225608446961, "Gi\u00e1 T1/23": 66.66344692029473, "Gi\u00e1 T2/23": 69.27596568858495, "Gi\u00e1 T3/23": 69.81979658840869, "Gi\u00e1 T4/23": 59.442394492238115, "Gi\u00e1 T5/23": 58.11239770299488, "Gi\u00e1 T6/23": 60.61117470053304, "Gi\u00e1 T7/23": 60.380783054968745, "Gi\u00e1 T8/23": 63.538237534557624, "Gi\u00e1 T9/23": 63.779523447112126, "Gi\u00e1 T10/23": 65.20043951870905, "Gi\u00e1 T11/23": 63.905528043902486, "Gi\u00e1 T12/23": 66.29192090432666, "Gi\u00e1 T1/24": 64.04170001696195, "Gi\u00e1 T2/24": 59.40999951429521, "Gi\u00e1 T3/24": 65.16278748472138, "Gi\u00e1 T4/24": 68.45554514348687, "Gi\u00e1 T5/24": 75.51719180363432, "Gi\u00e1 T6/24": 77.25480125926406, "Gi\u00e1 T7/24": 78.32116151332295, "Gi\u00e1 T8/24": 78.74802371308837, "Gi\u00e1 T9/24": 79.64668895489832, "Gi\u00e1 T10/24": 81.7725854162471}