{"Gi\u00e1 T10/22": 62.556342116722185, "Gi\u00e1 T11/22": 70.70325974822087, "Gi\u00e1 T12/22": 59.93047536978812, "Gi\u00e1 T1/23": 65.29098694008044, "Gi\u00e1 T2/23": 64.3658154234214, "Gi\u00e1 T3/23": 64.42653274817154, "Gi\u00e1 T4/23": 55.92689893414656, "Gi\u00e1 T5/23": 57.48145830422614, "Gi\u00e1 T6/23": 54.462207191731785, "Gi\u00e1 T7/23": 59.66888013108308, "Gi\u00e1 T8/23": 70.1044734316003, "Gi\u00e1 T9/23": 66.66125369284948, "Gi\u00e1 T10/23": 65.52047576065392, "Gi\u00e1 T11/23": 57.547751646021716, "Gi\u00e1 T12/23": 62.00126916482259, "Gi\u00e1 T1/24": 60.48868116251575, "Gi\u00e1 T2/24": 63.38171112298917, "Gi\u00e1 T3/24": 66.68937979955115, "Gi\u00e1 T4/24": 68.46556424805742, "Gi\u00e1 T5/24": 73.38926842197158, "Gi\u00e1 T6/24": 73.0378701469981, "Gi\u00e1 T7/24": 80.28717397491363, "Gi\u00e1 T8/24": 78.90228589535411, "Gi\u00e1 T9/24": 82.45399190147074, "Gi\u00e1 T10/24": 80.41040340409788}