{"Gi\u00e1 T10/22": 50.35908677951068, "Gi\u00e1 T11/22": 47.50358166039632, "Gi\u00e1 T12/22": 49.34334433650804, "Gi\u00e1 T1/23": 46.23508940991227, "Gi\u00e1 T2/23": 43.543676311974394, "Gi\u00e1 T3/23": 44.45137285981032, "Gi\u00e1 T4/23": 43.761826878528204, "Gi\u00e1 T5/23": 44.937219846835475, "Gi\u00e1 T6/23": 44.1895093945406, "Gi\u00e1 T7/23": 45.043389717653824, "Gi\u00e1 T8/23": 43.2654333972368, "Gi\u00e1 T9/23": 43.11564051809673, "Gi\u00e1 T10/23": 43.83319412262511, "Gi\u00e1 T11/23": 46.710060452801244, "Gi\u00e1 T12/23": 50.38269764261199, "Gi\u00e1 T1/24": 47.21318226509604, "Gi\u00e1 T2/24": 48.540921058532966, "Gi\u00e1 T3/24": 53.04295736336029, "Gi\u00e1 T4/24": 57.658308823563026, "Gi\u00e1 T5/24": 59.39112711751423, "Gi\u00e1 T6/24": 61.7125933703, "Gi\u00e1 T7/24": 64.29807230175003, "Gi\u00e1 T8/24": 65.71578081772347, "Gi\u00e1 T9/24": 67.1413659377344, "Gi\u00e1 T10/24": 68.6259927297076}