{"Gi\u00e1 T10/22": 11.02303628512452, "Gi\u00e1 T11/22": 10.711205386276625, "Gi\u00e1 T12/22": 11.718618005329068, "Gi\u00e1 T1/23": 10.881967615699535, "Gi\u00e1 T2/23": 10.744809601773344, "Gi\u00e1 T3/23": 11.490183072895238, "Gi\u00e1 T4/23": 11.243358879393096, "Gi\u00e1 T5/23": 11.031978372849043, "Gi\u00e1 T6/23": 11.235409555147394, "Gi\u00e1 T7/23": 11.90047632441254, "Gi\u00e1 T8/23": 11.079099522096604, "Gi\u00e1 T9/23": 10.730831847694146, "Gi\u00e1 T10/23": 10.343918810001892, "Gi\u00e1 T11/23": 10.559271271715913, "Gi\u00e1 T12/23": 10.94471305989919, "Gi\u00e1 T1/24": 11.335837746967105, "Gi\u00e1 T2/24": 11.42107585629808, "Gi\u00e1 T3/24": 12.464896177054676, "Gi\u00e1 T4/24": 13.332133144703496, "Gi\u00e1 T5/24": 14.453525317424257, "Gi\u00e1 T6/24": 13.496748477709511, "Gi\u00e1 T7/24": 13.652505635020143, "Gi\u00e1 T8/24": 13.74395307168428, "Gi\u00e1 T9/24": 13.349114839592142, "Gi\u00e1 T10/24": 14.9231790248853}