{"Gi\u00e1 T10/22": 67.72821880175312, "Gi\u00e1 T11/22": 68.06451400666911, "Gi\u00e1 T12/22": 66.43745050624518, "Gi\u00e1 T1/23": 67.58344752509694, "Gi\u00e1 T2/23": 69.48033947789101, "Gi\u00e1 T3/23": 70.08267031777483, "Gi\u00e1 T4/23": 60.06994040999525, "Gi\u00e1 T5/23": 58.91672448061404, "Gi\u00e1 T6/23": 61.479104358949044, "Gi\u00e1 T7/23": 61.082246504824894, "Gi\u00e1 T8/23": 64.14137253294227, "Gi\u00e1 T9/23": 64.49641909192063, "Gi\u00e1 T10/23": 65.48805427542968, "Gi\u00e1 T11/23": 64.28495001946631, "Gi\u00e1 T12/23": 66.7844773327095, "Gi\u00e1 T1/24": 64.62966577866347, "Gi\u00e1 T2/24": 60.552405325460576, "Gi\u00e1 T3/24": 65.73157173216819, "Gi\u00e1 T4/24": 68.74791661995042, "Gi\u00e1 T5/24": 75.7464564722492, "Gi\u00e1 T6/24": 77.66899254175314, "Gi\u00e1 T7/24": 78.7478399583632, "Gi\u00e1 T8/24": 78.74979696137785, "Gi\u00e1 T9/24": 80.51039326750679, "Gi\u00e1 T10/24": 82.85877444227982}