{"Gi\u00e1 T10/22": 25.81116782742278, "Gi\u00e1 T11/22": 18.1722273305681, "Gi\u00e1 T12/22": 25.456691730194507, "Gi\u00e1 T1/23": 22.692377574859805, "Gi\u00e1 T2/23": 19.75778716977571, "Gi\u00e1 T3/23": 27.673265354573093, "Gi\u00e1 T4/23": 14.360169272625637, "Gi\u00e1 T5/23": 37.60183710732965, "Gi\u00e1 T6/23": 28.90941954556573, "Gi\u00e1 T7/23": 14.913568937767323, "Gi\u00e1 T8/23": 22.10400764219362, "Gi\u00e1 T9/23": 21.99307058703159, "Gi\u00e1 T10/23": 26.11703393455048, "Gi\u00e1 T11/23": 21.280283398922613, "Gi\u00e1 T12/23": 31.273681488532073, "Gi\u00e1 T1/24": 52.04366288179422, "Gi\u00e1 T2/24": 46.90803195123904, "Gi\u00e1 T3/24": 43.508192862423584, "Gi\u00e1 T4/24": 32.55416315099404, "Gi\u00e1 T5/24": 25.559284027530968, "Gi\u00e1 T6/24": 47.168229203075306, "Gi\u00e1 T7/24": 44.00625567418272, "Gi\u00e1 T8/24": 73.96864876418928, "Gi\u00e1 T9/24": 47.99993910252548, "Gi\u00e1 T10/24": 47.847543944683956}