{"Gi\u00e1 T10/22": 32.3453251164108, "Gi\u00e1 T11/22": 39.1316954554666, "Gi\u00e1 T12/22": 32.31156846683358, "Gi\u00e1 T1/23": 34.80198025952688, "Gi\u00e1 T2/23": 34.72725739304107, "Gi\u00e1 T3/23": 34.98593805559962, "Gi\u00e1 T4/23": 30.957809668927297, "Gi\u00e1 T5/23": 31.716629175562257, "Gi\u00e1 T6/23": 30.084708610363073, "Gi\u00e1 T7/23": 33.07817235336724, "Gi\u00e1 T8/23": 38.12611803475699, "Gi\u00e1 T9/23": 37.07715865851278, "Gi\u00e1 T10/23": 36.471574945513, "Gi\u00e1 T11/23": 31.378151364508714, "Gi\u00e1 T12/23": 34.072130752722124, "Gi\u00e1 T1/24": 33.16832025200585, "Gi\u00e1 T2/24": 33.91726488015594, "Gi\u00e1 T3/24": 36.45912658633888, "Gi\u00e1 T4/24": 37.45294221920468, "Gi\u00e1 T5/24": 40.15500319978556, "Gi\u00e1 T6/24": 40.007918734464845, "Gi\u00e1 T7/24": 44.20709101618215, "Gi\u00e1 T8/24": 44.0344552758455, "Gi\u00e1 T9/24": 46.21514909474481, "Gi\u00e1 T10/24": 45.01452888111458}