{"Gi\u00e1 T10/22": 53.826086687887404, "Gi\u00e1 T11/22": 54.214560481305725, "Gi\u00e1 T12/22": 52.7029471901303, "Gi\u00e1 T1/23": 52.302765051584714, "Gi\u00e1 T2/23": 54.26485017039651, "Gi\u00e1 T3/23": 54.680558596305964, "Gi\u00e1 T4/23": 47.55078748902992, "Gi\u00e1 T5/23": 47.395857765897226, "Gi\u00e1 T6/23": 48.60442029023598, "Gi\u00e1 T7/23": 48.68741037748445, "Gi\u00e1 T8/23": 50.049402131696084, "Gi\u00e1 T9/23": 50.02256887586584, "Gi\u00e1 T10/23": 51.47423642741481, "Gi\u00e1 T11/23": 51.48765014445415, "Gi\u00e1 T12/23": 53.55548446619647, "Gi\u00e1 T1/24": 51.5878410934401, "Gi\u00e1 T2/24": 49.087710051725665, "Gi\u00e1 T3/24": 54.71615481376015, "Gi\u00e1 T4/24": 58.12136870369852, "Gi\u00e1 T5/24": 61.43772927307107, "Gi\u00e1 T6/24": 62.606464065816475, "Gi\u00e1 T7/24": 64.03300865274419, "Gi\u00e1 T8/24": 64.95026635294238, "Gi\u00e1 T9/24": 65.08732128807611, "Gi\u00e1 T10/24": 66.86743341483081}