{"Gi\u00e1 T10/22": 97.02199906737803, "Gi\u00e1 T11/22": 97.63417248260794, "Gi\u00e1 T12/22": 95.18701220717716, "Gi\u00e1 T1/23": 97.58033820417106, "Gi\u00e1 T2/23": 100.3353155950364, "Gi\u00e1 T3/23": 101.64283509390087, "Gi\u00e1 T4/23": 85.53594062174764, "Gi\u00e1 T5/23": 83.92639740759866, "Gi\u00e1 T6/23": 88.34091322538471, "Gi\u00e1 T7/23": 87.5639137424715, "Gi\u00e1 T8/23": 92.45390206332021, "Gi\u00e1 T9/23": 93.36662187745726, "Gi\u00e1 T10/23": 95.57811126788054, "Gi\u00e1 T11/23": 93.351618771571, "Gi\u00e1 T12/23": 96.59167972756553, "Gi\u00e1 T1/24": 93.0129594171082, "Gi\u00e1 T2/24": 87.58429390433274, "Gi\u00e1 T3/24": 94.3112319471041, "Gi\u00e1 T4/24": 100.47078597789925, "Gi\u00e1 T5/24": 110.28843741575736, "Gi\u00e1 T6/24": 113.20052548330759, "Gi\u00e1 T7/24": 115.50569878226118, "Gi\u00e1 T8/24": 114.26087352569654, "Gi\u00e1 T9/24": 116.16211321017944, "Gi\u00e1 T10/24": 119.04985295335517}