{"Gi\u00e1 T10/22": 58.218692011568415, "Gi\u00e1 T11/22": 56.759467425231726, "Gi\u00e1 T12/22": 60.60064738521724, "Gi\u00e1 T1/23": 48.69957690977461, "Gi\u00e1 T2/23": 43.503524522877484, "Gi\u00e1 T3/23": 49.46362539338918, "Gi\u00e1 T4/23": 46.7160476499932, "Gi\u00e1 T5/23": 51.09971703273464, "Gi\u00e1 T6/23": 46.67423044976685, "Gi\u00e1 T7/23": 45.53483652131569, "Gi\u00e1 T8/23": 54.09561635642853, "Gi\u00e1 T9/23": 49.74371557541959, "Gi\u00e1 T10/23": 53.09614742124799, "Gi\u00e1 T11/23": 47.66598063750395, "Gi\u00e1 T12/23": 41.69532812449377, "Gi\u00e1 T1/24": 54.63734538872185, "Gi\u00e1 T2/24": 48.44794098398254, "Gi\u00e1 T3/24": 53.31322904833297, "Gi\u00e1 T4/24": 55.906958252893176, "Gi\u00e1 T5/24": 57.16126473692982, "Gi\u00e1 T6/24": 57.540263880914715, "Gi\u00e1 T7/24": 53.03455389061089, "Gi\u00e1 T8/24": 52.394711215958296, "Gi\u00e1 T9/24": 61.38204010880405, "Gi\u00e1 T10/24": 63.9616068002622}