{"Gi\u00e1 T10/22": 19.61091914520397, "Gi\u00e1 T11/22": 23.625196344932423, "Gi\u00e1 T12/22": 19.78869243536035, "Gi\u00e1 T1/23": 21.036358117968472, "Gi\u00e1 T2/23": 20.868268507051322, "Gi\u00e1 T3/23": 21.221738988448852, "Gi\u00e1 T4/23": 18.940546941037695, "Gi\u00e1 T5/23": 19.436159519508468, "Gi\u00e1 T6/23": 18.533804271913112, "Gi\u00e1 T7/23": 20.021434545489424, "Gi\u00e1 T8/23": 22.67020450065107, "Gi\u00e1 T9/23": 22.337723584173705, "Gi\u00e1 T10/23": 22.156815525544683, "Gi\u00e1 T11/23": 19.442799715367755, "Gi\u00e1 T12/23": 21.08051588888761, "Gi\u00e1 T1/24": 20.518921135026478, "Gi\u00e1 T2/24": 20.69682834188604, "Gi\u00e1 T3/24": 22.158652735792334, "Gi\u00e1 T4/24": 22.835335383150316, "Gi\u00e1 T5/24": 24.076680182698247, "Gi\u00e1 T6/24": 24.297021423938823, "Gi\u00e1 T7/24": 26.682086517809758, "Gi\u00e1 T8/24": 27.032258106596853, "Gi\u00e1 T9/24": 28.222585626428035, "Gi\u00e1 T10/24": 27.66146125409414}