{"Gi\u00e1 T10/22": 50.77876599930691, "Gi\u00e1 T11/22": 47.887049975710966, "Gi\u00e1 T12/22": 49.749200797504265, "Gi\u00e1 T1/23": 46.61457954852107, "Gi\u00e1 T2/23": 43.89107265896414, "Gi\u00e1 T3/23": 44.80403317586076, "Gi\u00e1 T4/23": 44.10592401505333, "Gi\u00e1 T5/23": 45.30388644685316, "Gi\u00e1 T6/23": 44.542986899053105, "Gi\u00e1 T7/23": 45.40574286860512, "Gi\u00e1 T8/23": 43.61144270712544, "Gi\u00e1 T9/23": 43.459345363769714, "Gi\u00e1 T10/23": 44.18367797461725, "Gi\u00e1 T11/23": 47.082419248831165, "Gi\u00e1 T12/23": 50.7953746024039, "Gi\u00e1 T1/24": 47.59188678560084, "Gi\u00e1 T2/24": 48.93160528587876, "Gi\u00e1 T3/24": 53.46869007809577, "Gi\u00e1 T4/24": 58.13913073322514, "Gi\u00e1 T5/24": 59.87202871778921, "Gi\u00e1 T6/24": 62.21157953364182, "Gi\u00e1 T7/24": 64.81849226825891, "Gi\u00e1 T8/24": 66.24716141630682, "Gi\u00e1 T9/24": 67.6821870243204, "Gi\u00e1 T10/24": 69.18119635252218}