{"Gi\u00e1 T10/22": 10.994777433333194, "Gi\u00e1 T11/22": 10.740492468700033, "Gi\u00e1 T12/22": 11.713048507243322, "Gi\u00e1 T1/23": 10.868563596334713, "Gi\u00e1 T2/23": 10.753769731448156, "Gi\u00e1 T3/23": 11.47947295810387, "Gi\u00e1 T4/23": 11.247351792933044, "Gi\u00e1 T5/23": 11.058639710699634, "Gi\u00e1 T6/23": 11.227236946950354, "Gi\u00e1 T7/23": 11.899087826297187, "Gi\u00e1 T8/23": 11.11678772178085, "Gi\u00e1 T9/23": 10.69529891869529, "Gi\u00e1 T10/23": 10.432247780119319, "Gi\u00e1 T11/23": 10.571731683028652, "Gi\u00e1 T12/23": 10.967296054875016, "Gi\u00e1 T1/24": 11.454788295293058, "Gi\u00e1 T2/24": 11.464708996714833, "Gi\u00e1 T3/24": 12.446511800524544, "Gi\u00e1 T4/24": 13.303124161636207, "Gi\u00e1 T5/24": 14.512218278969108, "Gi\u00e1 T6/24": 13.535217149554605, "Gi\u00e1 T7/24": 13.712589087463172, "Gi\u00e1 T8/24": 13.723275387768725, "Gi\u00e1 T9/24": 13.42391751679535, "Gi\u00e1 T10/24": 14.99068888492366}