{"Gi\u00e1 T10/22": 50.93299418143547, "Gi\u00e1 T11/22": 48.12371414394609, "Gi\u00e1 T12/22": 50.07249030390837, "Gi\u00e1 T1/23": 47.16150833151943, "Gi\u00e1 T2/23": 44.192359838508246, "Gi\u00e1 T3/23": 45.1182369874564, "Gi\u00e1 T4/23": 44.49632430889176, "Gi\u00e1 T5/23": 45.7345463080864, "Gi\u00e1 T6/23": 44.89999072905198, "Gi\u00e1 T7/23": 45.693445224007796, "Gi\u00e1 T8/23": 44.89059202934168, "Gi\u00e1 T9/23": 43.81252369136297, "Gi\u00e1 T10/23": 44.48067907902501, "Gi\u00e1 T11/23": 47.45002304490592, "Gi\u00e1 T12/23": 51.60344776561954, "Gi\u00e1 T1/24": 48.02860352054649, "Gi\u00e1 T2/24": 49.33275578941583, "Gi\u00e1 T3/24": 53.9860690323062, "Gi\u00e1 T4/24": 58.95069961684689, "Gi\u00e1 T5/24": 60.58086128516799, "Gi\u00e1 T6/24": 62.90521405422654, "Gi\u00e1 T7/24": 65.46188944246063, "Gi\u00e1 T8/24": 66.86771535857592, "Gi\u00e1 T9/24": 68.28993301313832, "Gi\u00e1 T10/24": 69.69292574900547}