{"Gi\u00e1 T10/22": 10.959264405717182, "Gi\u00e1 T11/22": 10.646256002693695, "Gi\u00e1 T12/22": 11.634515070091641, "Gi\u00e1 T1/23": 10.823672153318691, "Gi\u00e1 T2/23": 10.694624757259811, "Gi\u00e1 T3/23": 11.42202685457346, "Gi\u00e1 T4/23": 11.159673782468387, "Gi\u00e1 T5/23": 10.956604429981303, "Gi\u00e1 T6/23": 11.13047265312067, "Gi\u00e1 T7/23": 11.799974306403763, "Gi\u00e1 T8/23": 11.029261362153418, "Gi\u00e1 T9/23": 10.65318169950877, "Gi\u00e1 T10/23": 10.311955004554855, "Gi\u00e1 T11/23": 10.51868131068261, "Gi\u00e1 T12/23": 10.905761180697942, "Gi\u00e1 T1/24": 11.378062839770719, "Gi\u00e1 T2/24": 11.407040697613404, "Gi\u00e1 T3/24": 12.41887047324908, "Gi\u00e1 T4/24": 13.247263148013596, "Gi\u00e1 T5/24": 14.438328403474788, "Gi\u00e1 T6/24": 13.425293464140719, "Gi\u00e1 T7/24": 13.556840432895546, "Gi\u00e1 T8/24": 13.632400035596165, "Gi\u00e1 T9/24": 13.304525091321551, "Gi\u00e1 T10/24": 14.858190035218932}