{"Gi\u00e1 T10/22": 55.13669310789853, "Gi\u00e1 T11/22": 51.88438872625382, "Gi\u00e1 T12/22": 54.45601306551347, "Gi\u00e1 T1/23": 50.993667087972455, "Gi\u00e1 T2/23": 47.74521090573009, "Gi\u00e1 T3/23": 48.67356601551015, "Gi\u00e1 T4/23": 47.86149940070699, "Gi\u00e1 T5/23": 49.434263099267596, "Gi\u00e1 T6/23": 48.52921881128909, "Gi\u00e1 T7/23": 49.58109321351082, "Gi\u00e1 T8/23": 46.438877572915665, "Gi\u00e1 T9/23": 47.08326990249665, "Gi\u00e1 T10/23": 47.924696895527696, "Gi\u00e1 T11/23": 51.290472637817935, "Gi\u00e1 T12/23": 53.0570872504168, "Gi\u00e1 T1/24": 51.67121101519724, "Gi\u00e1 T2/24": 52.99448528858442, "Gi\u00e1 T3/24": 57.79207786167587, "Gi\u00e1 T4/24": 62.70136507246789, "Gi\u00e1 T5/24": 64.50307395955831, "Gi\u00e1 T6/24": 66.9301037386255, "Gi\u00e1 T7/24": 69.815727132287, "Gi\u00e1 T8/24": 71.06189209995384, "Gi\u00e1 T9/24": 71.80762537671654, "Gi\u00e1 T10/24": 74.20910740087257}