{"Gi\u00e1 T10/22": 10.08753940720686, "Gi\u00e1 T11/22": 10.362359139307369, "Gi\u00e1 T12/22": 11.159614409243439, "Gi\u00e1 T1/23": 9.795004841224932, "Gi\u00e1 T2/23": 9.94369279659355, "Gi\u00e1 T3/23": 10.016257433738062, "Gi\u00e1 T4/23": 10.181582194267058, "Gi\u00e1 T5/23": 10.238490071425518, "Gi\u00e1 T6/23": 10.823171306277892, "Gi\u00e1 T7/23": 10.811999955389522, "Gi\u00e1 T8/23": 10.004534790019791, "Gi\u00e1 T9/23": 10.457286898251825, "Gi\u00e1 T10/23": 9.970873970712285, "Gi\u00e1 T11/23": 10.163034946745944, "Gi\u00e1 T12/23": 10.583140342963402, "Gi\u00e1 T1/24": 10.471920137926539, "Gi\u00e1 T2/24": 11.038444308291488, "Gi\u00e1 T3/24": 11.780658862110524, "Gi\u00e1 T4/24": 13.4909692924657, "Gi\u00e1 T5/24": 13.296542282846946, "Gi\u00e1 T6/24": 13.479875610722322, "Gi\u00e1 T7/24": 13.496038952932354, "Gi\u00e1 T8/24": 13.639955170083114, "Gi\u00e1 T9/24": 13.151163331454635, "Gi\u00e1 T10/24": 13.985903946724688}