{"Gi\u00e1 T10/22": 19.581648760380972, "Gi\u00e1 T11/22": 23.896297878962905, "Gi\u00e1 T12/22": 19.857779121624173, "Gi\u00e1 T1/23": 21.097755396754078, "Gi\u00e1 T2/23": 21.008707178995, "Gi\u00e1 T3/23": 21.38586013072814, "Gi\u00e1 T4/23": 19.039026046765375, "Gi\u00e1 T5/23": 19.58526357098205, "Gi\u00e1 T6/23": 18.68821298603448, "Gi\u00e1 T7/23": 20.22636595119208, "Gi\u00e1 T8/23": 22.92302596749362, "Gi\u00e1 T9/23": 22.590652210472104, "Gi\u00e1 T10/23": 22.432981053686127, "Gi\u00e1 T11/23": 19.533609617917605, "Gi\u00e1 T12/23": 21.193675899619798, "Gi\u00e1 T1/24": 20.647949469050594, "Gi\u00e1 T2/24": 20.805492144039867, "Gi\u00e1 T3/24": 22.377325280934027, "Gi\u00e1 T4/24": 23.00094200028206, "Gi\u00e1 T5/24": 24.309253015423106, "Gi\u00e1 T6/24": 24.550011308405495, "Gi\u00e1 T7/24": 27.036618523360943, "Gi\u00e1 T8/24": 27.410904240562203, "Gi\u00e1 T9/24": 28.64747286450754, "Gi\u00e1 T10/24": 28.041470000042732}