{"Gi\u00e1 T10/22": 66.36961619376805, "Gi\u00e1 T11/22": 61.922446764648576, "Gi\u00e1 T12/22": 65.08468383869294, "Gi\u00e1 T1/23": 60.98468471251713, "Gi\u00e1 T2/23": 57.05089013077902, "Gi\u00e1 T3/23": 58.121716810886404, "Gi\u00e1 T4/23": 56.84671070683081, "Gi\u00e1 T5/23": 58.29588569201059, "Gi\u00e1 T6/23": 57.64354112348239, "Gi\u00e1 T7/23": 59.23167763794459, "Gi\u00e1 T8/23": 56.076300338134466, "Gi\u00e1 T9/23": 55.99972557544609, "Gi\u00e1 T10/23": 56.88424575998674, "Gi\u00e1 T11/23": 60.8367283691232, "Gi\u00e1 T12/23": 65.82395599839184, "Gi\u00e1 T1/24": 61.457852684498455, "Gi\u00e1 T2/24": 63.17650553176026, "Gi\u00e1 T3/24": 67.71759195915297, "Gi\u00e1 T4/24": 74.16805718860873, "Gi\u00e1 T5/24": 75.52407271381756, "Gi\u00e1 T6/24": 78.43369832883074, "Gi\u00e1 T7/24": 81.68008556492363, "Gi\u00e1 T8/24": 83.16508324323966, "Gi\u00e1 T9/24": 84.10363222941352, "Gi\u00e1 T10/24": 88.15958529001439}