{"Gi\u00e1 T10/22": 34.354400387632815, "Gi\u00e1 T11/22": 32.67550355089765, "Gi\u00e1 T12/22": 33.75953532930979, "Gi\u00e1 T1/23": 32.751694824474285, "Gi\u00e1 T2/23": 31.007631134579817, "Gi\u00e1 T3/23": 31.371859987210023, "Gi\u00e1 T4/23": 31.345849865027564, "Gi\u00e1 T5/23": 33.122874508962255, "Gi\u00e1 T6/23": 31.280445369421695, "Gi\u00e1 T7/23": 32.13447662757474, "Gi\u00e1 T8/23": 30.399074057035453, "Gi\u00e1 T9/23": 30.81509658672518, "Gi\u00e1 T10/23": 31.274160758484648, "Gi\u00e1 T11/23": 33.379683809537305, "Gi\u00e1 T12/23": 35.06662896160614, "Gi\u00e1 T1/24": 34.26636059214647, "Gi\u00e1 T2/24": 34.90212228562492, "Gi\u00e1 T3/24": 37.19678721340393, "Gi\u00e1 T4/24": 40.42627709391843, "Gi\u00e1 T5/24": 41.204106654904656, "Gi\u00e1 T6/24": 42.96700688679663, "Gi\u00e1 T7/24": 45.462600189219884, "Gi\u00e1 T8/24": 46.095339133493525, "Gi\u00e1 T9/24": 46.089237840785074, "Gi\u00e1 T10/24": 48.51298630184349}