{"Gi\u00e1 T10/22": 15.297141923261618, "Gi\u00e1 T11/22": 15.649636495745822, "Gi\u00e1 T12/22": 20.927224822596763, "Gi\u00e1 T1/23": 18.37038432935368, "Gi\u00e1 T2/23": 19.28526570906887, "Gi\u00e1 T3/23": 16.005152231677886, "Gi\u00e1 T4/23": 16.18606556169061, "Gi\u00e1 T5/23": 14.466074175145664, "Gi\u00e1 T6/23": 19.247938559116147, "Gi\u00e1 T7/23": 19.34081113888981, "Gi\u00e1 T8/23": 18.601445631773803, "Gi\u00e1 T9/23": 18.173347719859947, "Gi\u00e1 T10/23": 23.177478512644157, "Gi\u00e1 T11/23": 18.98065879160324, "Gi\u00e1 T12/23": 20.02742211905202, "Gi\u00e1 T1/24": 19.551149556473447, "Gi\u00e1 T2/24": 17.699349002210248, "Gi\u00e1 T3/24": 19.873300312382003, "Gi\u00e1 T4/24": 30.418641169720992, "Gi\u00e1 T5/24": 27.66055771421149, "Gi\u00e1 T6/24": 32.12886705066308, "Gi\u00e1 T7/24": 31.589464531513592, "Gi\u00e1 T8/24": 28.54030311753567, "Gi\u00e1 T9/24": 27.70931037815003, "Gi\u00e1 T10/24": 23.649998921344412}