{"Gi\u00e1 T10/22": 51.91676479818023, "Gi\u00e1 T11/22": 48.93049774791306, "Gi\u00e1 T12/22": 50.86218668699627, "Gi\u00e1 T1/23": 47.65858523216111, "Gi\u00e1 T2/23": 44.86815713418177, "Gi\u00e1 T3/23": 45.78466973700452, "Gi\u00e1 T4/23": 45.082879300759366, "Gi\u00e1 T5/23": 46.287493939843415, "Gi\u00e1 T6/23": 45.5213502725581, "Gi\u00e1 T7/23": 46.422073615877785, "Gi\u00e1 T8/23": 44.58407564989864, "Gi\u00e1 T9/23": 44.43423842307071, "Gi\u00e1 T10/23": 45.189873995330885, "Gi\u00e1 T11/23": 48.14700783095596, "Gi\u00e1 T12/23": 51.9569302389309, "Gi\u00e1 T1/24": 48.66257600689625, "Gi\u00e1 T2/24": 50.06036589398885, "Gi\u00e1 T3/24": 54.66314696851367, "Gi\u00e1 T4/24": 59.449495119526546, "Gi\u00e1 T5/24": 61.20320090414664, "Gi\u00e1 T6/24": 63.58862875851434, "Gi\u00e1 T7/24": 66.24085310572107, "Gi\u00e1 T8/24": 67.70225437994556, "Gi\u00e1 T9/24": 69.1655297355346, "Gi\u00e1 T10/24": 70.74783256706996}