{"Gi\u00e1 T10/22": 97.71561685871349, "Gi\u00e1 T11/22": 98.48734198446677, "Gi\u00e1 T12/22": 95.65533783867482, "Gi\u00e1 T1/23": 97.39705979571636, "Gi\u00e1 T2/23": 101.07615343161991, "Gi\u00e1 T3/23": 102.08070869180906, "Gi\u00e1 T4/23": 86.57542661822853, "Gi\u00e1 T5/23": 84.35233980009136, "Gi\u00e1 T6/23": 88.2800824048824, "Gi\u00e1 T7/23": 88.01476797225838, "Gi\u00e1 T8/23": 92.17321302818827, "Gi\u00e1 T9/23": 93.03738549297084, "Gi\u00e1 T10/23": 95.06441909293225, "Gi\u00e1 T11/23": 92.94271470050154, "Gi\u00e1 T12/23": 95.94853674916534, "Gi\u00e1 T1/24": 92.65334803848233, "Gi\u00e1 T2/24": 86.32894426835304, "Gi\u00e1 T3/24": 93.83289720889404, "Gi\u00e1 T4/24": 100.11576588049458, "Gi\u00e1 T5/24": 110.18266411529864, "Gi\u00e1 T6/24": 112.34013390832413, "Gi\u00e1 T7/24": 114.17069374866253, "Gi\u00e1 T8/24": 114.26104776139358, "Gi\u00e1 T9/24": 115.33757953867077, "Gi\u00e1 T10/24": 118.52947527337558}