{"Gi\u00e1 T10/22": 8.130196393279164, "Gi\u00e1 T11/22": 7.718693670843477, "Gi\u00e1 T12/22": 8.187546935692458, "Gi\u00e1 T1/23": 8.510515561921785, "Gi\u00e1 T2/23": 8.339040609899602, "Gi\u00e1 T3/23": 9.323530187137647, "Gi\u00e1 T4/23": 9.04594549748686, "Gi\u00e1 T5/23": 8.978421972105647, "Gi\u00e1 T6/23": 8.691437120024833, "Gi\u00e1 T7/23": 8.979714381835214, "Gi\u00e1 T8/23": 9.09856011404926, "Gi\u00e1 T9/23": 8.019888830707831, "Gi\u00e1 T10/23": 8.125720863994323, "Gi\u00e1 T11/23": 8.133332690675578, "Gi\u00e1 T12/23": 8.172599392915366, "Gi\u00e1 T1/24": 8.855541160600444, "Gi\u00e1 T2/24": 8.560297817258814, "Gi\u00e1 T3/24": 9.427048780125782, "Gi\u00e1 T4/24": 9.18046557807062, "Gi\u00e1 T5/24": 11.045728018556908, "Gi\u00e1 T6/24": 9.677745846630323, "Gi\u00e1 T7/24": 9.56437072488728, "Gi\u00e1 T8/24": 9.921083722320708, "Gi\u00e1 T9/24": 10.461231873199932, "Gi\u00e1 T10/24": 11.632447928347624}