{"Gi\u00e1 T10/22": 9.301129505033511, "Gi\u00e1 T11/22": 8.774920384179625, "Gi\u00e1 T12/22": 8.916193513077914, "Gi\u00e1 T1/23": 9.255553495394437, "Gi\u00e1 T2/23": 9.593329049919788, "Gi\u00e1 T3/23": 8.561829265712914, "Gi\u00e1 T4/23": 8.531653156607003, "Gi\u00e1 T5/23": 8.500569480974354, "Gi\u00e1 T6/23": 9.016882057062592, "Gi\u00e1 T7/23": 8.46354360820222, "Gi\u00e1 T8/23": 9.042887425531609, "Gi\u00e1 T9/23": 8.80820170446723, "Gi\u00e1 T10/23": 7.067594283885119, "Gi\u00e1 T11/23": 7.0828448912796835, "Gi\u00e1 T12/23": 7.09271510025995, "Gi\u00e1 T1/24": 6.5045610927045665, "Gi\u00e1 T2/24": 7.565405038934887, "Gi\u00e1 T3/24": 6.020526262270982, "Gi\u00e1 T4/24": 5.494242186842412, "Gi\u00e1 T5/24": 7.240710314117452, "Gi\u00e1 T6/24": 7.074278661141357, "Gi\u00e1 T7/24": 6.969085449043747, "Gi\u00e1 T8/24": 6.524329216689538, "Gi\u00e1 T9/24": 6.3244473577106906, "Gi\u00e1 T10/24": 6.513896555146681}