{"Gi\u00e1 T10/22": 21.25012764852274, "Gi\u00e1 T11/22": 25.454834665873857, "Gi\u00e1 T12/22": 21.344144565994785, "Gi\u00e1 T1/23": 22.801133128617593, "Gi\u00e1 T2/23": 22.565689860654576, "Gi\u00e1 T3/23": 22.93317496297135, "Gi\u00e1 T4/23": 20.186574308045543, "Gi\u00e1 T5/23": 20.86520280782914, "Gi\u00e1 T6/23": 19.889030986423723, "Gi\u00e1 T7/23": 21.505214436574853, "Gi\u00e1 T8/23": 24.58688078441516, "Gi\u00e1 T9/23": 24.138123752532934, "Gi\u00e1 T10/23": 23.904692057411197, "Gi\u00e1 T11/23": 20.87147781921489, "Gi\u00e1 T12/23": 22.590390885470008, "Gi\u00e1 T1/24": 21.90922393427526, "Gi\u00e1 T2/24": 22.265948073132233, "Gi\u00e1 T3/24": 23.894154432716416, "Gi\u00e1 T4/24": 24.46510522374429, "Gi\u00e1 T5/24": 25.94763080416807, "Gi\u00e1 T6/24": 26.16731347698253, "Gi\u00e1 T7/24": 28.86334723029645, "Gi\u00e1 T8/24": 29.10829189987993, "Gi\u00e1 T9/24": 30.397735470313897, "Gi\u00e1 T10/24": 29.812851873462936}