{"Gi\u00e1 T10/22": 38.245448984562344, "Gi\u00e1 T11/22": 36.57841073409169, "Gi\u00e1 T12/22": 37.955224098209804, "Gi\u00e1 T1/23": 36.62202407124679, "Gi\u00e1 T2/23": 34.77387329634173, "Gi\u00e1 T3/23": 35.026745876094424, "Gi\u00e1 T4/23": 35.07531052731229, "Gi\u00e1 T5/23": 37.01303705039336, "Gi\u00e1 T6/23": 35.119008239463696, "Gi\u00e1 T7/23": 36.2988051577746, "Gi\u00e1 T8/23": 33.958219888220675, "Gi\u00e1 T9/23": 34.69376126051922, "Gi\u00e1 T10/23": 35.068577471593684, "Gi\u00e1 T11/23": 37.35109423065199, "Gi\u00e1 T12/23": 38.96839867864906, "Gi\u00e1 T1/24": 38.501639362960226, "Gi\u00e1 T2/24": 39.24078673506594, "Gi\u00e1 T3/24": 41.658616066710735, "Gi\u00e1 T4/24": 45.46916846172324, "Gi\u00e1 T5/24": 46.29719153636143, "Gi\u00e1 T6/24": 48.10312745175654, "Gi\u00e1 T7/24": 50.92918155645939, "Gi\u00e1 T8/24": 51.52227230115387, "Gi\u00e1 T9/24": 51.14366576990882, "Gi\u00e1 T10/24": 54.23313715783038}