{"Gi\u00e1 T10/22": 8.16751758925829, "Gi\u00e1 T11/22": 7.772056420109223, "Gi\u00e1 T12/22": 8.248680448303785, "Gi\u00e1 T1/23": 8.477214365029552, "Gi\u00e1 T2/23": 8.354751972194059, "Gi\u00e1 T3/23": 9.3541255181692, "Gi\u00e1 T4/23": 9.057703021709424, "Gi\u00e1 T5/23": 8.982181834030666, "Gi\u00e1 T6/23": 8.669026655831852, "Gi\u00e1 T7/23": 8.97558436822443, "Gi\u00e1 T8/23": 9.11345385556657, "Gi\u00e1 T9/23": 8.062783868552083, "Gi\u00e1 T10/23": 8.22310290990703, "Gi\u00e1 T11/23": 8.235908196439771, "Gi\u00e1 T12/23": 8.295589517436687, "Gi\u00e1 T1/24": 9.117933534480931, "Gi\u00e1 T2/24": 8.744287333457253, "Gi\u00e1 T3/24": 9.55323643441459, "Gi\u00e1 T4/24": 9.273441642762407, "Gi\u00e1 T5/24": 11.012715177348207, "Gi\u00e1 T6/24": 9.752708626470163, "Gi\u00e1 T7/24": 9.60073909845962, "Gi\u00e1 T8/24": 9.900666943858173, "Gi\u00e1 T9/24": 10.503122994523707, "Gi\u00e1 T10/24": 11.666888360282018}