{"Gi\u00e1 T10/22": 14.32135948457868, "Gi\u00e1 T11/22": 17.121112791213758, "Gi\u00e1 T12/22": 14.602054777505458, "Gi\u00e1 T1/23": 15.519396060322858, "Gi\u00e1 T2/23": 15.334638631465035, "Gi\u00e1 T3/23": 15.627220617365284, "Gi\u00e1 T4/23": 13.887160740726921, "Gi\u00e1 T5/23": 14.537886079633875, "Gi\u00e1 T6/23": 13.90167450727439, "Gi\u00e1 T7/23": 14.792922775916194, "Gi\u00e1 T8/23": 16.630847054805862, "Gi\u00e1 T9/23": 16.27748326412425, "Gi\u00e1 T10/23": 16.29048322520232, "Gi\u00e1 T11/23": 14.81265736608509, "Gi\u00e1 T12/23": 15.895750365532699, "Gi\u00e1 T1/24": 15.496192708942333, "Gi\u00e1 T2/24": 15.676261671020228, "Gi\u00e1 T3/24": 16.539711806619678, "Gi\u00e1 T4/24": 17.092407486222204, "Gi\u00e1 T5/24": 17.536152264224807, "Gi\u00e1 T6/24": 17.996597299130336, "Gi\u00e1 T7/24": 19.777516357494893, "Gi\u00e1 T8/24": 20.364662369378145, "Gi\u00e1 T9/24": 21.073453601809682, "Gi\u00e1 T10/24": 20.767794283710742}