{"Gi\u00e1 T10/22": 6.685049824531048, "Gi\u00e1 T11/22": 6.368642861630481, "Gi\u00e1 T12/22": 6.3692440979552805, "Gi\u00e1 T1/23": 6.310298738712576, "Gi\u00e1 T2/23": 6.488273984402001, "Gi\u00e1 T3/23": 6.801182268477207, "Gi\u00e1 T4/23": 6.665781700746104, "Gi\u00e1 T5/23": 6.9968680531955085, "Gi\u00e1 T6/23": 6.571543231620666, "Gi\u00e1 T7/23": 6.368430004827896, "Gi\u00e1 T8/23": 6.62247165836938, "Gi\u00e1 T9/23": 6.476729527012737, "Gi\u00e1 T10/23": 6.680089415864376, "Gi\u00e1 T11/23": 7.299821471797781, "Gi\u00e1 T12/23": 7.127325033654816, "Gi\u00e1 T1/24": 6.995116232137848, "Gi\u00e1 T2/24": 6.487432386485027, "Gi\u00e1 T3/24": 6.55083742753246, "Gi\u00e1 T4/24": 7.575076176812691, "Gi\u00e1 T5/24": 7.10723912070141, "Gi\u00e1 T6/24": 7.92710720942949, "Gi\u00e1 T7/24": 8.282895459952838, "Gi\u00e1 T8/24": 8.670197579606294, "Gi\u00e1 T9/24": 8.608942323424673, "Gi\u00e1 T10/24": 8.687154246956343}