{"Gi\u00e1 T10/22": 8.386285308601531, "Gi\u00e1 T11/22": 8.34388087690205, "Gi\u00e1 T12/22": 8.543704058584156, "Gi\u00e1 T1/23": 8.713489107482104, "Gi\u00e1 T2/23": 8.054799904026362, "Gi\u00e1 T3/23": 8.609533253424415, "Gi\u00e1 T4/23": 7.416415039667314, "Gi\u00e1 T5/23": 8.33742224371159, "Gi\u00e1 T6/23": 8.166644754639938, "Gi\u00e1 T7/23": 7.60951011759273, "Gi\u00e1 T8/23": 7.915429605191011, "Gi\u00e1 T9/23": 8.056387824317305, "Gi\u00e1 T10/23": 8.646959901434592, "Gi\u00e1 T11/23": 9.343637575933181, "Gi\u00e1 T12/23": 9.685785951089768, "Gi\u00e1 T1/24": 9.363721671624873, "Gi\u00e1 T2/24": 9.329048411369035, "Gi\u00e1 T3/24": 9.21326046027274, "Gi\u00e1 T4/24": 9.520406410335466, "Gi\u00e1 T5/24": 8.367973668454873, "Gi\u00e1 T6/24": 9.722789467868589, "Gi\u00e1 T7/24": 10.356406211828318, "Gi\u00e1 T8/24": 11.532614274058231, "Gi\u00e1 T9/24": 11.46221520808862, "Gi\u00e1 T10/24": 11.840146310357731}