{"Gi\u00e1 T10/22": 8.312789903249026, "Gi\u00e1 T11/22": 8.357890281295456, "Gi\u00e1 T12/22": 8.519850026030175, "Gi\u00e1 T1/23": 8.787499738014493, "Gi\u00e1 T2/23": 8.078413375895735, "Gi\u00e1 T3/23": 8.44718545382876, "Gi\u00e1 T4/23": 7.421165974161562, "Gi\u00e1 T5/23": 8.205996546569853, "Gi\u00e1 T6/23": 8.098429554024301, "Gi\u00e1 T7/23": 7.5645740013729075, "Gi\u00e1 T8/23": 7.93441685990965, "Gi\u00e1 T9/23": 8.026353534597916, "Gi\u00e1 T10/23": 8.556700386884028, "Gi\u00e1 T11/23": 9.221784645067052, "Gi\u00e1 T12/23": 9.465220045055437, "Gi\u00e1 T1/24": 9.129605989691457, "Gi\u00e1 T2/24": 9.220698159315381, "Gi\u00e1 T3/24": 9.117698902308438, "Gi\u00e1 T4/24": 9.279417639236407, "Gi\u00e1 T5/24": 8.250249704805306, "Gi\u00e1 T6/24": 9.489736655535697, "Gi\u00e1 T7/24": 10.332753772050195, "Gi\u00e1 T8/24": 11.547972924099808, "Gi\u00e1 T9/24": 11.493223579037553, "Gi\u00e1 T10/24": 12.03735804987943}