{"Gi\u00e1 T10/22": 5.078782318752188, "Gi\u00e1 T11/22": 4.824825813123632, "Gi\u00e1 T12/22": 5.089287098858069, "Gi\u00e1 T1/23": 5.232033748252886, "Gi\u00e1 T2/23": 4.915910547186198, "Gi\u00e1 T3/23": 4.904501074895467, "Gi\u00e1 T4/23": 4.493955658472551, "Gi\u00e1 T5/23": 4.619913350386494, "Gi\u00e1 T6/23": 4.499401865010186, "Gi\u00e1 T7/23": 5.405143523342975, "Gi\u00e1 T8/23": 4.9605050946099025, "Gi\u00e1 T9/23": 5.073472183820464, "Gi\u00e1 T10/23": 4.895813371793145, "Gi\u00e1 T11/23": 5.201676225559944, "Gi\u00e1 T12/23": 5.029741196914261, "Gi\u00e1 T1/24": 5.450826528267969, "Gi\u00e1 T2/24": 6.040948942590404, "Gi\u00e1 T3/24": 5.772638691302052, "Gi\u00e1 T4/24": 5.777648063256981, "Gi\u00e1 T5/24": 5.505123270392973, "Gi\u00e1 T6/24": 5.813918057093957, "Gi\u00e1 T7/24": 6.239161573709816, "Gi\u00e1 T8/24": 6.022501088840031, "Gi\u00e1 T9/24": 6.226019391257745, "Gi\u00e1 T10/24": 6.585368871566966}