{"Gi\u00e1 T10/22": 4.969459977455545, "Gi\u00e1 T11/22": 5.418098279012571, "Gi\u00e1 T12/22": 5.439327391096483, "Gi\u00e1 T1/23": 4.487805989278346, "Gi\u00e1 T2/23": 4.363163022216974, "Gi\u00e1 T3/23": 4.830798111038216, "Gi\u00e1 T4/23": 4.729168950358929, "Gi\u00e1 T5/23": 4.783458714437419, "Gi\u00e1 T6/23": 4.982532801385568, "Gi\u00e1 T7/23": 5.836970171177919, "Gi\u00e1 T8/23": 4.198539866785475, "Gi\u00e1 T9/23": 3.983947904916793, "Gi\u00e1 T10/23": 4.207303482921407, "Gi\u00e1 T11/23": 4.53507971836748, "Gi\u00e1 T12/23": 5.120364232174296, "Gi\u00e1 T1/24": 5.216641702220946, "Gi\u00e1 T2/24": 5.04589038131624, "Gi\u00e1 T3/24": 4.965228444542458, "Gi\u00e1 T4/24": 5.669260928950041, "Gi\u00e1 T5/24": 6.242655684882837, "Gi\u00e1 T6/24": 5.479043605518106, "Gi\u00e1 T7/24": 5.5742913474247135, "Gi\u00e1 T8/24": 5.964338828599333, "Gi\u00e1 T9/24": 5.850858245402312, "Gi\u00e1 T10/24": 5.132387611765366}