{"Gi\u00e1 T10/22": 6.857938653841924, "Gi\u00e1 T11/22": 6.528241265241529, "Gi\u00e1 T12/22": 6.570935551767854, "Gi\u00e1 T1/23": 6.491644705930566, "Gi\u00e1 T2/23": 6.676509043465778, "Gi\u00e1 T3/23": 6.979860738890826, "Gi\u00e1 T4/23": 6.873960028862522, "Gi\u00e1 T5/23": 7.225087002393484, "Gi\u00e1 T6/23": 6.787367350224396, "Gi\u00e1 T7/23": 6.575811934646487, "Gi\u00e1 T8/23": 6.834645319820371, "Gi\u00e1 T9/23": 6.688387031913407, "Gi\u00e1 T10/23": 6.8946931897966515, "Gi\u00e1 T11/23": 7.586114008654002, "Gi\u00e1 T12/23": 7.379230139408482, "Gi\u00e1 T1/24": 7.230524775965738, "Gi\u00e1 T2/24": 6.717500755720769, "Gi\u00e1 T3/24": 6.7741484343458565, "Gi\u00e1 T4/24": 7.95295008001865, "Gi\u00e1 T5/24": 7.395901759237319, "Gi\u00e1 T6/24": 8.36208466414408, "Gi\u00e1 T7/24": 8.783926101931131, "Gi\u00e1 T8/24": 9.106947527181363, "Gi\u00e1 T9/24": 9.00549538617452, "Gi\u00e1 T10/24": 9.043456631364808}