{"Gi\u00e1 T10/22": 18.157285742501596, "Gi\u00e1 T11/22": 14.54379097522359, "Gi\u00e1 T12/22": 15.411703294768078, "Gi\u00e1 T1/23": 22.431929124672905, "Gi\u00e1 T2/23": 15.049824247013065, "Gi\u00e1 T3/23": 16.541522170930772, "Gi\u00e1 T4/23": 23.79427671592455, "Gi\u00e1 T5/23": 30.021156117917933, "Gi\u00e1 T6/23": 19.454457787028723, "Gi\u00e1 T7/23": 29.133056158754272, "Gi\u00e1 T8/23": 27.71194752397806, "Gi\u00e1 T9/23": 23.126573089783598, "Gi\u00e1 T10/23": 25.225359256977292, "Gi\u00e1 T11/23": 20.61935768447254, "Gi\u00e1 T12/23": 27.155867595294225, "Gi\u00e1 T1/24": 21.837256488810215, "Gi\u00e1 T2/24": 22.90993810026989, "Gi\u00e1 T3/24": 29.524563718613205, "Gi\u00e1 T4/24": 19.46839490008724, "Gi\u00e1 T5/24": 19.192538321734613, "Gi\u00e1 T6/24": 21.195492959571823, "Gi\u00e1 T7/24": 22.24257393945119, "Gi\u00e1 T8/24": 21.8845276859881, "Gi\u00e1 T9/24": 20.883274105564027, "Gi\u00e1 T10/24": 29.389552362476085}