{"Gi\u00e1 T10/22": 5.0660187844539175, "Gi\u00e1 T11/22": 4.866606697201215, "Gi\u00e1 T12/22": 5.031296066653511, "Gi\u00e1 T1/23": 5.207427270057362, "Gi\u00e1 T2/23": 4.914715466955361, "Gi\u00e1 T3/23": 4.900339492497575, "Gi\u00e1 T4/23": 4.551339162094116, "Gi\u00e1 T5/23": 4.705413456245228, "Gi\u00e1 T6/23": 4.552767843352107, "Gi\u00e1 T7/23": 5.33966195144535, "Gi\u00e1 T8/23": 4.941900768315018, "Gi\u00e1 T9/23": 5.066594233293722, "Gi\u00e1 T10/23": 4.789899348101614, "Gi\u00e1 T11/23": 5.135282879140138, "Gi\u00e1 T12/23": 4.93564483029347, "Gi\u00e1 T1/24": 5.48248544260642, "Gi\u00e1 T2/24": 5.9617273936086805, "Gi\u00e1 T3/24": 5.704554093751163, "Gi\u00e1 T4/24": 5.789318141889688, "Gi\u00e1 T5/24": 5.561571835268087, "Gi\u00e1 T6/24": 5.8736417923624735, "Gi\u00e1 T7/24": 6.256027331234621, "Gi\u00e1 T8/24": 6.009873297940686, "Gi\u00e1 T9/24": 6.440646713738102, "Gi\u00e1 T10/24": 6.856721164423008}