{"Gi\u00e1 T10/22": 5.78716343839156, "Gi\u00e1 T11/22": 5.967525753841283, "Gi\u00e1 T12/22": 5.975455393818033, "Gi\u00e1 T1/23": 6.139997744018238, "Gi\u00e1 T2/23": 6.372588545362821, "Gi\u00e1 T3/23": 6.43223780795625, "Gi\u00e1 T4/23": 6.733754373767926, "Gi\u00e1 T5/23": 6.94586753927941, "Gi\u00e1 T6/23": 7.035998203469369, "Gi\u00e1 T7/23": 6.17398502167429, "Gi\u00e1 T8/23": 6.779327921051432, "Gi\u00e1 T9/23": 6.666775978571658, "Gi\u00e1 T10/23": 6.501007489672105, "Gi\u00e1 T11/23": 6.778042833691229, "Gi\u00e1 T12/23": 6.748944692845813, "Gi\u00e1 T1/24": 6.680379412653445, "Gi\u00e1 T2/24": 7.055779504994057, "Gi\u00e1 T3/24": 7.624522176600836, "Gi\u00e1 T4/24": 8.272309714844901, "Gi\u00e1 T5/24": 8.133266535827733, "Gi\u00e1 T6/24": 8.407957520306853, "Gi\u00e1 T7/24": 7.681477009178047, "Gi\u00e1 T8/24": 8.629206020951973, "Gi\u00e1 T9/24": 8.994913410992792, "Gi\u00e1 T10/24": 8.818259467656265}