{"Gi\u00e1 T10/22": 15.935841096739061, "Gi\u00e1 T11/22": 18.95261404046073, "Gi\u00e1 T12/22": 16.15736082443763, "Gi\u00e1 T1/23": 16.995739542111437, "Gi\u00e1 T2/23": 16.72172586039077, "Gi\u00e1 T3/23": 17.20615518313818, "Gi\u00e1 T4/23": 15.210766082882724, "Gi\u00e1 T5/23": 15.803036817577082, "Gi\u00e1 T6/23": 15.132199258075476, "Gi\u00e1 T7/23": 15.997430665551388, "Gi\u00e1 T8/23": 17.955148385946494, "Gi\u00e1 T9/23": 17.929526505835458, "Gi\u00e1 T10/23": 17.94183200906939, "Gi\u00e1 T11/23": 15.94981435957447, "Gi\u00e1 T12/23": 17.237833379487768, "Gi\u00e1 T1/24": 16.716651776020555, "Gi\u00e1 T2/24": 16.760929585651162, "Gi\u00e1 T3/24": 17.907414446269343, "Gi\u00e1 T4/24": 18.3355954416541, "Gi\u00e1 T5/24": 19.101785715117362, "Gi\u00e1 T6/24": 19.567792685564747, "Gi\u00e1 T7/24": 21.46667442491761, "Gi\u00e1 T8/24": 22.005331518986402, "Gi\u00e1 T9/24": 22.892328999485695, "Gi\u00e1 T10/24": 22.6011542511824}