{"Gi\u00e1 T10/22": 83.08856839079267, "Gi\u00e1 T11/22": 84.24246697870356, "Gi\u00e1 T12/22": 80.34512037149561, "Gi\u00e1 T1/23": 81.1157144615938, "Gi\u00e1 T2/23": 86.41967986873446, "Gi\u00e1 T3/23": 87.54076751859577, "Gi\u00e1 T4/23": 72.41405109982715, "Gi\u00e1 T5/23": 70.25948023322287, "Gi\u00e1 T6/23": 73.73694117589983, "Gi\u00e1 T7/23": 73.53457800596964, "Gi\u00e1 T8/23": 77.09185491704781, "Gi\u00e1 T9/23": 76.91053386383474, "Gi\u00e1 T10/23": 80.20928490923446, "Gi\u00e1 T11/23": 78.02010921223172, "Gi\u00e1 T12/23": 80.85590338368706, "Gi\u00e1 T1/24": 77.50785019251433, "Gi\u00e1 T2/24": 70.47828362193904, "Gi\u00e1 T3/24": 79.17681213745729, "Gi\u00e1 T4/24": 82.27441462585611, "Gi\u00e1 T5/24": 91.55410240820262, "Gi\u00e1 T6/24": 92.27605912661149, "Gi\u00e1 T7/24": 93.35338013599478, "Gi\u00e1 T8/24": 95.06597304887944, "Gi\u00e1 T9/24": 94.96320171255246, "Gi\u00e1 T10/24": 96.1342284000196}