{"Gi\u00e1 T10/22": 9.856582143223793, "Gi\u00e1 T11/22": 10.121676136074662, "Gi\u00e1 T12/22": 10.898179316232557, "Gi\u00e1 T1/23": 9.562023035886227, "Gi\u00e1 T2/23": 9.727273542161468, "Gi\u00e1 T3/23": 9.81555301999102, "Gi\u00e1 T4/23": 10.002930731788071, "Gi\u00e1 T5/23": 10.03178211595679, "Gi\u00e1 T6/23": 10.590512963534374, "Gi\u00e1 T7/23": 10.57007266286322, "Gi\u00e1 T8/23": 9.84898658215257, "Gi\u00e1 T9/23": 10.262973604485703, "Gi\u00e1 T10/23": 9.789706238776498, "Gi\u00e1 T11/23": 10.011615921070312, "Gi\u00e1 T12/23": 10.390922267090474, "Gi\u00e1 T1/24": 10.302628728918926, "Gi\u00e1 T2/24": 10.893718321671944, "Gi\u00e1 T3/24": 11.63733960115888, "Gi\u00e1 T4/24": 13.283457609062426, "Gi\u00e1 T5/24": 13.118130794469522, "Gi\u00e1 T6/24": 13.294762074084026, "Gi\u00e1 T7/24": 13.254000910894243, "Gi\u00e1 T8/24": 13.477293937997143, "Gi\u00e1 T9/24": 12.938916776622209, "Gi\u00e1 T10/24": 13.721447521922796}