{"Gi\u00e1 T10/22": 6.828706826240012, "Gi\u00e1 T11/22": 6.517398437373796, "Gi\u00e1 T12/22": 6.545286148883849, "Gi\u00e1 T1/23": 6.4742920359261955, "Gi\u00e1 T2/23": 6.6562525812726205, "Gi\u00e1 T3/23": 6.963241369271237, "Gi\u00e1 T4/23": 6.853540831644759, "Gi\u00e1 T5/23": 7.1975505810696765, "Gi\u00e1 T6/23": 6.75888319528471, "Gi\u00e1 T7/23": 6.556382821431013, "Gi\u00e1 T8/23": 6.805528433760105, "Gi\u00e1 T9/23": 6.66575019294345, "Gi\u00e1 T10/23": 6.871457657544747, "Gi\u00e1 T11/23": 7.543643031490169, "Gi\u00e1 T12/23": 7.337932876175612, "Gi\u00e1 T1/24": 7.191991582638492, "Gi\u00e1 T2/24": 6.699490668750515, "Gi\u00e1 T3/24": 6.749781259199963, "Gi\u00e1 T4/24": 7.889308187901123, "Gi\u00e1 T5/24": 7.347150045807816, "Gi\u00e1 T6/24": 8.286709883727118, "Gi\u00e1 T7/24": 8.700122744659168, "Gi\u00e1 T8/24": 9.042313374266078, "Gi\u00e1 T9/24": 8.936171703261119, "Gi\u00e1 T10/24": 9.003762193812854}