{"Gi\u00e1 T10/22": 64.45931392441031, "Gi\u00e1 T11/22": 59.72350331648608, "Gi\u00e1 T12/22": 62.488743362705236, "Gi\u00e1 T1/23": 57.24899401003102, "Gi\u00e1 T2/23": 53.54200723228014, "Gi\u00e1 T3/23": 55.152305370806694, "Gi\u00e1 T4/23": 53.436362241074875, "Gi\u00e1 T5/23": 53.36075914125886, "Gi\u00e1 T6/23": 54.19097732062875, "Gi\u00e1 T7/23": 54.93824477863968, "Gi\u00e1 T8/23": 53.86849391672151, "Gi\u00e1 T9/23": 52.32502417014514, "Gi\u00e1 T10/23": 53.66072435508277, "Gi\u00e1 T11/23": 56.92027753597323, "Gi\u00e1 T12/23": 64.21658651882665, "Gi\u00e1 T1/24": 56.80856471206835, "Gi\u00e1 T2/24": 58.91483185283606, "Gi\u00e1 T3/24": 64.612913914409, "Gi\u00e1 T4/24": 70.48758267940926, "Gi\u00e1 T5/24": 72.3475335870646, "Gi\u00e1 T6/24": 75.2160957975594, "Gi\u00e1 T7/24": 77.17959693450315, "Gi\u00e1 T8/24": 79.59527693020934, "Gi\u00e1 T9/24": 82.92864753262734, "Gi\u00e1 T10/24": 83.9134206035815}