{"Gi\u00e1 T10/22": 5.62744427180386, "Gi\u00e1 T11/22": 5.875834144671288, "Gi\u00e1 T12/22": 5.91917718667377, "Gi\u00e1 T1/23": 6.152606608347735, "Gi\u00e1 T2/23": 6.408331401633578, "Gi\u00e1 T3/23": 6.4830563217553125, "Gi\u00e1 T4/23": 6.868692261936872, "Gi\u00e1 T5/23": 7.18161503215301, "Gi\u00e1 T6/23": 7.234128547086864, "Gi\u00e1 T7/23": 6.227110208601004, "Gi\u00e1 T8/23": 6.889775427847177, "Gi\u00e1 T9/23": 6.7577369583059355, "Gi\u00e1 T10/23": 6.4996337752523035, "Gi\u00e1 T11/23": 6.8691838405988745, "Gi\u00e1 T12/23": 6.793525466927663, "Gi\u00e1 T1/24": 6.761572834579157, "Gi\u00e1 T2/24": 7.188161029510614, "Gi\u00e1 T3/24": 7.680270208903869, "Gi\u00e1 T4/24": 8.469790076877715, "Gi\u00e1 T5/24": 8.301707467679618, "Gi\u00e1 T6/24": 8.599143671866457, "Gi\u00e1 T7/24": 7.844908904942988, "Gi\u00e1 T8/24": 8.797867119746918, "Gi\u00e1 T9/24": 9.089671604086139, "Gi\u00e1 T10/24": 8.874404716371815}