{"Gi\u00e1 T10/22": 8.405441658884126, "Gi\u00e1 T11/22": 8.396070526031018, "Gi\u00e1 T12/22": 8.55553512718927, "Gi\u00e1 T1/23": 8.727214668040942, "Gi\u00e1 T2/23": 8.098259665092426, "Gi\u00e1 T3/23": 8.573830655965118, "Gi\u00e1 T4/23": 7.46765226607898, "Gi\u00e1 T5/23": 8.316544654972166, "Gi\u00e1 T6/23": 8.158559593592182, "Gi\u00e1 T7/23": 7.610846048086098, "Gi\u00e1 T8/23": 7.982901882737283, "Gi\u00e1 T9/23": 8.091852996017558, "Gi\u00e1 T10/23": 8.671861248431645, "Gi\u00e1 T11/23": 9.344787161265822, "Gi\u00e1 T12/23": 9.606944998022604, "Gi\u00e1 T1/24": 9.246185401307015, "Gi\u00e1 T2/24": 9.264719836481746, "Gi\u00e1 T3/24": 9.207718204161793, "Gi\u00e1 T4/24": 9.41093789371192, "Gi\u00e1 T5/24": 8.335801106611635, "Gi\u00e1 T6/24": 9.610882941339186, "Gi\u00e1 T7/24": 10.377089976716599, "Gi\u00e1 T8/24": 11.545470499004427, "Gi\u00e1 T9/24": 11.521052492616914, "Gi\u00e1 T10/24": 12.01060636202591}