{"Gi\u00e1 T10/22": 18.293809735610917, "Gi\u00e1 T11/22": 14.627068782958506, "Gi\u00e1 T12/22": 15.379855921330062, "Gi\u00e1 T1/23": 22.96107830401519, "Gi\u00e1 T2/23": 15.083481755498436, "Gi\u00e1 T3/23": 16.611620823273217, "Gi\u00e1 T4/23": 24.30987333058265, "Gi\u00e1 T5/23": 30.44186435080663, "Gi\u00e1 T6/23": 19.985936865509306, "Gi\u00e1 T7/23": 29.556069045590846, "Gi\u00e1 T8/23": 28.21701403448288, "Gi\u00e1 T9/23": 23.58862211793445, "Gi\u00e1 T10/23": 25.675727503298283, "Gi\u00e1 T11/23": 20.926867330974982, "Gi\u00e1 T12/23": 27.847321528229728, "Gi\u00e1 T1/24": 22.246515484317253, "Gi\u00e1 T2/24": 23.31124296549982, "Gi\u00e1 T3/24": 30.113939446269846, "Gi\u00e1 T4/24": 19.708305896850636, "Gi\u00e1 T5/24": 19.478072489799615, "Gi\u00e1 T6/24": 21.412095352823556, "Gi\u00e1 T7/24": 22.6079424447157, "Gi\u00e1 T8/24": 22.141600799527737, "Gi\u00e1 T9/24": 21.06215152977633, "Gi\u00e1 T10/24": 30.025762712656427}