{"Gi\u00e1 T10/22": 62.75618426450145, "Gi\u00e1 T11/22": 61.078853609030254, "Gi\u00e1 T12/22": 65.33615872869765, "Gi\u00e1 T1/23": 51.77235449160096, "Gi\u00e1 T2/23": 46.566636590933065, "Gi\u00e1 T3/23": 52.91300382378423, "Gi\u00e1 T4/23": 49.47020576927574, "Gi\u00e1 T5/23": 54.1831864943151, "Gi\u00e1 T6/23": 50.04591356829897, "Gi\u00e1 T7/23": 48.058922665098095, "Gi\u00e1 T8/23": 57.43928033515005, "Gi\u00e1 T9/23": 52.83690379827909, "Gi\u00e1 T10/23": 56.47610983046438, "Gi\u00e1 T11/23": 50.57758254805765, "Gi\u00e1 T12/23": 43.77053839672097, "Gi\u00e1 T1/24": 58.25093114756874, "Gi\u00e1 T2/24": 51.08661034023279, "Gi\u00e1 T3/24": 56.27217852512048, "Gi\u00e1 T4/24": 59.49506111382012, "Gi\u00e1 T5/24": 61.130308199374355, "Gi\u00e1 T6/24": 61.17605743016224, "Gi\u00e1 T7/24": 56.375574895055635, "Gi\u00e1 T8/24": 55.385267169492025, "Gi\u00e1 T9/24": 65.35993539981396, "Gi\u00e1 T10/24": 68.24027835371783}