{"Gi\u00e1 T10/22": 64.01927429111245, "Gi\u00e1 T11/22": 62.460695102918564, "Gi\u00e1 T12/22": 66.71359225806965, "Gi\u00e1 T1/23": 53.10020394311091, "Gi\u00e1 T2/23": 47.64291707837102, "Gi\u00e1 T3/23": 54.16237820837857, "Gi\u00e1 T4/23": 50.78166759484253, "Gi\u00e1 T5/23": 55.43733829360236, "Gi\u00e1 T6/23": 51.06473969726073, "Gi\u00e1 T7/23": 49.244143710355495, "Gi\u00e1 T8/23": 59.0085213610741, "Gi\u00e1 T9/23": 54.32742666521283, "Gi\u00e1 T10/23": 57.96574101893651, "Gi\u00e1 T11/23": 52.04790135992278, "Gi\u00e1 T12/23": 45.015926027934505, "Gi\u00e1 T1/24": 59.761524553181765, "Gi\u00e1 T2/24": 52.634573066020366, "Gi\u00e1 T3/24": 57.97577519574281, "Gi\u00e1 T4/24": 61.15186220401709, "Gi\u00e1 T5/24": 62.676892579937935, "Gi\u00e1 T6/24": 62.940727305601854, "Gi\u00e1 T7/24": 57.8639225869821, "Gi\u00e1 T8/24": 57.05191253041731, "Gi\u00e1 T9/24": 67.12338488057595, "Gi\u00e1 T10/24": 69.78063607882542}