{"Gi\u00e1 T10/22": 71.58314599525994, "Gi\u00e1 T11/22": 69.98106066618814, "Gi\u00e1 T12/22": 74.86036414028047, "Gi\u00e1 T1/23": 58.62509194674224, "Gi\u00e1 T2/23": 53.084221217885464, "Gi\u00e1 T3/23": 60.332330112590334, "Gi\u00e1 T4/23": 55.74359765299672, "Gi\u00e1 T5/23": 60.756002673936514, "Gi\u00e1 T6/23": 56.79012487661526, "Gi\u00e1 T7/23": 53.7326745434383, "Gi\u00e1 T8/23": 65.04588213344189, "Gi\u00e1 T9/23": 59.975855679244496, "Gi\u00e1 T10/23": 63.99530206415138, "Gi\u00e1 T11/23": 57.54191379180561, "Gi\u00e1 T12/23": 48.867096354040044, "Gi\u00e1 T1/24": 66.27494884454539, "Gi\u00e1 T2/24": 57.93089761897259, "Gi\u00e1 T3/24": 63.55697842942203, "Gi\u00e1 T4/24": 67.93106514095867, "Gi\u00e1 T5/24": 69.8707689053576, "Gi\u00e1 T6/24": 69.81551797545383, "Gi\u00e1 T7/24": 64.06464998652747, "Gi\u00e1 T8/24": 62.95957130717812, "Gi\u00e1 T9/24": 74.64332528106017, "Gi\u00e1 T10/24": 77.32845495703393}