{"Gi\u00e1 T10/22": 58.632605347018185, "Gi\u00e1 T11/22": 58.09262227373105, "Gi\u00e1 T12/22": 57.24300666044423, "Gi\u00e1 T1/23": 54.43265694172669, "Gi\u00e1 T2/23": 56.553898394821566, "Gi\u00e1 T3/23": 57.2662965198555, "Gi\u00e1 T4/23": 51.35609894160241, "Gi\u00e1 T5/23": 53.693235864235184, "Gi\u00e1 T6/23": 53.34211423620785, "Gi\u00e1 T7/23": 51.58526190130882, "Gi\u00e1 T8/23": 55.05749789177247, "Gi\u00e1 T9/23": 53.37285673469779, "Gi\u00e1 T10/23": 54.22976755447282, "Gi\u00e1 T11/23": 55.22467423163132, "Gi\u00e1 T12/23": 54.96783199721255, "Gi\u00e1 T1/24": 56.65451592548339, "Gi\u00e1 T2/24": 53.91373031263952, "Gi\u00e1 T3/24": 57.49014076400115, "Gi\u00e1 T4/24": 61.02300367334368, "Gi\u00e1 T5/24": 64.70582943308477, "Gi\u00e1 T6/24": 65.46407217844313, "Gi\u00e1 T7/24": 65.8845176683063, "Gi\u00e1 T8/24": 68.25677437702883, "Gi\u00e1 T9/24": 69.01830034153124, "Gi\u00e1 T10/24": 70.59797990117828}