{"Gi\u00e1 T10/22": 8.155844562508564, "Gi\u00e1 T11/22": 7.777713578573622, "Gi\u00e1 T12/22": 8.235392445669406, "Gi\u00e1 T1/23": 8.502070976692142, "Gi\u00e1 T2/23": 8.364452474703004, "Gi\u00e1 T3/23": 9.351447093608707, "Gi\u00e1 T4/23": 9.057495743207895, "Gi\u00e1 T5/23": 8.9966586526536, "Gi\u00e1 T6/23": 8.68669176620846, "Gi\u00e1 T7/23": 8.995764541648457, "Gi\u00e1 T8/23": 9.12541721652985, "Gi\u00e1 T9/23": 8.049811031288723, "Gi\u00e1 T10/23": 8.19659013075497, "Gi\u00e1 T11/23": 8.189139646172126, "Gi\u00e1 T12/23": 8.258197971884286, "Gi\u00e1 T1/24": 9.030546273247593, "Gi\u00e1 T2/24": 8.68916278815456, "Gi\u00e1 T3/24": 9.498833941876564, "Gi\u00e1 T4/24": 9.231575714469887, "Gi\u00e1 T5/24": 10.994117349660966, "Gi\u00e1 T6/24": 9.739591535564685, "Gi\u00e1 T7/24": 9.59705119155835, "Gi\u00e1 T8/24": 9.89252415107156, "Gi\u00e1 T9/24": 10.477950547456677, "Gi\u00e1 T10/24": 11.640623774056177}