{"Gi\u00e1 T10/22": 7.326632257039046, "Gi\u00e1 T11/22": 7.037796154524773, "Gi\u00e1 T12/22": 6.7504073951132755, "Gi\u00e1 T1/23": 7.097971217347872, "Gi\u00e1 T2/23": 7.3083395916040255, "Gi\u00e1 T3/23": 7.561798271803359, "Gi\u00e1 T4/23": 7.4591639234421985, "Gi\u00e1 T5/23": 7.453299816921331, "Gi\u00e1 T6/23": 7.266120405493322, "Gi\u00e1 T7/23": 7.105921927292869, "Gi\u00e1 T8/23": 7.3517501239539875, "Gi\u00e1 T9/23": 6.956482133820292, "Gi\u00e1 T10/23": 7.379776653007586, "Gi\u00e1 T11/23": 8.272544953035917, "Gi\u00e1 T12/23": 8.028629805373027, "Gi\u00e1 T1/24": 7.703899594719368, "Gi\u00e1 T2/24": 7.134698279551133, "Gi\u00e1 T3/24": 7.15628170323751, "Gi\u00e1 T4/24": 8.826475976340703, "Gi\u00e1 T5/24": 7.975148901431245, "Gi\u00e1 T6/24": 9.395293514834172, "Gi\u00e1 T7/24": 9.966244176644768, "Gi\u00e1 T8/24": 10.11985870602377, "Gi\u00e1 T9/24": 10.253152024464557, "Gi\u00e1 T10/24": 10.296612544184493}