{"Gi\u00e1 T10/22": 45.06111931748318, "Gi\u00e1 T11/22": 43.03657411303982, "Gi\u00e1 T12/22": 42.47881034204657, "Gi\u00e1 T1/23": 40.674174920437764, "Gi\u00e1 T2/23": 42.20608645939018, "Gi\u00e1 T3/23": 41.92865868395715, "Gi\u00e1 T4/23": 40.43069852209916, "Gi\u00e1 T5/23": 44.26720944439705, "Gi\u00e1 T6/23": 42.970493634238, "Gi\u00e1 T7/23": 40.871894413062826, "Gi\u00e1 T8/23": 42.268258032416014, "Gi\u00e1 T9/23": 40.23526268437592, "Gi\u00e1 T10/23": 39.35161108436692, "Gi\u00e1 T11/23": 43.79968740336883, "Gi\u00e1 T12/23": 44.34816864854498, "Gi\u00e1 T1/24": 45.065294257777865, "Gi\u00e1 T2/24": 45.517348542304454, "Gi\u00e1 T3/24": 45.727085599803225, "Gi\u00e1 T4/24": 48.00871945670323, "Gi\u00e1 T5/24": 50.71661510994325, "Gi\u00e1 T6/24": 51.791173446536206, "Gi\u00e1 T7/24": 53.01293459533462, "Gi\u00e1 T8/24": 57.045094217979575, "Gi\u00e1 T9/24": 55.923323211706965, "Gi\u00e1 T10/24": 57.19190352254215}