{"Gi\u00e1 T10/22": 5.800471028910874, "Gi\u00e1 T11/22": 5.977656573541077, "Gi\u00e1 T12/22": 5.989209108844525, "Gi\u00e1 T1/23": 6.150394679468029, "Gi\u00e1 T2/23": 6.392197653365756, "Gi\u00e1 T3/23": 6.480119874221199, "Gi\u00e1 T4/23": 6.762005919118132, "Gi\u00e1 T5/23": 6.990655423950783, "Gi\u00e1 T6/23": 7.08695594568345, "Gi\u00e1 T7/23": 6.196612277238892, "Gi\u00e1 T8/23": 6.789739173310703, "Gi\u00e1 T9/23": 6.702335701223182, "Gi\u00e1 T10/23": 6.51696606666381, "Gi\u00e1 T11/23": 6.802146306765068, "Gi\u00e1 T12/23": 6.768082088625626, "Gi\u00e1 T1/24": 6.698955904270792, "Gi\u00e1 T2/24": 7.070589163107336, "Gi\u00e1 T3/24": 7.633541134366527, "Gi\u00e1 T4/24": 8.288265648485083, "Gi\u00e1 T5/24": 8.115578277286549, "Gi\u00e1 T6/24": 8.401674537586878, "Gi\u00e1 T7/24": 7.703500866129287, "Gi\u00e1 T8/24": 8.624441458165691, "Gi\u00e1 T9/24": 9.02750705965318, "Gi\u00e1 T10/24": 8.798123217846829}