{"Gi\u00e1 T10/22": 5.7902062569274095, "Gi\u00e1 T11/22": 5.988058932252665, "Gi\u00e1 T12/22": 5.998886804251848, "Gi\u00e1 T1/23": 6.178278823952004, "Gi\u00e1 T2/23": 6.394462634605319, "Gi\u00e1 T3/23": 6.426929530479414, "Gi\u00e1 T4/23": 6.751490140242172, "Gi\u00e1 T5/23": 7.0056662701585655, "Gi\u00e1 T6/23": 7.084841723346149, "Gi\u00e1 T7/23": 6.218723117711538, "Gi\u00e1 T8/23": 6.795250023432796, "Gi\u00e1 T9/23": 6.705030038823264, "Gi\u00e1 T10/23": 6.524858535630424, "Gi\u00e1 T11/23": 6.781259834775143, "Gi\u00e1 T12/23": 6.763153584709959, "Gi\u00e1 T1/24": 6.679220147718524, "Gi\u00e1 T2/24": 7.040081064350042, "Gi\u00e1 T3/24": 7.590907141882559, "Gi\u00e1 T4/24": 8.232633318139104, "Gi\u00e1 T5/24": 8.076500773986226, "Gi\u00e1 T6/24": 8.353346257685445, "Gi\u00e1 T7/24": 7.665307717998692, "Gi\u00e1 T8/24": 8.555366095188194, "Gi\u00e1 T9/24": 8.918835604030813, "Gi\u00e1 T10/24": 8.800589601565685}