{"Gi\u00e1 T10/22": 5.8421423698742165, "Gi\u00e1 T11/22": 6.059816954834892, "Gi\u00e1 T12/22": 6.052706772767737, "Gi\u00e1 T1/23": 6.264937093630598, "Gi\u00e1 T2/23": 6.4519552903188275, "Gi\u00e1 T3/23": 6.480438145235001, "Gi\u00e1 T4/23": 6.807977649692666, "Gi\u00e1 T5/23": 7.072751593291087, "Gi\u00e1 T6/23": 7.172596007999885, "Gi\u00e1 T7/23": 6.285094242615158, "Gi\u00e1 T8/23": 6.847803435230177, "Gi\u00e1 T9/23": 6.761691953371519, "Gi\u00e1 T10/23": 6.580089915280238, "Gi\u00e1 T11/23": 6.835943382424319, "Gi\u00e1 T12/23": 6.795328196724925, "Gi\u00e1 T1/24": 6.704488947577793, "Gi\u00e1 T2/24": 7.060176226795876, "Gi\u00e1 T3/24": 7.614355497253475, "Gi\u00e1 T4/24": 8.277150471006234, "Gi\u00e1 T5/24": 8.105451276863395, "Gi\u00e1 T6/24": 8.382871770250686, "Gi\u00e1 T7/24": 7.68426673019117, "Gi\u00e1 T8/24": 8.577200898955567, "Gi\u00e1 T9/24": 8.983138591596108, "Gi\u00e1 T10/24": 8.865843268830659}