{"Gi\u00e1 T10/22": 116.02523057485266, "Gi\u00e1 T11/22": 118.30270280608468, "Gi\u00e1 T12/22": 111.76068056315805, "Gi\u00e1 T1/23": 112.44751778900297, "Gi\u00e1 T2/23": 121.60395522300054, "Gi\u00e1 T3/23": 123.808688695764, "Gi\u00e1 T4/23": 100.1498146449258, "Gi\u00e1 T5/23": 96.4381022681461, "Gi\u00e1 T6/23": 101.87593136335056, "Gi\u00e1 T7/23": 101.78331416944482, "Gi\u00e1 T8/23": 106.0566123948603, "Gi\u00e1 T9/23": 105.87595444504382, "Gi\u00e1 T10/23": 111.81266731822264, "Gi\u00e1 T11/23": 107.9976266188404, "Gi\u00e1 T12/23": 111.40114502115273, "Gi\u00e1 T1/24": 106.28420745743163, "Gi\u00e1 T2/24": 95.7629541610766, "Gi\u00e1 T3/24": 108.45470390750198, "Gi\u00e1 T4/24": 113.30351107828112, "Gi\u00e1 T5/24": 126.41226533862653, "Gi\u00e1 T6/24": 125.92368541000039, "Gi\u00e1 T7/24": 127.43372596986681, "Gi\u00e1 T8/24": 130.25290866482024, "Gi\u00e1 T9/24": 128.8736040526088, "Gi\u00e1 T10/24": 129.34923819266643}