{"Gi\u00e1 T10/22": 8.454765027580441, "Gi\u00e1 T11/22": 8.416547372878998, "Gi\u00e1 T12/22": 8.57308161154265, "Gi\u00e1 T1/23": 8.69662821726651, "Gi\u00e1 T2/23": 8.087152746727508, "Gi\u00e1 T3/23": 8.693482126991167, "Gi\u00e1 T4/23": 7.446259301654253, "Gi\u00e1 T5/23": 8.422829414262825, "Gi\u00e1 T6/23": 8.225898638597672, "Gi\u00e1 T7/23": 7.624011278064741, "Gi\u00e1 T8/23": 7.947928276877439, "Gi\u00e1 T9/23": 8.087871855589365, "Gi\u00e1 T10/23": 8.684083696708866, "Gi\u00e1 T11/23": 9.370737161495938, "Gi\u00e1 T12/23": 9.705384717519957, "Gi\u00e1 T1/24": 9.38544311311046, "Gi\u00e1 T2/24": 9.363968691051674, "Gi\u00e1 T3/24": 9.25773590029439, "Gi\u00e1 T4/24": 9.566219910852354, "Gi\u00e1 T5/24": 8.412071937974291, "Gi\u00e1 T6/24": 9.762424106691345, "Gi\u00e1 T7/24": 10.430567345399682, "Gi\u00e1 T8/24": 11.609216934513524, "Gi\u00e1 T9/24": 11.54860774163142, "Gi\u00e1 T10/24": 11.953259478971862}