{"Gi\u00e1 T10/22": 20.416263650076342, "Gi\u00e1 T11/22": 24.413761803455788, "Gi\u00e1 T12/22": 20.499523526567184, "Gi\u00e1 T1/23": 21.875283979313423, "Gi\u00e1 T2/23": 21.64987617199909, "Gi\u00e1 T3/23": 22.030887893133794, "Gi\u00e1 T4/23": 19.380920720886717, "Gi\u00e1 T5/23": 20.07387912649208, "Gi\u00e1 T6/23": 19.12712073956814, "Gi\u00e1 T7/23": 20.62779277221203, "Gi\u00e1 T8/23": 23.57083658730213, "Gi\u00e1 T9/23": 23.14544255351174, "Gi\u00e1 T10/23": 22.934178421902995, "Gi\u00e1 T11/23": 20.06519920589493, "Gi\u00e1 T12/23": 21.704694761498086, "Gi\u00e1 T1/24": 21.059445502150364, "Gi\u00e1 T2/24": 21.42631121648104, "Gi\u00e1 T3/24": 22.95811724399065, "Gi\u00e1 T4/24": 23.50761805639071, "Gi\u00e1 T5/24": 24.881748854704554, "Gi\u00e1 T6/24": 25.109079277486515, "Gi\u00e1 T7/24": 27.703755952492237, "Gi\u00e1 T8/24": 27.983791473982183, "Gi\u00e1 T9/24": 29.198509512239458, "Gi\u00e1 T10/24": 28.673345720790266}