{"Gi\u00e1 T10/22": 8.783314134212699, "Gi\u00e1 T11/22": 8.372259751346123, "Gi\u00e1 T12/22": 8.53884217869862, "Gi\u00e1 T1/23": 8.745739868485302, "Gi\u00e1 T2/23": 9.098225717289862, "Gi\u00e1 T3/23": 8.124624861984833, "Gi\u00e1 T4/23": 8.057437434202381, "Gi\u00e1 T5/23": 8.023070314473141, "Gi\u00e1 T6/23": 8.532212004868855, "Gi\u00e1 T7/23": 8.050433783638033, "Gi\u00e1 T8/23": 8.570407131710088, "Gi\u00e1 T9/23": 8.341877009136141, "Gi\u00e1 T10/23": 6.779347370413911, "Gi\u00e1 T11/23": 6.749233932256716, "Gi\u00e1 T12/23": 6.799142416812575, "Gi\u00e1 T1/24": 6.249402646021045, "Gi\u00e1 T2/24": 7.199140234452355, "Gi\u00e1 T3/24": 5.785004427411978, "Gi\u00e1 T4/24": 5.290497688418313, "Gi\u00e1 T5/24": 6.912330439122224, "Gi\u00e1 T6/24": 6.78583938149637, "Gi\u00e1 T7/24": 6.705651984542314, "Gi\u00e1 T8/24": 6.334441549478062, "Gi\u00e1 T9/24": 6.055223588224901, "Gi\u00e1 T10/24": 6.265486626732432}