{"Gi\u00e1 T10/22": 8.956781330607797, "Gi\u00e1 T11/22": 8.465891286729242, "Gi\u00e1 T12/22": 8.636698111934153, "Gi\u00e1 T1/23": 8.897766703687367, "Gi\u00e1 T2/23": 9.259606952823935, "Gi\u00e1 T3/23": 8.256312111730095, "Gi\u00e1 T4/23": 8.214129571779441, "Gi\u00e1 T5/23": 8.185982315952877, "Gi\u00e1 T6/23": 8.684740740703955, "Gi\u00e1 T7/23": 8.187080194022938, "Gi\u00e1 T8/23": 8.73382075127312, "Gi\u00e1 T9/23": 8.499481152935397, "Gi\u00e1 T10/23": 6.871618254876963, "Gi\u00e1 T11/23": 6.857802867318745, "Gi\u00e1 T12/23": 6.881257436276495, "Gi\u00e1 T1/24": 6.31728600428549, "Gi\u00e1 T2/24": 7.310821347773222, "Gi\u00e1 T3/24": 5.856428626961543, "Gi\u00e1 T4/24": 5.34808794665651, "Gi\u00e1 T5/24": 7.020823751355427, "Gi\u00e1 T6/24": 6.878668008601448, "Gi\u00e1 T7/24": 6.800462169168042, "Gi\u00e1 T8/24": 6.394980435362978, "Gi\u00e1 T9/24": 6.147555434839027, "Gi\u00e1 T10/24": 6.356927531923698}