{"Gi\u00e1 T10/22": 7.529796909105666, "Gi\u00e1 T11/22": 7.20930487915257, "Gi\u00e1 T12/22": 7.640536212247424, "Gi\u00e1 T1/23": 8.016674928995423, "Gi\u00e1 T2/23": 7.838950358677503, "Gi\u00e1 T3/23": 8.604206726988304, "Gi\u00e1 T4/23": 8.568605809346893, "Gi\u00e1 T5/23": 8.434517575022214, "Gi\u00e1 T6/23": 8.081751336535548, "Gi\u00e1 T7/23": 8.489634104541226, "Gi\u00e1 T8/23": 8.4436631055851, "Gi\u00e1 T9/23": 7.4157289909160395, "Gi\u00e1 T10/23": 7.461407641931962, "Gi\u00e1 T11/23": 7.428794779724465, "Gi\u00e1 T12/23": 7.465363905362228, "Gi\u00e1 T1/24": 7.961910925650163, "Gi\u00e1 T2/24": 7.723658262672784, "Gi\u00e1 T3/24": 8.534654145427204, "Gi\u00e1 T4/24": 8.266450346613528, "Gi\u00e1 T5/24": 9.877421424402733, "Gi\u00e1 T6/24": 8.815793778749416, "Gi\u00e1 T7/24": 8.752614498144514, "Gi\u00e1 T8/24": 9.030462737804065, "Gi\u00e1 T9/24": 9.44953757800949, "Gi\u00e1 T10/24": 10.689937889578502}