{"Gi\u00e1 T10/22": 44.12514659786349, "Gi\u00e1 T11/22": 43.40144070689754, "Gi\u00e1 T12/22": 41.89227162372766, "Gi\u00e1 T1/23": 40.648549405201, "Gi\u00e1 T2/23": 41.95095265808458, "Gi\u00e1 T3/23": 41.721172161408724, "Gi\u00e1 T4/23": 39.87469757375476, "Gi\u00e1 T5/23": 43.413418395579086, "Gi\u00e1 T6/23": 41.97815632464877, "Gi\u00e1 T7/23": 40.556796582442836, "Gi\u00e1 T8/23": 42.52207652983602, "Gi\u00e1 T9/23": 40.687758748603514, "Gi\u00e1 T10/23": 39.846912461598535, "Gi\u00e1 T11/23": 42.864683296220946, "Gi\u00e1 T12/23": 43.69329789527312, "Gi\u00e1 T1/24": 44.20115991421487, "Gi\u00e1 T2/24": 44.650024013072965, "Gi\u00e1 T3/24": 45.266022008980535, "Gi\u00e1 T4/24": 47.44907732480976, "Gi\u00e1 T5/24": 50.18884551322445, "Gi\u00e1 T6/24": 51.1217273451542, "Gi\u00e1 T7/24": 52.799230464198864, "Gi\u00e1 T8/24": 56.29614544296561, "Gi\u00e1 T9/24": 55.637725504482745, "Gi\u00e1 T10/24": 56.50109830770451}