{"Gi\u00e1 T10/22": 6.655074669280228, "Gi\u00e1 T11/22": 6.315718502648552, "Gi\u00e1 T12/22": 6.336508754126566, "Gi\u00e1 T1/23": 6.25865580319219, "Gi\u00e1 T2/23": 6.417341411591918, "Gi\u00e1 T3/23": 6.73473826707202, "Gi\u00e1 T4/23": 6.599682315749855, "Gi\u00e1 T5/23": 6.93370284785384, "Gi\u00e1 T6/23": 6.505202180433532, "Gi\u00e1 T7/23": 6.313684399629538, "Gi\u00e1 T8/23": 6.581566440196641, "Gi\u00e1 T9/23": 6.442641943172795, "Gi\u00e1 T10/23": 6.649521329772881, "Gi\u00e1 T11/23": 7.220432896069079, "Gi\u00e1 T12/23": 7.070060520522013, "Gi\u00e1 T1/24": 6.982842715048585, "Gi\u00e1 T2/24": 6.422160743938668, "Gi\u00e1 T3/24": 6.520368633851161, "Gi\u00e1 T4/24": 7.4440089126822135, "Gi\u00e1 T5/24": 7.042208832173364, "Gi\u00e1 T6/24": 7.776617032028213, "Gi\u00e1 T7/24": 8.08062652240612, "Gi\u00e1 T8/24": 8.50024221108192, "Gi\u00e1 T9/24": 8.466862905063191, "Gi\u00e1 T10/24": 8.548704257602285}