{"Gi\u00e1 T10/22": 16.075050164556274, "Gi\u00e1 T11/22": 19.136708424144068, "Gi\u00e1 T12/22": 16.300566205730604, "Gi\u00e1 T1/23": 17.154586205395088, "Gi\u00e1 T2/23": 16.877243764637345, "Gi\u00e1 T3/23": 17.348824859400022, "Gi\u00e1 T4/23": 15.34496039615835, "Gi\u00e1 T5/23": 15.928693548706207, "Gi\u00e1 T6/23": 15.256986906697811, "Gi\u00e1 T7/23": 16.149117447615822, "Gi\u00e1 T8/23": 18.12884000012456, "Gi\u00e1 T9/23": 18.10087187295772, "Gi\u00e1 T10/23": 18.111921072823574, "Gi\u00e1 T11/23": 16.087572300944075, "Gi\u00e1 T12/23": 17.389540040706336, "Gi\u00e1 T1/24": 16.861029177493684, "Gi\u00e1 T2/24": 16.89599710038735, "Gi\u00e1 T3/24": 18.05987723991163, "Gi\u00e1 T4/24": 18.49671207336959, "Gi\u00e1 T5/24": 19.284204993685993, "Gi\u00e1 T6/24": 19.748265934479033, "Gi\u00e1 T7/24": 21.653753186172846, "Gi\u00e1 T8/24": 22.186889016036286, "Gi\u00e1 T9/24": 23.08506930277791, "Gi\u00e1 T10/24": 22.77206676973625}