{"Gi\u00e1 T10/22": 6.1391738972235395, "Gi\u00e1 T11/22": 6.698326250743803, "Gi\u00e1 T12/22": 6.759315858664469, "Gi\u00e1 T1/23": 5.614703343931082, "Gi\u00e1 T2/23": 5.809423681293346, "Gi\u00e1 T3/23": 6.201374971333996, "Gi\u00e1 T4/23": 5.840980451223833, "Gi\u00e1 T5/23": 5.698212920070305, "Gi\u00e1 T6/23": 6.146192302927187, "Gi\u00e1 T7/23": 6.693582207096429, "Gi\u00e1 T8/23": 6.012101465801097, "Gi\u00e1 T9/23": 6.213562468715638, "Gi\u00e1 T10/23": 6.248182893744726, "Gi\u00e1 T11/23": 6.271268024217985, "Gi\u00e1 T12/23": 7.088414070515896, "Gi\u00e1 T1/24": 6.143997837713207, "Gi\u00e1 T2/24": 5.856193302820528, "Gi\u00e1 T3/24": 6.403217393034235, "Gi\u00e1 T4/24": 6.375122203851083, "Gi\u00e1 T5/24": 7.908498024832017, "Gi\u00e1 T6/24": 6.848171737066098, "Gi\u00e1 T7/24": 6.959238385305447, "Gi\u00e1 T8/24": 7.736965198477769, "Gi\u00e1 T9/24": 7.414743418092117, "Gi\u00e1 T10/24": 8.62161699481386}