{"Gi\u00e1 T10/22": 5.6265708289337875, "Gi\u00e1 T11/22": 5.701383790746825, "Gi\u00e1 T12/22": 5.767384370564908, "Gi\u00e1 T1/23": 6.034921240578025, "Gi\u00e1 T2/23": 6.309769666501687, "Gi\u00e1 T3/23": 6.407339769182068, "Gi\u00e1 T4/23": 6.617393120170446, "Gi\u00e1 T5/23": 6.916778695068433, "Gi\u00e1 T6/23": 6.995161448766596, "Gi\u00e1 T7/23": 5.9969397518743515, "Gi\u00e1 T8/23": 6.618355231317283, "Gi\u00e1 T9/23": 6.514315098363228, "Gi\u00e1 T10/23": 6.364065642369882, "Gi\u00e1 T11/23": 6.702475729162413, "Gi\u00e1 T12/23": 6.7138911867126865, "Gi\u00e1 T1/24": 6.583951141682917, "Gi\u00e1 T2/24": 6.9418759723497265, "Gi\u00e1 T3/24": 7.507634576042784, "Gi\u00e1 T4/24": 8.141959557914253, "Gi\u00e1 T5/24": 7.936947263242934, "Gi\u00e1 T6/24": 8.305433868020176, "Gi\u00e1 T7/24": 7.636998489720564, "Gi\u00e1 T8/24": 8.51415375491137, "Gi\u00e1 T9/24": 9.059505678440463, "Gi\u00e1 T10/24": 8.723539242156122}