{"Gi\u00e1 T10/22": 8.409261193687813, "Gi\u00e1 T11/22": 7.994176380163093, "Gi\u00e1 T12/22": 8.476803923719107, "Gi\u00e1 T1/23": 8.628203117750846, "Gi\u00e1 T2/23": 8.561298659035414, "Gi\u00e1 T3/23": 9.623639637691575, "Gi\u00e1 T4/23": 9.251225834045783, "Gi\u00e1 T5/23": 9.150363951707504, "Gi\u00e1 T6/23": 8.908739120043844, "Gi\u00e1 T7/23": 9.171695479552632, "Gi\u00e1 T8/23": 9.305907817543316, "Gi\u00e1 T9/23": 8.295663603204513, "Gi\u00e1 T10/23": 8.425922576213368, "Gi\u00e1 T11/23": 8.475087837426154, "Gi\u00e1 T12/23": 8.54048908490909, "Gi\u00e1 T1/24": 9.369213457063518, "Gi\u00e1 T2/24": 8.952160612698561, "Gi\u00e1 T3/24": 9.89490216620342, "Gi\u00e1 T4/24": 9.607494420405349, "Gi\u00e1 T5/24": 11.457456279680574, "Gi\u00e1 T6/24": 10.018787741627536, "Gi\u00e1 T7/24": 9.941941327044145, "Gi\u00e1 T8/24": 10.274890779908999, "Gi\u00e1 T9/24": 10.773091031881192, "Gi\u00e1 T10/24": 12.076540221211218}