{"Gi\u00e1 T10/22": 6.337837403262377, "Gi\u00e1 T11/22": 6.011257160002237, "Gi\u00e1 T12/22": 6.0445681102827145, "Gi\u00e1 T1/23": 6.062733030636124, "Gi\u00e1 T2/23": 6.190658284867611, "Gi\u00e1 T3/23": 6.4900449112615215, "Gi\u00e1 T4/23": 6.387253680459549, "Gi\u00e1 T5/23": 6.5992776068118015, "Gi\u00e1 T6/23": 6.195429349737289, "Gi\u00e1 T7/23": 6.016807318380189, "Gi\u00e1 T8/23": 6.27253157017568, "Gi\u00e1 T9/23": 6.148368160291213, "Gi\u00e1 T10/23": 6.433945090322682, "Gi\u00e1 T11/23": 6.906981725162167, "Gi\u00e1 T12/23": 6.712364926900011, "Gi\u00e1 T1/24": 6.612698801594778, "Gi\u00e1 T2/24": 6.0783173305513785, "Gi\u00e1 T3/24": 6.17727481482984, "Gi\u00e1 T4/24": 6.904808280802301, "Gi\u00e1 T5/24": 6.682769919210406, "Gi\u00e1 T6/24": 7.201112222523637, "Gi\u00e1 T7/24": 7.43906613634016, "Gi\u00e1 T8/24": 7.9173325793738005, "Gi\u00e1 T9/24": 7.9516180671016565, "Gi\u00e1 T10/24": 8.180667274116974}