{"Gi\u00e1 T10/22": 7.540893251726776, "Gi\u00e1 T11/22": 7.192203125979887, "Gi\u00e1 T12/22": 7.620334739903201, "Gi\u00e1 T1/23": 7.908929471273577, "Gi\u00e1 T2/23": 7.740946717711922, "Gi\u00e1 T3/23": 8.599132893245356, "Gi\u00e1 T4/23": 8.540419989794911, "Gi\u00e1 T5/23": 8.403016467359407, "Gi\u00e1 T6/23": 8.081518073326194, "Gi\u00e1 T7/23": 8.403480577925357, "Gi\u00e1 T8/23": 8.404947500898876, "Gi\u00e1 T9/23": 7.415002259943397, "Gi\u00e1 T10/23": 7.531469867859084, "Gi\u00e1 T11/23": 7.47645950464163, "Gi\u00e1 T12/23": 7.525904044028351, "Gi\u00e1 T1/24": 8.035240063179705, "Gi\u00e1 T2/24": 7.753548289659395, "Gi\u00e1 T3/24": 8.68581386956052, "Gi\u00e1 T4/24": 8.448758000317005, "Gi\u00e1 T5/24": 10.056319941247443, "Gi\u00e1 T6/24": 9.024183740046753, "Gi\u00e1 T7/24": 9.006638803088192, "Gi\u00e1 T8/24": 9.245435973146748, "Gi\u00e1 T9/24": 9.66166126393226, "Gi\u00e1 T10/24": 11.126547687618224}