{"Gi\u00e1 T10/22": 5.674855185016615, "Gi\u00e1 T11/22": 5.787694863265365, "Gi\u00e1 T12/22": 5.840580210841006, "Gi\u00e1 T1/23": 5.939389147378148, "Gi\u00e1 T2/23": 6.210019934250703, "Gi\u00e1 T3/23": 6.229628275424158, "Gi\u00e1 T4/23": 6.430720493815639, "Gi\u00e1 T5/23": 6.747155250371348, "Gi\u00e1 T6/23": 6.827389614277749, "Gi\u00e1 T7/23": 5.9109802844313455, "Gi\u00e1 T8/23": 6.41456843145122, "Gi\u00e1 T9/23": 6.360302068383444, "Gi\u00e1 T10/23": 6.223473250350371, "Gi\u00e1 T11/23": 6.487004026540072, "Gi\u00e1 T12/23": 6.562768708886779, "Gi\u00e1 T1/24": 6.426388121973655, "Gi\u00e1 T2/24": 6.703131089569166, "Gi\u00e1 T3/24": 7.281936541402301, "Gi\u00e1 T4/24": 7.934120160291024, "Gi\u00e1 T5/24": 7.6366616545462485, "Gi\u00e1 T6/24": 8.007772873850259, "Gi\u00e1 T7/24": 7.377821212275298, "Gi\u00e1 T8/24": 8.252363435339458, "Gi\u00e1 T9/24": 8.930534981696818, "Gi\u00e1 T10/24": 8.62859874743519}