{"Gi\u00e1 T10/22": 3.6563958715148415, "Gi\u00e1 T11/22": 3.8769866702151092, "Gi\u00e1 T12/22": 4.084445165220401, "Gi\u00e1 T1/23": 4.541546105198209, "Gi\u00e1 T2/23": 4.068295176240982, "Gi\u00e1 T3/23": 4.2923306680756275, "Gi\u00e1 T4/23": 4.295510476813002, "Gi\u00e1 T5/23": 4.197510084453748, "Gi\u00e1 T6/23": 4.405576303289113, "Gi\u00e1 T7/23": 4.397245641395218, "Gi\u00e1 T8/23": 4.098874141855204, "Gi\u00e1 T9/23": 4.27707064862545, "Gi\u00e1 T10/23": 4.2777450326197055, "Gi\u00e1 T11/23": 4.911185558471965, "Gi\u00e1 T12/23": 4.691481642295961, "Gi\u00e1 T1/24": 4.351156639626308, "Gi\u00e1 T2/24": 3.9930227609206996, "Gi\u00e1 T3/24": 4.504157623511404, "Gi\u00e1 T4/24": 4.736668200436425, "Gi\u00e1 T5/24": 4.330482296820636, "Gi\u00e1 T6/24": 3.7539210269960503, "Gi\u00e1 T7/24": 3.9167130384598035, "Gi\u00e1 T8/24": 5.372365186052387, "Gi\u00e1 T9/24": 5.922761396857261, "Gi\u00e1 T10/24": 5.167278706511701}