{"Gi\u00e1 T10/22": 5.88255190164287, "Gi\u00e1 T11/22": 6.090814833922519, "Gi\u00e1 T12/22": 6.084199512612417, "Gi\u00e1 T1/23": 6.404943375080209, "Gi\u00e1 T2/23": 6.644852782763124, "Gi\u00e1 T3/23": 6.72504432017562, "Gi\u00e1 T4/23": 7.0563238255833625, "Gi\u00e1 T5/23": 7.33564232275437, "Gi\u00e1 T6/23": 7.415973637751342, "Gi\u00e1 T7/23": 6.438362382182261, "Gi\u00e1 T8/23": 7.142423568016061, "Gi\u00e1 T9/23": 6.993637240311161, "Gi\u00e1 T10/23": 6.772232361728031, "Gi\u00e1 T11/23": 7.027398264755191, "Gi\u00e1 T12/23": 6.957984841122456, "Gi\u00e1 T1/24": 6.916152641668023, "Gi\u00e1 T2/24": 7.391322725268642, "Gi\u00e1 T3/24": 7.926495881125205, "Gi\u00e1 T4/24": 8.604549660139174, "Gi\u00e1 T5/24": 8.470396299946053, "Gi\u00e1 T6/24": 8.757078514884126, "Gi\u00e1 T7/24": 8.020358667832722, "Gi\u00e1 T8/24": 8.931287500001659, "Gi\u00e1 T9/24": 9.180294661978856, "Gi\u00e1 T10/24": 8.97612205775786}