{"Gi\u00e1 T10/22": 20.226429967476417, "Gi\u00e1 T11/22": 23.864519745821493, "Gi\u00e1 T12/22": 20.201522683543455, "Gi\u00e1 T1/23": 21.544337604645158, "Gi\u00e1 T2/23": 21.262491896697732, "Gi\u00e1 T3/23": 21.634103109115014, "Gi\u00e1 T4/23": 19.050718994152554, "Gi\u00e1 T5/23": 19.724137231389342, "Gi\u00e1 T6/23": 18.777879922358025, "Gi\u00e1 T7/23": 20.189835884709236, "Gi\u00e1 T8/23": 23.058666195379214, "Gi\u00e1 T9/23": 22.63287991383799, "Gi\u00e1 T10/23": 22.418242167099933, "Gi\u00e1 T11/23": 19.785487390361137, "Gi\u00e1 T12/23": 21.371779128397055, "Gi\u00e1 T1/24": 20.734081960015935, "Gi\u00e1 T2/24": 21.113890932700134, "Gi\u00e1 T3/24": 22.50909060073341, "Gi\u00e1 T4/24": 23.099126441076272, "Gi\u00e1 T5/24": 24.361819597549363, "Gi\u00e1 T6/24": 24.585421561926047, "Gi\u00e1 T7/24": 27.04145670334711, "Gi\u00e1 T8/24": 27.29442675109433, "Gi\u00e1 T9/24": 28.44355631118433, "Gi\u00e1 T10/24": 27.962950461975726}