{"Gi\u00e1 T10/22": 8.433414760674696, "Gi\u00e1 T11/22": 8.388363699869366, "Gi\u00e1 T12/22": 8.567504316239232, "Gi\u00e1 T1/23": 8.73168186364926, "Gi\u00e1 T2/23": 8.080438990276273, "Gi\u00e1 T3/23": 8.654370633280923, "Gi\u00e1 T4/23": 7.455305418290273, "Gi\u00e1 T5/23": 8.400190502286144, "Gi\u00e1 T6/23": 8.203825511723876, "Gi\u00e1 T7/23": 7.63154251967869, "Gi\u00e1 T8/23": 7.9353001968179075, "Gi\u00e1 T9/23": 8.085836412815691, "Gi\u00e1 T10/23": 8.667436477566097, "Gi\u00e1 T11/23": 9.365704298288467, "Gi\u00e1 T12/23": 9.693089364209463, "Gi\u00e1 T1/24": 9.39071997341499, "Gi\u00e1 T2/24": 9.37324009733304, "Gi\u00e1 T3/24": 9.219217095449176, "Gi\u00e1 T4/24": 9.541795779109876, "Gi\u00e1 T5/24": 8.378066989125088, "Gi\u00e1 T6/24": 9.72976322251558, "Gi\u00e1 T7/24": 10.380543092764077, "Gi\u00e1 T8/24": 11.566410294328147, "Gi\u00e1 T9/24": 11.492642500162034, "Gi\u00e1 T10/24": 11.877174058507336}