{"Gi\u00e1 T10/22": 17.421376195053924, "Gi\u00e1 T11/22": 20.856755113151102, "Gi\u00e1 T12/22": 17.608147560497283, "Gi\u00e1 T1/23": 18.780106483261054, "Gi\u00e1 T2/23": 18.525361465361417, "Gi\u00e1 T3/23": 18.917718449883697, "Gi\u00e1 T4/23": 16.450935949228086, "Gi\u00e1 T5/23": 17.269913480789405, "Gi\u00e1 T6/23": 16.506960494818316, "Gi\u00e1 T7/23": 17.649514599319875, "Gi\u00e1 T8/23": 20.150334168563994, "Gi\u00e1 T9/23": 19.814047132825298, "Gi\u00e1 T10/23": 19.742409760293903, "Gi\u00e1 T11/23": 17.38578813147876, "Gi\u00e1 T12/23": 18.72660558984921, "Gi\u00e1 T1/24": 18.13201068448211, "Gi\u00e1 T2/24": 18.44788973904049, "Gi\u00e1 T3/24": 19.76304631021175, "Gi\u00e1 T4/24": 20.139475875625553, "Gi\u00e1 T5/24": 21.169255065308107, "Gi\u00e1 T6/24": 21.58732498171509, "Gi\u00e1 T7/24": 23.877995361385906, "Gi\u00e1 T8/24": 24.26767686678522, "Gi\u00e1 T9/24": 25.247806931927254, "Gi\u00e1 T10/24": 24.850389374253467}