{"Gi\u00e1 T10/22": 61.77763484742217, "Gi\u00e1 T11/22": 69.62391626875919, "Gi\u00e1 T12/22": 59.297306914289535, "Gi\u00e1 T1/23": 62.94437972743281, "Gi\u00e1 T2/23": 62.50891887779899, "Gi\u00e1 T3/23": 62.88732260264826, "Gi\u00e1 T4/23": 57.92701932734971, "Gi\u00e1 T5/23": 57.13066610364957, "Gi\u00e1 T6/23": 53.669791989532904, "Gi\u00e1 T7/23": 58.78152210882685, "Gi\u00e1 T8/23": 66.77281512266956, "Gi\u00e1 T9/23": 64.7504881989109, "Gi\u00e1 T10/23": 63.40337330370364, "Gi\u00e1 T11/23": 56.40262302358482, "Gi\u00e1 T12/23": 61.72895282389086, "Gi\u00e1 T1/24": 60.969942927813065, "Gi\u00e1 T2/24": 61.92749155687089, "Gi\u00e1 T3/24": 64.48767397314728, "Gi\u00e1 T4/24": 68.11106919061541, "Gi\u00e1 T5/24": 72.27735014601431, "Gi\u00e1 T6/24": 70.91610951253645, "Gi\u00e1 T7/24": 76.22584996199878, "Gi\u00e1 T8/24": 75.66622673125897, "Gi\u00e1 T9/24": 79.22351518094126, "Gi\u00e1 T10/24": 77.03744537044163}