{"Gi\u00e1 T10/22": 8.523712047871333, "Gi\u00e1 T11/22": 8.427624868579095, "Gi\u00e1 T12/22": 8.617417205967458, "Gi\u00e1 T1/23": 8.699317609984432, "Gi\u00e1 T2/23": 8.11833723949049, "Gi\u00e1 T3/23": 8.8414402203817, "Gi\u00e1 T4/23": 7.507917984429994, "Gi\u00e1 T5/23": 8.535682094803628, "Gi\u00e1 T6/23": 8.316964224394846, "Gi\u00e1 T7/23": 7.664105372165723, "Gi\u00e1 T8/23": 8.031299536007339, "Gi\u00e1 T9/23": 8.145073932661788, "Gi\u00e1 T10/23": 8.743998490721893, "Gi\u00e1 T11/23": 9.40376734580452, "Gi\u00e1 T12/23": 9.775836688500915, "Gi\u00e1 T1/24": 9.465734624138129, "Gi\u00e1 T2/24": 9.452890233949873, "Gi\u00e1 T3/24": 9.35411037795619, "Gi\u00e1 T4/24": 9.677775016412228, "Gi\u00e1 T5/24": 8.518785502914556, "Gi\u00e1 T6/24": 9.86506071275376, "Gi\u00e1 T7/24": 10.54613091290166, "Gi\u00e1 T8/24": 11.736822864845507, "Gi\u00e1 T9/24": 11.684721027027221, "Gi\u00e1 T10/24": 12.111550160026413}