{"Gi\u00e1 T10/22": 20.50569191046647, "Gi\u00e1 T11/22": 24.522848707051857, "Gi\u00e1 T12/22": 20.59006723677562, "Gi\u00e1 T1/23": 21.974321252232624, "Gi\u00e1 T2/23": 21.746772715556723, "Gi\u00e1 T3/23": 22.129824416536884, "Gi\u00e1 T4/23": 19.466616867756038, "Gi\u00e1 T5/23": 20.160513007153327, "Gi\u00e1 T6/23": 19.209303579766512, "Gi\u00e1 T7/23": 20.72189331049029, "Gi\u00e1 T8/23": 23.680416368403954, "Gi\u00e1 T9/23": 23.252397478185358, "Gi\u00e1 T10/23": 23.039410843568668, "Gi\u00e1 T11/23": 20.15450202308297, "Gi\u00e1 T12/23": 21.804860279179483, "Gi\u00e1 T1/24": 21.156598707727223, "Gi\u00e1 T2/24": 21.51904257883921, "Gi\u00e1 T3/24": 23.059310834025478, "Gi\u00e1 T4/24": 23.613748191431046, "Gi\u00e1 T5/24": 24.995658472721136, "Gi\u00e1 T6/24": 25.22498461977795, "Gi\u00e1 T7/24": 27.824522616842966, "Gi\u00e1 T8/24": 28.096033977333526, "Gi\u00e1 T9/24": 29.31915856040185, "Gi\u00e1 T10/24": 28.781786980038433}