{"Gi\u00e1 T10/22": 64.33999358337024, "Gi\u00e1 T11/22": 62.66259772196372, "Gi\u00e1 T12/22": 67.04602342464818, "Gi\u00e1 T1/23": 52.98261034907842, "Gi\u00e1 T2/23": 47.623707812354986, "Gi\u00e1 T3/23": 54.19023588110721, "Gi\u00e1 T4/23": 50.557135259730515, "Gi\u00e1 T5/23": 55.361497215411354, "Gi\u00e1 T6/23": 51.22699521249276, "Gi\u00e1 T7/23": 49.07127515519701, "Gi\u00e1 T8/23": 58.77471784017412, "Gi\u00e1 T9/23": 54.06937246196256, "Gi\u00e1 T10/23": 57.7773044489908, "Gi\u00e1 T11/23": 51.710596345528465, "Gi\u00e1 T12/23": 44.63654163886206, "Gi\u00e1 T1/24": 59.63965519327497, "Gi\u00e1 T2/24": 52.19798019182663, "Gi\u00e1 T3/24": 57.52230375676553, "Gi\u00e1 T4/24": 60.87022315273965, "Gi\u00e1 T5/24": 62.59073316107931, "Gi\u00e1 T6/24": 62.544899848260506, "Gi\u00e1 T7/24": 57.60099316895621, "Gi\u00e1 T8/24": 56.51996837407248, "Gi\u00e1 T9/24": 66.85346836327936, "Gi\u00e1 T10/24": 69.7971909236662}