{"Gi\u00e1 T10/22": 8.343142926748971, "Gi\u00e1 T11/22": 7.993229899220332, "Gi\u00e1 T12/22": 8.14840761698916, "Gi\u00e1 T1/23": 8.305991864381237, "Gi\u00e1 T2/23": 8.659528072292675, "Gi\u00e1 T3/23": 7.736784067002021, "Gi\u00e1 T4/23": 7.669740169998709, "Gi\u00e1 T5/23": 7.628770715608312, "Gi\u00e1 T6/23": 8.119921340018843, "Gi\u00e1 T7/23": 7.6790241861425255, "Gi\u00e1 T8/23": 8.176625088360302, "Gi\u00e1 T9/23": 7.9486450907801185, "Gi\u00e1 T10/23": 6.482688710580507, "Gi\u00e1 T11/23": 6.4461720516636705, "Gi\u00e1 T12/23": 6.493134562706702, "Gi\u00e1 T1/24": 5.970975467221052, "Gi\u00e1 T2/24": 6.874622336637904, "Gi\u00e1 T3/24": 5.539297178304483, "Gi\u00e1 T4/24": 5.07355101173498, "Gi\u00e1 T5/24": 6.607836036230928, "Gi\u00e1 T6/24": 6.491750742243294, "Gi\u00e1 T7/24": 6.41944627606191, "Gi\u00e1 T8/24": 6.060657789019533, "Gi\u00e1 T9/24": 5.7900187600920505, "Gi\u00e1 T10/24": 5.977881775787457}