{"Gi\u00e1 T10/22": 57.74674477008158, "Gi\u00e1 T11/22": 56.44669257516853, "Gi\u00e1 T12/22": 61.02424219481554, "Gi\u00e1 T1/23": 48.401602490354975, "Gi\u00e1 T2/23": 44.25041571018253, "Gi\u00e1 T3/23": 49.36307131211092, "Gi\u00e1 T4/23": 45.99984498543994, "Gi\u00e1 T5/23": 49.8438585395805, "Gi\u00e1 T6/23": 46.99813974354092, "Gi\u00e1 T7/23": 44.75147883433051, "Gi\u00e1 T8/23": 53.23778881452095, "Gi\u00e1 T9/23": 49.119446836513575, "Gi\u00e1 T10/23": 53.0350067126635, "Gi\u00e1 T11/23": 47.12563040572639, "Gi\u00e1 T12/23": 41.462736942199264, "Gi\u00e1 T1/24": 54.20071830185475, "Gi\u00e1 T2/24": 47.42287466125523, "Gi\u00e1 T3/24": 52.16865414024887, "Gi\u00e1 T4/24": 56.754599252777446, "Gi\u00e1 T5/24": 57.6496409433039, "Gi\u00e1 T6/24": 58.580207904056614, "Gi\u00e1 T7/24": 54.114569689976534, "Gi\u00e1 T8/24": 53.555000499335584, "Gi\u00e1 T9/24": 62.25897317497837, "Gi\u00e1 T10/24": 63.94190717256646}