{"Gi\u00e1 T10/22": 10.96182094308262, "Gi\u00e1 T11/22": 10.645045131061632, "Gi\u00e1 T12/22": 11.613902026514507, "Gi\u00e1 T1/23": 10.827538355086165, "Gi\u00e1 T2/23": 10.695833682891205, "Gi\u00e1 T3/23": 11.42032861119454, "Gi\u00e1 T4/23": 11.14048122570053, "Gi\u00e1 T5/23": 10.947323482477694, "Gi\u00e1 T6/23": 11.111141440158546, "Gi\u00e1 T7/23": 11.770923937011228, "Gi\u00e1 T8/23": 11.03934259193876, "Gi\u00e1 T9/23": 10.640595299388792, "Gi\u00e1 T10/23": 10.309291025296016, "Gi\u00e1 T11/23": 10.519402279964416, "Gi\u00e1 T12/23": 10.906576417374389, "Gi\u00e1 T1/24": 11.377807174695345, "Gi\u00e1 T2/24": 11.406503074564428, "Gi\u00e1 T3/24": 12.413572701531919, "Gi\u00e1 T4/24": 13.212443661351903, "Gi\u00e1 T5/24": 14.403887130916697, "Gi\u00e1 T6/24": 13.399190802032924, "Gi\u00e1 T7/24": 13.524000527416465, "Gi\u00e1 T8/24": 13.603441211713166, "Gi\u00e1 T9/24": 13.295150320035363, "Gi\u00e1 T10/24": 14.831726760783544}