{"Gi\u00e1 T10/22": 8.525431593871415, "Gi\u00e1 T11/22": 8.412186692174092, "Gi\u00e1 T12/22": 8.608551256572849, "Gi\u00e1 T1/23": 8.94738810713071, "Gi\u00e1 T2/23": 8.191616992393287, "Gi\u00e1 T3/23": 8.895383101161132, "Gi\u00e1 T4/23": 7.704617068314063, "Gi\u00e1 T5/23": 8.50855387730309, "Gi\u00e1 T6/23": 8.322992793304744, "Gi\u00e1 T7/23": 7.689911244837873, "Gi\u00e1 T8/23": 8.282483088177282, "Gi\u00e1 T9/23": 8.250755746089046, "Gi\u00e1 T10/23": 8.781404885757725, "Gi\u00e1 T11/23": 9.308088518398263, "Gi\u00e1 T12/23": 9.578793632298451, "Gi\u00e1 T1/24": 9.241474819773277, "Gi\u00e1 T2/24": 9.504534267112023, "Gi\u00e1 T3/24": 9.375237745229231, "Gi\u00e1 T4/24": 9.583355848667773, "Gi\u00e1 T5/24": 8.613371753485186, "Gi\u00e1 T6/24": 9.74575799703523, "Gi\u00e1 T7/24": 10.646776579246147, "Gi\u00e1 T8/24": 11.709850033663884, "Gi\u00e1 T9/24": 11.793071282871713, "Gi\u00e1 T10/24": 12.47075564451361}