{"Gi\u00e1 T10/22": 5.244719483325169, "Gi\u00e1 T11/22": 5.0427131360125905, "Gi\u00e1 T12/22": 5.076759154051517, "Gi\u00e1 T1/23": 5.335761152493782, "Gi\u00e1 T2/23": 4.984901040222322, "Gi\u00e1 T3/23": 4.901785006696445, "Gi\u00e1 T4/23": 4.659874572827337, "Gi\u00e1 T5/23": 4.919162039658157, "Gi\u00e1 T6/23": 4.599697125157091, "Gi\u00e1 T7/23": 5.171937526798777, "Gi\u00e1 T8/23": 4.988124052108207, "Gi\u00e1 T9/23": 5.10380013931472, "Gi\u00e1 T10/23": 4.848475470991226, "Gi\u00e1 T11/23": 5.12895965439696, "Gi\u00e1 T12/23": 5.020639485123405, "Gi\u00e1 T1/24": 5.655421500986738, "Gi\u00e1 T2/24": 6.178712487727277, "Gi\u00e1 T3/24": 5.980752987446612, "Gi\u00e1 T4/24": 6.019376010536466, "Gi\u00e1 T5/24": 5.759263706480162, "Gi\u00e1 T6/24": 6.07381802224238, "Gi\u00e1 T7/24": 6.3902237457103075, "Gi\u00e1 T8/24": 6.252068683131264, "Gi\u00e1 T9/24": 6.878087449031288, "Gi\u00e1 T10/24": 7.2188082571622}