{"Gi\u00e1 T10/22": 61.40911613765472, "Gi\u00e1 T11/22": 68.93316428236909, "Gi\u00e1 T12/22": 58.685344677722576, "Gi\u00e1 T1/23": 62.66806569567138, "Gi\u00e1 T2/23": 61.763861155274014, "Gi\u00e1 T3/23": 62.544917856244574, "Gi\u00e1 T4/23": 55.15396818234287, "Gi\u00e1 T5/23": 55.77220331736411, "Gi\u00e1 T6/23": 53.018073088039564, "Gi\u00e1 T7/23": 57.297280724117954, "Gi\u00e1 T8/23": 66.33375250349462, "Gi\u00e1 T9/23": 64.40728452700243, "Gi\u00e1 T10/23": 63.60645275558084, "Gi\u00e1 T11/23": 55.578129557083976, "Gi\u00e1 T12/23": 60.347687549757275, "Gi\u00e1 T1/24": 58.97452261114073, "Gi\u00e1 T2/24": 60.584859781206, "Gi\u00e1 T3/24": 63.978279397842456, "Gi\u00e1 T4/24": 65.77952273819183, "Gi\u00e1 T5/24": 70.54418412051427, "Gi\u00e1 T6/24": 70.26587204202661, "Gi\u00e1 T7/24": 76.44369751960862, "Gi\u00e1 T8/24": 75.25628969994841, "Gi\u00e1 T9/24": 78.94446744551543, "Gi\u00e1 T10/24": 77.30597959276233}