{"Gi\u00e1 T10/22": 6.689640899608699, "Gi\u00e1 T11/22": 6.338504336713569, "Gi\u00e1 T12/22": 6.315880796534133, "Gi\u00e1 T1/23": 6.249729662698163, "Gi\u00e1 T2/23": 6.430473883452777, "Gi\u00e1 T3/23": 6.755421339655302, "Gi\u00e1 T4/23": 6.595597239756903, "Gi\u00e1 T5/23": 7.001660538313182, "Gi\u00e1 T6/23": 6.540519358779113, "Gi\u00e1 T7/23": 6.361593837114945, "Gi\u00e1 T8/23": 6.620960076101002, "Gi\u00e1 T9/23": 6.437025768641525, "Gi\u00e1 T10/23": 6.702454498143215, "Gi\u00e1 T11/23": 7.28362863754311, "Gi\u00e1 T12/23": 7.165220672804521, "Gi\u00e1 T1/24": 7.047519138952935, "Gi\u00e1 T2/24": 6.419657975896062, "Gi\u00e1 T3/24": 6.549458591923258, "Gi\u00e1 T4/24": 7.62466034711465, "Gi\u00e1 T5/24": 7.080461487530472, "Gi\u00e1 T6/24": 7.911194609682949, "Gi\u00e1 T7/24": 8.262683153601333, "Gi\u00e1 T8/24": 8.666286435533477, "Gi\u00e1 T9/24": 8.683700740194329, "Gi\u00e1 T10/24": 8.672053649029749}