{"Gi\u00e1 T10/22": 76.06505714115117, "Gi\u00e1 T11/22": 79.34671953245187, "Gi\u00e1 T12/22": 73.30658029041953, "Gi\u00e1 T1/23": 84.04374451258246, "Gi\u00e1 T2/23": 82.18709425183454, "Gi\u00e1 T3/23": 79.25984853816662, "Gi\u00e1 T4/23": 81.82922514992372, "Gi\u00e1 T5/23": 83.75251544117761, "Gi\u00e1 T6/23": 85.71066327841692, "Gi\u00e1 T7/23": 81.27751614578123, "Gi\u00e1 T8/23": 83.50997118923304, "Gi\u00e1 T9/23": 86.33656982080957, "Gi\u00e1 T10/23": 85.90415706520288, "Gi\u00e1 T11/23": 86.30675817801038, "Gi\u00e1 T12/23": 87.43090226701204, "Gi\u00e1 T1/24": 92.89877726585448, "Gi\u00e1 T2/24": 90.47853817218771, "Gi\u00e1 T3/24": 90.47269759840965, "Gi\u00e1 T4/24": 96.98919650216567, "Gi\u00e1 T5/24": 95.99251136177351, "Gi\u00e1 T6/24": 96.97504379481794, "Gi\u00e1 T7/24": 101.80875292934734, "Gi\u00e1 T8/24": 100.08612501923771, "Gi\u00e1 T9/24": 99.31928457891314, "Gi\u00e1 T10/24": 103.61335701308883}