{"Gi\u00e1 T10/22": 127.47669853983759, "Gi\u00e1 T11/22": 128.84568355085614, "Gi\u00e1 T12/22": 125.93433857100631, "Gi\u00e1 T1/23": 128.8761858730843, "Gi\u00e1 T2/23": 128.62230413779392, "Gi\u00e1 T3/23": 129.44345705663753, "Gi\u00e1 T4/23": 129.24329338296147, "Gi\u00e1 T5/23": 101.89155782029351, "Gi\u00e1 T6/23": 131.10082671237382, "Gi\u00e1 T7/23": 131.2680494302168, "Gi\u00e1 T8/23": 131.4560155652325, "Gi\u00e1 T9/23": 134.96274684547723, "Gi\u00e1 T10/23": 132.16689314362847, "Gi\u00e1 T11/23": 133.80038054413222, "Gi\u00e1 T12/23": 134.67140777016272, "Gi\u00e1 T1/24": 137.69866192114523, "Gi\u00e1 T2/24": 132.7586595973103, "Gi\u00e1 T3/24": 137.52869804264822, "Gi\u00e1 T4/24": 139.76748483959247, "Gi\u00e1 T5/24": 141.3485805737341, "Gi\u00e1 T6/24": 142.44134143622634, "Gi\u00e1 T7/24": 144.9788216135559, "Gi\u00e1 T8/24": 143.871675777869, "Gi\u00e1 T9/24": 146.25489179765773, "Gi\u00e1 T10/24": 149.48407891126195}