{"Gi\u00e1 T10/22": 113.498178180716, "Gi\u00e1 T11/22": 113.39408458140056, "Gi\u00e1 T12/22": 110.92836772546833, "Gi\u00e1 T1/23": 116.96143534142868, "Gi\u00e1 T2/23": 117.11390057546328, "Gi\u00e1 T3/23": 117.08711493293957, "Gi\u00e1 T4/23": 115.77191034878088, "Gi\u00e1 T5/23": 102.30382492299452, "Gi\u00e1 T6/23": 119.71219078767221, "Gi\u00e1 T7/23": 117.88511345506605, "Gi\u00e1 T8/23": 116.64295271821364, "Gi\u00e1 T9/23": 123.20478467606078, "Gi\u00e1 T10/23": 121.46554316439205, "Gi\u00e1 T11/23": 122.42146379969978, "Gi\u00e1 T12/23": 121.91229907662552, "Gi\u00e1 T1/24": 125.31681465239048, "Gi\u00e1 T2/24": 123.13727851514713, "Gi\u00e1 T3/24": 127.75177170376107, "Gi\u00e1 T4/24": 131.09068216428108, "Gi\u00e1 T5/24": 130.81520705061828, "Gi\u00e1 T6/24": 130.91963479247983, "Gi\u00e1 T7/24": 133.84276425165024, "Gi\u00e1 T8/24": 134.2711908305723, "Gi\u00e1 T9/24": 133.72955827924423, "Gi\u00e1 T10/24": 136.22021640590665}