{"Gi\u00e1 T10/22": 75.81034251112762, "Gi\u00e1 T11/22": 79.1851620509838, "Gi\u00e1 T12/22": 73.10718760260582, "Gi\u00e1 T1/23": 83.90688040294076, "Gi\u00e1 T2/23": 82.02859446710895, "Gi\u00e1 T3/23": 79.02855632550371, "Gi\u00e1 T4/23": 81.68090526258928, "Gi\u00e1 T5/23": 83.59433340678426, "Gi\u00e1 T6/23": 85.59039325877025, "Gi\u00e1 T7/23": 81.09108596538825, "Gi\u00e1 T8/23": 83.33079484404192, "Gi\u00e1 T9/23": 86.2863182676176, "Gi\u00e1 T10/23": 85.81247067460444, "Gi\u00e1 T11/23": 86.16423758258587, "Gi\u00e1 T12/23": 87.38721659270084, "Gi\u00e1 T1/24": 92.87944883064931, "Gi\u00e1 T2/24": 90.36614946994419, "Gi\u00e1 T3/24": 90.32665596351447, "Gi\u00e1 T4/24": 96.79513722854105, "Gi\u00e1 T5/24": 95.73296046983533, "Gi\u00e1 T6/24": 96.65109979182783, "Gi\u00e1 T7/24": 101.51840271550594, "Gi\u00e1 T8/24": 99.73835346160872, "Gi\u00e1 T9/24": 98.87637232640864, "Gi\u00e1 T10/24": 103.22273134131167}