{"Gi\u00e1 T10/22": 14003.147262552933, "Gi\u00e1 T11/22": 15185.182785843921, "Gi\u00e1 T12/22": 14864.190925589837, "Gi\u00e1 T1/23": 10892.958294010888, "Gi\u00e1 T2/23": 8404.84738354507, "Gi\u00e1 T3/23": 13291.90534785239, "Gi\u00e1 T4/23": 10500.823109497882, "Gi\u00e1 T5/23": 17052.791917725346, "Gi\u00e1 T6/23": 16335.336406533575, "Gi\u00e1 T7/23": 16447.18, "Gi\u00e1 T8/23": 15093.91317906836, "Gi\u00e1 T9/23": 20039.296067755597, "Gi\u00e1 T10/23": 14817.438345432547, "Gi\u00e1 T11/23": 12773.938584392014, "Gi\u00e1 T12/23": 19567.54361766485, "Gi\u00e1 T1/24": 16447.43171506352, "Gi\u00e1 T2/24": 17981.872087114338, "Gi\u00e1 T3/24": 15486.748085299456, "Gi\u00e1 T4/24": 18147.449513006653, "Gi\u00e1 T5/24": 17976.0684815487, "Gi\u00e1 T6/24": 19410.791385359953, "Gi\u00e1 T7/24": 18034.278744706593, "Gi\u00e1 T8/24": 15205.065674531155, "Gi\u00e1 T9/24": 20772.2341954023, "Gi\u00e1 T10/24": 24219.49103448276}