{"Gi\u00e1 T10/22": 317.2641944756906, "Gi\u00e1 T11/22": 191.53332379248656, "Gi\u00e1 T12/22": 227.34744722719142, "Gi\u00e1 T1/23": 499.41151401311873, "Gi\u00e1 T2/23": 214.45965652951705, "Gi\u00e1 T3/23": 271.5530620155038, "Gi\u00e1 T4/23": 559.1537292784734, "Gi\u00e1 T5/23": 884.3447966607035, "Gi\u00e1 T6/23": 371.16450566487777, "Gi\u00e1 T7/23": 822.4592224209897, "Gi\u00e1 T8/23": 749.141703041145, "Gi\u00e1 T9/23": 521.986457364341, "Gi\u00e1 T10/23": 616.5068002385211, "Gi\u00e1 T11/23": 409.71620989862856, "Gi\u00e1 T12/23": 715.7854883720931, "Gi\u00e1 T1/24": 463.6097847346452, "Gi\u00e1 T2/24": 472.56760226595117, "Gi\u00e1 T3/24": 843.0896219439476, "Gi\u00e1 T4/24": 369.9985951103161, "Gi\u00e1 T5/24": 363.2974335122242, "Gi\u00e1 T6/24": 446.3663780560525, "Gi\u00e1 T7/24": 495.15935837805614, "Gi\u00e1 T8/24": 491.2017060226596, "Gi\u00e1 T9/24": 432.10958199165185, "Gi\u00e1 T10/24": 830.7746571258199}