{"Gi\u00e1 T10/22": 370.7817114030079, "Gi\u00e1 T11/22": 201.6108652291105, "Gi\u00e1 T12/22": 231.5778185085355, "Gi\u00e1 T1/23": 624.7119137466308, "Gi\u00e1 T2/23": 221.54536927223725, "Gi\u00e1 T3/23": 281.70179424977533, "Gi\u00e1 T4/23": 676.381596585804, "Gi\u00e1 T5/23": 1089.2441365678346, "Gi\u00e1 T6/23": 471.1860961365678, "Gi\u00e1 T7/23": 1020.2877196765496, "Gi\u00e1 T8/23": 959.0512893081763, "Gi\u00e1 T9/23": 649.3344618149147, "Gi\u00e1 T10/23": 759.7979667565139, "Gi\u00e1 T11/23": 486.6535247079965, "Gi\u00e1 T12/23": 907.0644132973947, "Gi\u00e1 T1/24": 563.6256603773585, "Gi\u00e1 T2/24": 572.2137762803235, "Gi\u00e1 T3/24": 1068.63823180593, "Gi\u00e1 T4/24": 434.03381940700814, "Gi\u00e1 T5/24": 445.01156244384543, "Gi\u00e1 T6/24": 512.6730889487872, "Gi\u00e1 T7/24": 564.607008984726, "Gi\u00e1 T8/24": 542.7467026055706, "Gi\u00e1 T9/24": 468.3844429469902, "Gi\u00e1 T10/24": 1028.492583108715}