{"Gi\u00e1 T10/22": 346.76077655677665, "Gi\u00e1 T11/22": 211.59265728666207, "Gi\u00e1 T12/22": 241.81126172500575, "Gi\u00e1 T1/23": 541.1813909860444, "Gi\u00e1 T2/23": 229.98745481583168, "Gi\u00e1 T3/23": 281.7448284145504, "Gi\u00e1 T4/23": 604.4569949668268, "Gi\u00e1 T5/23": 969.4899153511781, "Gi\u00e1 T6/23": 403.7561885152139, "Gi\u00e1 T7/23": 914.2951590025165, "Gi\u00e1 T8/23": 836.9617536032945, "Gi\u00e1 T9/23": 577.8516643788607, "Gi\u00e1 T10/23": 681.3527533745138, "Gi\u00e1 T11/23": 456.7474170670328, "Gi\u00e1 T12/23": 788.7850526195381, "Gi\u00e1 T1/24": 509.80078700526195, "Gi\u00e1 T2/24": 540.0551189659118, "Gi\u00e1 T3/24": 945.1827179135211, "Gi\u00e1 T4/24": 400.70752688172047, "Gi\u00e1 T5/24": 398.2971310912834, "Gi\u00e1 T6/24": 483.67558453443155, "Gi\u00e1 T7/24": 526.4226458476322, "Gi\u00e1 T8/24": 516.3522809425762, "Gi\u00e1 T9/24": 457.41628002745375, "Gi\u00e1 T10/24": 914.6858442004117}