{"Gi\u00e1 T10/22": 4416.397695786229, "Gi\u00e1 T11/22": 3813.534221993834, "Gi\u00e1 T12/22": 4191.161304727647, "Gi\u00e1 T1/23": 3724.2767831449128, "Gi\u00e1 T2/23": 3238.9219583761565, "Gi\u00e1 T3/23": 3366.2893299075026, "Gi\u00e1 T4/23": 3212.0873766700925, "Gi\u00e1 T5/23": 3392.533900822199, "Gi\u00e1 T6/23": 3286.05171377184, "Gi\u00e1 T7/23": 3447.7936788283664, "Gi\u00e1 T8/23": 3126.0395498458374, "Gi\u00e1 T9/23": 3093.2710889003083, "Gi\u00e1 T10/23": 3213.764211202467, "Gi\u00e1 T11/23": 3696.2777281603294, "Gi\u00e1 T12/23": 4332.070028263104, "Gi\u00e1 T1/24": 3750.8533047276464, "Gi\u00e1 T2/24": 3959.6490626927034, "Gi\u00e1 T3/24": 4557.795767728674, "Gi\u00e1 T4/24": 5428.109218396711, "Gi\u00e1 T5/24": 5646.662102261049, "Gi\u00e1 T6/24": 6109.283266187051, "Gi\u00e1 T7/24": 6629.098374100719, "Gi\u00e1 T8/24": 6894.0980529290855, "Gi\u00e1 T9/24": 7069.034573484069, "Gi\u00e1 T10/24": 7755.521280061665}