{"Gi\u00e1 T10/22": 4242.820613088098, "Gi\u00e1 T11/22": 3690.503823803812, "Gi\u00e1 T12/22": 4043.2769332267094, "Gi\u00e1 T1/23": 3451.9122964147673, "Gi\u00e1 T2/23": 3039.102079168333, "Gi\u00e1 T3/23": 3189.9350713048116, "Gi\u00e1 T4/23": 3032.7156897241102, "Gi\u00e1 T5/23": 3080.1421431427425, "Gi\u00e1 T6/23": 3118.8333026789282, "Gi\u00e1 T7/23": 3250.9932360389184, "Gi\u00e1 T8/23": 3024.6438224710114, "Gi\u00e1 T9/23": 2929.7812688258027, "Gi\u00e1 T10/23": 3055.5422924163668, "Gi\u00e1 T11/23": 3439.4086058909775, "Gi\u00e1 T12/23": 4217.008753831801, "Gi\u00e1 T1/24": 3478.890393176063, "Gi\u00e1 T2/24": 3715.46356257497, "Gi\u00e1 T3/24": 4386.610541116886, "Gi\u00e1 T4/24": 5238.2457070505125, "Gi\u00e1 T5/24": 5495.30431160869, "Gi\u00e1 T6/24": 5910.1606317473015, "Gi\u00e1 T7/24": 6299.265423164068, "Gi\u00e1 T8/24": 6639.058038118086, "Gi\u00e1 T9/24": 7028.289132347061, "Gi\u00e1 T10/24": 7379.528709849394}