{"Gi\u00e1 T10/22": 47.293324069785406, "Gi\u00e1 T11/22": 43.21020750347383, "Gi\u00e1 T12/22": 43.43925428439093, "Gi\u00e1 T1/23": 42.5060947969739, "Gi\u00e1 T2/23": 45.26302393083217, "Gi\u00e1 T3/23": 49.341045854562296, "Gi\u00e1 T4/23": 47.79043847460244, "Gi\u00e1 T5/23": 52.48162563012243, "Gi\u00e1 T6/23": 46.49399938243014, "Gi\u00e1 T7/23": 43.62673367299675, "Gi\u00e1 T8/23": 47.13980021614945, "Gi\u00e1 T9/23": 45.08242550563533, "Gi\u00e1 T10/23": 47.465997529720546, "Gi\u00e1 T11/23": 57.393517677937325, "Gi\u00e1 T12/23": 54.83163717770572, "Gi\u00e1 T1/24": 52.7887006330091, "Gi\u00e1 T2/24": 45.80892450208431, "Gi\u00e1 T3/24": 46.37549729813184, "Gi\u00e1 T4/24": 62.84227049559983, "Gi\u00e1 T5/24": 55.006991508414394, "Gi\u00e1 T6/24": 69.75472842365294, "Gi\u00e1 T7/24": 76.55901188821986, "Gi\u00e1 T8/24": 82.71798147290414, "Gi\u00e1 T9/24": 81.03546950748805, "Gi\u00e1 T10/24": 82.51402130616027}