{"Gi\u00e1 T10/22": 23.72647610405323, "Gi\u00e1 T11/22": 28.69226860254086, "Gi\u00e1 T12/22": 28.9255444646098, "Gi\u00e1 T1/23": 19.584491833030853, "Gi\u00e1 T2/23": 18.430127041742292, "Gi\u00e1 T3/23": 22.591506352087116, "Gi\u00e1 T4/23": 20.50569872958259, "Gi\u00e1 T5/23": 22.443496672716286, "Gi\u00e1 T6/23": 23.524754990925587, "Gi\u00e1 T7/23": 31.329074410163347, "Gi\u00e1 T8/23": 17.203496672716255, "Gi\u00e1 T9/23": 14.554909255898364, "Gi\u00e1 T10/23": 17.315148215366012, "Gi\u00e1 T11/23": 19.43863581367212, "Gi\u00e1 T12/23": 24.694458560193592, "Gi\u00e1 T1/24": 26.24381125226861, "Gi\u00e1 T2/24": 23.819373865698736, "Gi\u00e1 T3/24": 23.13734119782215, "Gi\u00e1 T4/24": 29.756215970961886, "Gi\u00e1 T5/24": 38.33747126436781, "Gi\u00e1 T6/24": 29.532102238354515, "Gi\u00e1 T7/24": 28.526255293405928, "Gi\u00e1 T8/24": 32.8990834845735, "Gi\u00e1 T9/24": 32.09298548094376, "Gi\u00e1 T10/24": 25.056034482758616}