{"Gi\u00e1 T10/22": 693.139700333557, "Gi\u00e1 T11/22": 1012.7429125458277, "Gi\u00e1 T12/22": 697.4864764516537, "Gi\u00e1 T1/23": 800.4899698048254, "Gi\u00e1 T2/23": 790.9931087415274, "Gi\u00e1 T3/23": 810.9966395833942, "Gi\u00e1 T4/23": 631.9345371045696, "Gi\u00e1 T5/23": 667.4480598263169, "Gi\u00e1 T6/23": 603.28549134016, "Gi\u00e1 T7/23": 718.1618488588073, "Gi\u00e1 T8/23": 946.473350691912, "Gi\u00e1 T9/23": 909.5364779103577, "Gi\u00e1 T10/23": 885.3749701938132, "Gi\u00e1 T11/23": 657.3207751067285, "Gi\u00e1 T12/23": 773.1363046163121, "Gi\u00e1 T1/24": 728.4959082864117, "Gi\u00e1 T2/24": 755.4136511363305, "Gi\u00e1 T3/24": 877.2095093891919, "Gi\u00e1 T4/24": 918.3331938812227, "Gi\u00e1 T5/24": 1052.5090173196797, "Gi\u00e1 T6/24": 1054.7641149069834, "Gi\u00e1 T7/24": 1288.9316422090615, "Gi\u00e1 T8/24": 1292.054826657331, "Gi\u00e1 T9/24": 1421.4045581585317, "Gi\u00e1 T10/24": 1359.5279378786554}