{"Gi\u00e1 T10/22": 5.841657389679354, "Gi\u00e1 T11/22": 6.037172147567662, "Gi\u00e1 T12/22": 6.048354535953774, "Gi\u00e1 T1/23": 6.232019157761733, "Gi\u00e1 T2/23": 6.443978509274403, "Gi\u00e1 T3/23": 6.479235747198013, "Gi\u00e1 T4/23": 6.789809655028273, "Gi\u00e1 T5/23": 7.036992299247219, "Gi\u00e1 T6/23": 7.128398861803343, "Gi\u00e1 T7/23": 6.261982453059433, "Gi\u00e1 T8/23": 6.830589259426309, "Gi\u00e1 T9/23": 6.736848625920264, "Gi\u00e1 T10/23": 6.569950447771131, "Gi\u00e1 T11/23": 6.825538517718946, "Gi\u00e1 T12/23": 6.809648082646329, "Gi\u00e1 T1/24": 6.719032627472188, "Gi\u00e1 T2/24": 7.074895536738547, "Gi\u00e1 T3/24": 7.630365030338186, "Gi\u00e1 T4/24": 8.286162813224337, "Gi\u00e1 T5/24": 8.11690500472705, "Gi\u00e1 T6/24": 8.40217897751815, "Gi\u00e1 T7/24": 7.704202836953553, "Gi\u00e1 T8/24": 8.59591219665108, "Gi\u00e1 T9/24": 9.008459616311121, "Gi\u00e1 T10/24": 8.863047511783769}