{"Gi\u00e1 T10/22": 41.01917290066373, "Gi\u00e1 T11/22": 42.12138303867656, "Gi\u00e1 T12/22": 46.83760920845167, "Gi\u00e1 T1/23": 37.94522367834983, "Gi\u00e1 T2/23": 38.13685404387253, "Gi\u00e1 T3/23": 38.25326367538046, "Gi\u00e1 T4/23": 38.33513697996562, "Gi\u00e1 T5/23": 36.97102551015764, "Gi\u00e1 T6/23": 40.48840237985104, "Gi\u00e1 T7/23": 43.71676607851542, "Gi\u00e1 T8/23": 36.98360324645111, "Gi\u00e1 T9/23": 39.992281073408975, "Gi\u00e1 T10/23": 37.69231414299931, "Gi\u00e1 T11/23": 37.93334824519066, "Gi\u00e1 T12/23": 40.72245750755405, "Gi\u00e1 T1/24": 40.006144982535325, "Gi\u00e1 T2/24": 42.31057679931709, "Gi\u00e1 T3/24": 45.33431572019349, "Gi\u00e1 T4/24": 53.19092198691598, "Gi\u00e1 T5/24": 52.80887838577559, "Gi\u00e1 T6/24": 52.800697309445034, "Gi\u00e1 T7/24": 54.90707521887238, "Gi\u00e1 T8/24": 52.727663948391886, "Gi\u00e1 T9/24": 47.79182889460194, "Gi\u00e1 T10/24": 54.12754130082695}