{"Gi\u00e1 T10/22": 65.38112651714923, "Gi\u00e1 T11/22": 60.78014533469438, "Gi\u00e1 T12/22": 64.00766304874557, "Gi\u00e1 T1/23": 58.8842262791279, "Gi\u00e1 T2/23": 55.01818281099504, "Gi\u00e1 T3/23": 56.473338896605725, "Gi\u00e1 T4/23": 54.933905544833024, "Gi\u00e1 T5/23": 55.423678619094424, "Gi\u00e1 T6/23": 55.84488269869092, "Gi\u00e1 T7/23": 56.99471388093097, "Gi\u00e1 T8/23": 54.23840959415396, "Gi\u00e1 T9/23": 53.71096355764637, "Gi\u00e1 T10/23": 55.03879186436942, "Gi\u00e1 T11/23": 58.346752939375925, "Gi\u00e1 T12/23": 63.170182369193064, "Gi\u00e1 T1/24": 58.527235173867226, "Gi\u00e1 T2/24": 60.4606158660741, "Gi\u00e1 T3/24": 65.8378189946276, "Gi\u00e1 T4/24": 71.9403340785478, "Gi\u00e1 T5/24": 73.49876430248155, "Gi\u00e1 T6/24": 76.2196140472197, "Gi\u00e1 T7/24": 78.48748098559889, "Gi\u00e1 T8/24": 80.53145144268014, "Gi\u00e1 T9/24": 82.63712022981792, "Gi\u00e1 T10/24": 84.5855590666178}