{"Gi\u00e1 T10/22": 72.17197632694906, "Gi\u00e1 T11/22": 71.04303793797992, "Gi\u00e1 T12/22": 74.06339665822681, "Gi\u00e1 T1/23": 75.747669224516, "Gi\u00e1 T2/23": 65.76281987355733, "Gi\u00e1 T3/23": 76.98054201552314, "Gi\u00e1 T4/23": 55.86606854932663, "Gi\u00e1 T5/23": 71.81793531333655, "Gi\u00e1 T6/23": 68.47596294742947, "Gi\u00e1 T7/23": 58.47663937948854, "Gi\u00e1 T8/23": 63.979053906415864, "Gi\u00e1 T9/23": 65.84558149649719, "Gi\u00e1 T10/23": 76.1176385976358, "Gi\u00e1 T11/23": 88.29291858893706, "Gi\u00e1 T12/23": 95.17433369060377, "Gi\u00e1 T1/24": 89.2025009967328, "Gi\u00e1 T2/24": 88.45625417462759, "Gi\u00e1 T3/24": 86.65266756760954, "Gi\u00e1 T4/24": 93.16313199331026, "Gi\u00e1 T5/24": 71.90941889184025, "Gi\u00e1 T6/24": 96.98854779916223, "Gi\u00e1 T7/24": 110.00676069610783, "Gi\u00e1 T8/24": 136.0444757444429, "Gi\u00e1 T9/24": 134.67693047724083, "Gi\u00e1 T10/24": 144.05242734206317}