{"Gi\u00e1 T10/22": 44.68989115646259, "Gi\u00e1 T11/22": 40.559611898996884, "Gi\u00e1 T12/22": 40.567270379338176, "Gi\u00e1 T1/23": 39.819870171797525, "Gi\u00e1 T2/23": 42.09769929666782, "Gi\u00e1 T3/23": 46.256080249048765, "Gi\u00e1 T4/23": 44.43264568200161, "Gi\u00e1 T5/23": 48.95616255382791, "Gi\u00e1 T6/23": 43.18518044505938, "Gi\u00e1 T7/23": 40.55690072639224, "Gi\u00e1 T8/23": 43.85713086590569, "Gi\u00e1 T9/23": 41.94802536607863, "Gi\u00e1 T10/23": 44.62359460394327, "Gi\u00e1 T11/23": 53.28739352011992, "Gi\u00e1 T12/23": 50.798762135362615, "Gi\u00e1 T1/24": 48.931651101118405, "Gi\u00e1 T2/24": 42.08677896921481, "Gi\u00e1 T3/24": 42.9134710019601, "Gi\u00e1 T4/24": 57.38177908451517, "Gi\u00e1 T5/24": 50.51284791882855, "Gi\u00e1 T6/24": 62.839028709789005, "Gi\u00e1 T7/24": 68.60635720050733, "Gi\u00e1 T8/24": 75.17232606941083, "Gi\u00e1 T9/24": 74.11388792805259, "Gi\u00e1 T10/24": 75.46664891041164}