{"Gi\u00e1 T10/22": 44.68305517438537, "Gi\u00e1 T11/22": 40.56021869639794, "Gi\u00e1 T12/22": 40.568414236706694, "Gi\u00e1 T1/23": 39.81154945683247, "Gi\u00e1 T2/23": 41.944137221269294, "Gi\u00e1 T3/23": 46.04991652372784, "Gi\u00e1 T4/23": 44.26943053173242, "Gi\u00e1 T5/23": 48.56002135458168, "Gi\u00e1 T6/23": 43.02591566609492, "Gi\u00e1 T7/23": 40.45027501429387, "Gi\u00e1 T8/23": 43.83372212692968, "Gi\u00e1 T9/23": 42.02387935963407, "Gi\u00e1 T10/23": 44.90916437964551, "Gi\u00e1 T11/23": 53.21671440823328, "Gi\u00e1 T12/23": 50.92013293310463, "Gi\u00e1 T1/24": 49.37193053173241, "Gi\u00e1 T2/24": 42.0050057175529, "Gi\u00e1 T3/24": 43.369791881074896, "Gi\u00e1 T4/24": 56.70902887364209, "Gi\u00e1 T5/24": 50.529963693539166, "Gi\u00e1 T6/24": 61.6237641509434, "Gi\u00e1 T7/24": 66.6443962264151, "Gi\u00e1 T8/24": 73.926470268725, "Gi\u00e1 T9/24": 73.63243081761007, "Gi\u00e1 T10/24": 74.46076758147514}