{"Gi\u00e1 T10/22": 5478.413333333334, "Gi\u00e1 T11/22": 5092.320000000001, "Gi\u00e1 T12/22": 4752.120000000001, "Gi\u00e1 T1/23": 4462.163333333334, "Gi\u00e1 T2/23": 3626.1633333333334, "Gi\u00e1 T3/23": 4539.63, "Gi\u00e1 T4/23": 3427.320000000001, "Gi\u00e1 T5/23": 3027.363333333334, "Gi\u00e1 T6/23": 3097.653333333333, "Gi\u00e1 T7/23": 2170.83, "Gi\u00e1 T8/23": 2368.8300000000004, "Gi\u00e1 T9/23": 3759.48, "Gi\u00e1 T10/23": 3982.163333333334, "Gi\u00e1 T11/23": 2754.2700000000004, "Gi\u00e1 T12/23": 3938.563333333333, "Gi\u00e1 T1/24": 3447.6300000000006, "Gi\u00e1 T2/24": 2833.613333333334, "Gi\u00e1 T3/24": 3104.0833333333326, "Gi\u00e1 T4/24": 3059.213333333333, "Gi\u00e1 T5/24": 3888.0, "Gi\u00e1 T6/24": 4026.0033333333326, "Gi\u00e1 T7/24": 3710.083333333334, "Gi\u00e1 T8/24": 4055.363333333333, "Gi\u00e1 T9/24": 4508.563333333333, "Gi\u00e1 T10/24": 5043.000000000001}