{"Gi\u00e1 T10/22": 4396.780383753502, "Gi\u00e1 T11/22": 3818.4965462184878, "Gi\u00e1 T12/22": 4174.744439775911, "Gi\u00e1 T1/23": 3834.4461008403364, "Gi\u00e1 T2/23": 3349.289042016807, "Gi\u00e1 T3/23": 3461.465042016807, "Gi\u00e1 T4/23": 3384.4924649859945, "Gi\u00e1 T5/23": 3595.6340112044813, "Gi\u00e1 T6/23": 3417.3932436974787, "Gi\u00e1 T7/23": 3612.840565826331, "Gi\u00e1 T8/23": 3161.1335014005604, "Gi\u00e1 T9/23": 3184.1227114845938, "Gi\u00e1 T10/23": 3355.0320532212886, "Gi\u00e1 T11/23": 3787.0122633053224, "Gi\u00e1 T12/23": 4214.182725490196, "Gi\u00e1 T1/24": 3908.245392156863, "Gi\u00e1 T2/24": 4074.9388459383754, "Gi\u00e1 T3/24": 4626.533212885154, "Gi\u00e1 T4/24": 5497.039929971988, "Gi\u00e1 T5/24": 5696.214322128852, "Gi\u00e1 T6/24": 6109.730288515406, "Gi\u00e1 T7/24": 6718.649672268908, "Gi\u00e1 T8/24": 6995.536955182073, "Gi\u00e1 T9/24": 6990.363282913165, "Gi\u00e1 T10/24": 7749.145145658263}