{"Gi\u00e1 T10/22": 43.351637492240854, "Gi\u00e1 T11/22": 39.17830043451273, "Gi\u00e1 T12/22": 39.33826319056487, "Gi\u00e1 T1/23": 38.43390782122904, "Gi\u00e1 T2/23": 40.100882681564244, "Gi\u00e1 T3/23": 44.15090006207324, "Gi\u00e1 T4/23": 42.17891495965239, "Gi\u00e1 T5/23": 45.70604209166327, "Gi\u00e1 T6/23": 40.892285536933585, "Gi\u00e1 T7/23": 39.02193544382371, "Gi\u00e1 T8/23": 42.53650248292986, "Gi\u00e1 T9/23": 41.1281225946617, "Gi\u00e1 T10/23": 43.762737119801365, "Gi\u00e1 T11/23": 49.70503134698945, "Gi\u00e1 T12/23": 49.09520670391061, "Gi\u00e1 T1/24": 48.723291123525755, "Gi\u00e1 T2/24": 40.778268156424595, "Gi\u00e1 T3/24": 43.45433240223463, "Gi\u00e1 T4/24": 50.50228770949722, "Gi\u00e1 T5/24": 47.94970080695221, "Gi\u00e1 T6/24": 53.346274363749224, "Gi\u00e1 T7/24": 54.98999968963377, "Gi\u00e1 T8/24": 65.06246151458723, "Gi\u00e1 T9/24": 64.44966480446928, "Gi\u00e1 T10/24": 67.16144134078213}