{"Gi\u00e1 T10/22": 4299.969351116625, "Gi\u00e1 T11/22": 3731.9181571546733, "Gi\u00e1 T12/22": 4071.3709263854425, "Gi\u00e1 T1/23": 3625.4947638544254, "Gi\u00e1 T2/23": 3174.5692754342435, "Gi\u00e1 T3/23": 3301.595270057899, "Gi\u00e1 T4/23": 3177.7681732837054, "Gi\u00e1 T5/23": 3314.3234189412733, "Gi\u00e1 T6/23": 3233.0529673283704, "Gi\u00e1 T7/23": 3395.926109181142, "Gi\u00e1 T8/23": 3109.420745657568, "Gi\u00e1 T9/23": 3050.0108982630272, "Gi\u00e1 T10/23": 3183.1181091811413, "Gi\u00e1 T11/23": 3601.348967328371, "Gi\u00e1 T12/23": 4312.008385442515, "Gi\u00e1 T1/24": 3685.4307737799836, "Gi\u00e1 T2/24": 3895.4974474772544, "Gi\u00e1 T3/24": 4490.405553349876, "Gi\u00e1 T4/24": 5351.406832092638, "Gi\u00e1 T5/24": 5577.4546898263025, "Gi\u00e1 T6/24": 6005.151224152192, "Gi\u00e1 T7/24": 6504.099098014889, "Gi\u00e1 T8/24": 6820.412628618694, "Gi\u00e1 T9/24": 7058.058988833746, "Gi\u00e1 T10/24": 7616.15770554177}