{"Gi\u00e1 T10/22": 45.903311588831244, "Gi\u00e1 T11/22": 41.488559920929085, "Gi\u00e1 T12/22": 41.99452853965901, "Gi\u00e1 T1/23": 41.13315048183839, "Gi\u00e1 T2/23": 43.115396095873486, "Gi\u00e1 T3/23": 47.345433654558924, "Gi\u00e1 T4/23": 45.75554731900173, "Gi\u00e1 T5/23": 50.587984519780285, "Gi\u00e1 T6/23": 44.542066963182606, "Gi\u00e1 T7/23": 42.049342723004685, "Gi\u00e1 T8/23": 45.405922905856194, "Gi\u00e1 T9/23": 43.6237674820855, "Gi\u00e1 T10/23": 46.44476081047689, "Gi\u00e1 T11/23": 55.43445465777119, "Gi\u00e1 T12/23": 52.69867259698542, "Gi\u00e1 T1/24": 50.90344279713367, "Gi\u00e1 T2/24": 43.55921744502101, "Gi\u00e1 T3/24": 44.65168346923647, "Gi\u00e1 T4/24": 59.6297089201878, "Gi\u00e1 T5/24": 52.499710402767484, "Gi\u00e1 T6/24": 65.23982752656289, "Gi\u00e1 T7/24": 71.25339387200395, "Gi\u00e1 T8/24": 78.18454114158638, "Gi\u00e1 T9/24": 77.02928267852731, "Gi\u00e1 T10/24": 77.87886384976527}