{"Gi\u00e1 T10/22": 5.795219676078844, "Gi\u00e1 T11/22": 5.986150431534403, "Gi\u00e1 T12/22": 5.983092046056325, "Gi\u00e1 T1/23": 6.17534362221723, "Gi\u00e1 T2/23": 6.400093493169572, "Gi\u00e1 T3/23": 6.43406785584646, "Gi\u00e1 T4/23": 6.750085609657475, "Gi\u00e1 T5/23": 6.963014103568257, "Gi\u00e1 T6/23": 7.071460908780412, "Gi\u00e1 T7/23": 6.1796316319061875, "Gi\u00e1 T8/23": 6.7761672516955205, "Gi\u00e1 T9/23": 6.694761213185458, "Gi\u00e1 T10/23": 6.503519828311683, "Gi\u00e1 T11/23": 6.765955628765599, "Gi\u00e1 T12/23": 6.741033398624057, "Gi\u00e1 T1/24": 6.66306746547826, "Gi\u00e1 T2/24": 7.038996904189998, "Gi\u00e1 T3/24": 7.584715000535238, "Gi\u00e1 T4/24": 8.24433221777011, "Gi\u00e1 T5/24": 8.088146765464812, "Gi\u00e1 T6/24": 8.372032373457964, "Gi\u00e1 T7/24": 7.686064194606577, "Gi\u00e1 T8/24": 8.563979589155934, "Gi\u00e1 T9/24": 8.92768235386105, "Gi\u00e1 T10/24": 8.788284652849585}