{"Gi\u00e1 T10/22": 68.26889285326676, "Gi\u00e1 T11/22": 61.50431286629043, "Gi\u00e1 T12/22": 68.86783156066855, "Gi\u00e1 T1/23": 73.19808986325157, "Gi\u00e1 T2/23": 71.04512467440851, "Gi\u00e1 T3/23": 88.83834979379206, "Gi\u00e1 T4/23": 82.61507040915996, "Gi\u00e1 T5/23": 81.47796830909486, "Gi\u00e1 T6/23": 76.13212055024962, "Gi\u00e1 T7/23": 81.08868556001735, "Gi\u00e1 T8/23": 84.52893735077059, "Gi\u00e1 T9/23": 65.83104826893856, "Gi\u00e1 T10/23": 68.63764271760365, "Gi\u00e1 T11/23": 68.87506349034078, "Gi\u00e1 T12/23": 70.53553709029737, "Gi\u00e1 T1/24": 84.42189060125895, "Gi\u00e1 T2/24": 77.51549598437158, "Gi\u00e1 T3/24": 94.21747286737573, "Gi\u00e1 T4/24": 89.1201257597135, "Gi\u00e1 T5/24": 126.91577545040153, "Gi\u00e1 T6/24": 98.73682602561318, "Gi\u00e1 T7/24": 96.16063598871281, "Gi\u00e1 T8/24": 101.54557941719125, "Gi\u00e1 T9/24": 113.56878662904278, "Gi\u00e1 T10/24": 140.58413229867597}