{"Gi\u00e1 T10/22": 931.7183766233768, "Gi\u00e1 T11/22": 924.4965584415586, "Gi\u00e1 T12/22": 1169.646406926407, "Gi\u00e1 T1/23": 788.3662337662339, "Gi\u00e1 T2/23": 784.223484848485, "Gi\u00e1 T3/23": 795.1469480519482, "Gi\u00e1 T4/23": 784.4546536796538, "Gi\u00e1 T5/23": 732.0009523809523, "Gi\u00e1 T6/23": 878.3046753246753, "Gi\u00e1 T7/23": 1037.6215800865803, "Gi\u00e1 T8/23": 716.0197402597403, "Gi\u00e1 T9/23": 859.2944588744589, "Gi\u00e1 T10/23": 717.9156060606061, "Gi\u00e1 T11/23": 782.6514285714287, "Gi\u00e1 T12/23": 897.8287445887445, "Gi\u00e1 T1/24": 877.3547402597403, "Gi\u00e1 T2/24": 976.877510822511, "Gi\u00e1 T3/24": 1130.574653679654, "Gi\u00e1 T4/24": 1561.1123160173158, "Gi\u00e1 T5/24": 1541.1616666666669, "Gi\u00e1 T6/24": 1500.0195021645022, "Gi\u00e1 T7/24": 1596.4635497835498, "Gi\u00e1 T8/24": 1541.1814718614721, "Gi\u00e1 T9/24": 1227.7101298701298, "Gi\u00e1 T10/24": 1556.0759307359308}