{"Gi\u00e1 T10/22": 44.59259153669854, "Gi\u00e1 T11/22": 40.170687433618426, "Gi\u00e1 T12/22": 40.395917463245574, "Gi\u00e1 T1/23": 39.39868899882609, "Gi\u00e1 T2/23": 41.586550813348985, "Gi\u00e1 T3/23": 45.77865559841243, "Gi\u00e1 T4/23": 43.96480337078652, "Gi\u00e1 T5/23": 48.39338644922349, "Gi\u00e1 T6/23": 42.714423807926664, "Gi\u00e1 T7/23": 40.22075954497176, "Gi\u00e1 T8/23": 43.74336240147577, "Gi\u00e1 T9/23": 41.94976507909889, "Gi\u00e1 T10/23": 44.77983956621387, "Gi\u00e1 T11/23": 52.784671446140095, "Gi\u00e1 T12/23": 50.61752808988764, "Gi\u00e1 T1/24": 49.347828693610595, "Gi\u00e1 T2/24": 41.78092794454694, "Gi\u00e1 T3/24": 43.03707907093744, "Gi\u00e1 T4/24": 56.09752515512327, "Gi\u00e1 T5/24": 50.22164235004752, "Gi\u00e1 T6/24": 61.340626502319864, "Gi\u00e1 T7/24": 66.25583584884566, "Gi\u00e1 T8/24": 73.20316549276093, "Gi\u00e1 T9/24": 72.58658952428868, "Gi\u00e1 T10/24": 74.00809268265415}