{"Gi\u00e1 T10/22": 40.149027008828384, "Gi\u00e1 T11/22": 36.095460122699386, "Gi\u00e1 T12/22": 35.72515150381565, "Gi\u00e1 T1/23": 35.22631864432141, "Gi\u00e1 T2/23": 36.433188687715095, "Gi\u00e1 T3/23": 40.42538193924884, "Gi\u00e1 T4/23": 38.100722355229685, "Gi\u00e1 T5/23": 41.46872952853598, "Gi\u00e1 T6/23": 37.09724786772408, "Gi\u00e1 T7/23": 35.682685545413726, "Gi\u00e1 T8/23": 38.96539578033818, "Gi\u00e1 T9/23": 37.98637251234475, "Gi\u00e1 T10/23": 39.04782133772258, "Gi\u00e1 T11/23": 43.39268404907976, "Gi\u00e1 T12/23": 43.572187266197815, "Gi\u00e1 T1/24": 43.411786622774194, "Gi\u00e1 T2/24": 36.109676417776456, "Gi\u00e1 T3/24": 38.67656142450994, "Gi\u00e1 T4/24": 42.410732829567564, "Gi\u00e1 T5/24": 41.77871464910969, "Gi\u00e1 T6/24": 43.64348758042795, "Gi\u00e1 T7/24": 43.54665681580129, "Gi\u00e1 T8/24": 55.42774614694, "Gi\u00e1 T9/24": 54.66823582223553, "Gi\u00e1 T10/24": 57.153191680383074}