{"Gi\u00e1 T10/22": 274.7266666666666, "Gi\u00e1 T11/22": 36.014999999999944, "Gi\u00e1 T12/22": 19.801666666666687, "Gi\u00e1 T1/23": 97.60666666666657, "Gi\u00e1 T2/23": 262.6816666666665, "Gi\u00e1 T3/23": 66.66666666666667, "Gi\u00e1 T4/23": 34.56000000000003, "Gi\u00e1 T5/23": 998.4599999999995, "Gi\u00e1 T6/23": 333.0149999999998, "Gi\u00e1 T7/23": 89.70666666666658, "Gi\u00e1 T8/23": 75.61500000000008, "Gi\u00e1 T9/23": 39.5266666666667, "Gi\u00e1 T10/23": 22.426666666666645, "Gi\u00e1 T11/23": 130.6666666666664, "Gi\u00e1 T12/23": 191.53500000000005, "Gi\u00e1 T1/24": 124.2150000000001, "Gi\u00e1 T2/24": 266.666666666667, "Gi\u00e1 T3/24": 564.5399999999997, "Gi\u00e1 T4/24": 582.1349999999999, "Gi\u00e1 T5/24": 415.00166666666627, "Gi\u00e1 T6/24": 777.4816666666662, "Gi\u00e1 T7/24": 636.5400000000002, "Gi\u00e1 T8/24": 849.6599999999995, "Gi\u00e1 T9/24": 1088.106666666667, "Gi\u00e1 T10/24": 1497.8400000000004}