{"Gi\u00e1 T10/22": 603.1443548387097, "Gi\u00e1 T11/22": 257.1062903225806, "Gi\u00e1 T12/22": 484.1481350806449, "Gi\u00e1 T1/23": 441.97016129032266, "Gi\u00e1 T2/23": 383.7488709677417, "Gi\u00e1 T3/23": 587.1892641129032, "Gi\u00e1 T4/23": 169.81902217741933, "Gi\u00e1 T5/23": 1515.5212499999993, "Gi\u00e1 T6/23": 848.190282258064, "Gi\u00e1 T7/23": 227.4251209677418, "Gi\u00e1 T8/23": 416.61596774193555, "Gi\u00e1 T9/23": 331.48789314516137, "Gi\u00e1 T10/23": 467.4269354838708, "Gi\u00e1 T11/23": 389.9185483870965, "Gi\u00e1 T12/23": 824.2457661290322, "Gi\u00e1 T1/24": 2015.00189516129, "Gi\u00e1 T2/24": 1743.0695161290332, "Gi\u00e1 T3/24": 1635.4359677419354, "Gi\u00e1 T4/24": 1016.0035080645163, "Gi\u00e1 T5/24": 681.4228629032255, "Gi\u00e1 T6/24": 1987.005443548387, "Gi\u00e1 T7/24": 1704.8770564516133, "Gi\u00e1 T8/24": 4491.489989919355, "Gi\u00e1 T9/24": 2164.669516129033, "Gi\u00e1 T10/24": 2277.2889919354843}