{"Gi\u00e1 T10/22": 16.574880592832837, "Gi\u00e1 T11/22": 6.001249869818782, "Gi\u00e1 T12/22": 4.449906366056109, "Gi\u00e1 T1/23": 9.87960862922548, "Gi\u00e1 T2/23": 16.207457131415357, "Gi\u00e1 T3/23": 8.16496580927726, "Gi\u00e1 T4/23": 5.878775382679629, "Gi\u00e1 T5/23": 31.598417681902987, "Gi\u00e1 T6/23": 18.248698583734672, "Gi\u00e1 T7/23": 9.471360338761617, "Gi\u00e1 T8/23": 8.695688586880287, "Gi\u00e1 T9/23": 6.2870236731434925, "Gi\u00e1 T10/23": 4.735680169380808, "Gi\u00e1 T11/23": 11.430952132988153, "Gi\u00e1 T12/23": 13.839617046724959, "Gi\u00e1 T1/24": 11.145178329663464, "Gi\u00e1 T2/24": 16.329931618554532, "Gi\u00e1 T3/24": 23.760050504996823, "Gi\u00e1 T4/24": 24.127473966414303, "Gi\u00e1 T5/24": 20.371589694146756, "Gi\u00e1 T6/24": 27.883358238681836, "Gi\u00e1 T7/24": 25.22974435066674, "Gi\u00e1 T8/24": 29.14892793911981, "Gi\u00e1 T9/24": 32.98646186948014, "Gi\u00e1 T10/24": 38.70193793597422}