{"Gi\u00e1 T10/22": 24.558997431465105, "Gi\u00e1 T11/22": 16.034534303264955, "Gi\u00e1 T12/22": 22.00336644881062, "Gi\u00e1 T1/23": 21.023086388309462, "Gi\u00e1 T2/23": 19.58950920691332, "Gi\u00e1 T3/23": 24.23198844735824, "Gi\u00e1 T4/23": 13.031462779650616, "Gi\u00e1 T5/23": 38.92969624849389, "Gi\u00e1 T6/23": 29.12370653364822, "Gi\u00e1 T7/23": 15.08062070896758, "Gi\u00e1 T8/23": 20.411172620453133, "Gi\u00e1 T9/23": 18.206808977554562, "Gi\u00e1 T10/23": 21.620058637382805, "Gi\u00e1 T11/23": 19.746355319073352, "Gi\u00e1 T12/23": 28.709680704059252, "Gi\u00e1 T1/24": 44.888772484456396, "Gi\u00e1 T2/24": 41.750084025412846, "Gi\u00e1 T3/24": 40.44052383120099, "Gi\u00e1 T4/24": 31.87480992985709, "Gi\u00e1 T5/24": 26.10407751488693, "Gi\u00e1 T6/24": 44.575839235491536, "Gi\u00e1 T7/24": 41.290156895458914, "Gi\u00e1 T8/24": 67.01857943823754, "Gi\u00e1 T9/24": 46.52600902859639, "Gi\u00e1 T10/24": 47.72094919357205}