{"area_name": "H\u00e0 N\u1ed9i", "num_price1": 47.1563981042654, "num_price2": 27.251184834123222, "num_price3": 13.981042654028435, "num_price4": 11.137440758293838}