{"Gi\u00e1 T10/22": 71.07471607606044, "Gi\u00e1 T11/22": 69.91395294306962, "Gi\u00e1 T12/22": 72.68025218100942, "Gi\u00e1 T1/23": 74.94556468699594, "Gi\u00e1 T2/23": 64.75783971831741, "Gi\u00e1 T3/23": 75.66912820925431, "Gi\u00e1 T4/23": 55.26019382918971, "Gi\u00e1 T5/23": 70.97233495400437, "Gi\u00e1 T6/23": 67.47220985965679, "Gi\u00e1 T7/23": 57.71391091290139, "Gi\u00e1 T8/23": 62.97813178392587, "Gi\u00e1 T9/23": 65.0657756807393, "Gi\u00e1 T10/23": 74.76549832760544, "Gi\u00e1 T11/23": 86.66179227824968, "Gi\u00e1 T12/23": 93.23715696754442, "Gi\u00e1 T1/24": 87.19626927659836, "Gi\u00e1 T2/24": 87.39601410711755, "Gi\u00e1 T3/24": 85.24132841384963, "Gi\u00e1 T4/24": 90.80122910464632, "Gi\u00e1 T5/24": 70.46127492787438, "Gi\u00e1 T6/24": 94.36332229897741, "Gi\u00e1 T7/24": 108.00310938954726, "Gi\u00e1 T8/24": 133.63286847277618, "Gi\u00e1 T9/24": 132.3593029198898, "Gi\u00e1 T10/24": 142.20950786006293}