{"Gi\u00e1 T10/22": 84.43659051186019, "Gi\u00e1 T11/22": 78.55821348314606, "Gi\u00e1 T12/22": 84.06567290886395, "Gi\u00e1 T1/23": 73.21348314606742, "Gi\u00e1 T2/23": 71.1216991260924, "Gi\u00e1 T3/23": 102.23538202247191, "Gi\u00e1 T4/23": 64.35691011235957, "Gi\u00e1 T5/23": 92.31251560549313, "Gi\u00e1 T6/23": 82.9268526841448, "Gi\u00e1 T7/23": 64.81403245942573, "Gi\u00e1 T8/23": 75.47015730337081, "Gi\u00e1 T9/23": 74.89928714107364, "Gi\u00e1 T10/23": 88.35776404494383, "Gi\u00e1 T11/23": 99.08054931335832, "Gi\u00e1 T12/23": 115.66135955056178, "Gi\u00e1 T1/24": 115.55827215980027, "Gi\u00e1 T2/24": 114.61528089887639, "Gi\u00e1 T3/24": 108.24762047440696, "Gi\u00e1 T4/24": 128.99343820224723, "Gi\u00e1 T5/24": 91.4320961298377, "Gi\u00e1 T6/24": 123.90015605493134, "Gi\u00e1 T7/24": 134.0131598002497, "Gi\u00e1 T8/24": 173.2150561797753, "Gi\u00e1 T9/24": 168.76991260923847, "Gi\u00e1 T10/24": 172.61780399500623}