{"Gi\u00e1 T10/22": 5.145618588208972, "Gi\u00e1 T11/22": 4.93490897746988, "Gi\u00e1 T12/22": 5.087845113424127, "Gi\u00e1 T1/23": 5.29618207028142, "Gi\u00e1 T2/23": 5.025715926137724, "Gi\u00e1 T3/23": 5.017751422719147, "Gi\u00e1 T4/23": 4.6301716102289525, "Gi\u00e1 T5/23": 4.757402427260461, "Gi\u00e1 T6/23": 4.610798154423909, "Gi\u00e1 T7/23": 5.4257939509814825, "Gi\u00e1 T8/23": 5.005374164380877, "Gi\u00e1 T9/23": 5.178317506424541, "Gi\u00e1 T10/23": 4.903310809703146, "Gi\u00e1 T11/23": 5.1956775062035865, "Gi\u00e1 T12/23": 4.947655528695529, "Gi\u00e1 T1/24": 5.571921428397877, "Gi\u00e1 T2/24": 6.053526589458329, "Gi\u00e1 T3/24": 5.812003252813786, "Gi\u00e1 T4/24": 6.0228566485750745, "Gi\u00e1 T5/24": 5.72395227497713, "Gi\u00e1 T6/24": 6.062098520800526, "Gi\u00e1 T7/24": 6.339419770085151, "Gi\u00e1 T8/24": 6.223342793203638, "Gi\u00e1 T9/24": 6.573017359632587, "Gi\u00e1 T10/24": 6.9960157022995535}