{"Gi\u00e1 T10/22": 95.88808364565391, "Gi\u00e1 T11/22": 96.30685000001515, "Gi\u00e1 T12/22": 94.0682714808302, "Gi\u00e1 T1/23": 96.14731271340418, "Gi\u00e1 T2/23": 98.81737718380073, "Gi\u00e1 T3/23": 99.79839329194117, "Gi\u00e1 T4/23": 85.04573914862742, "Gi\u00e1 T5/23": 83.20251606534661, "Gi\u00e1 T6/23": 87.22804632805922, "Gi\u00e1 T7/23": 86.8049776881831, "Gi\u00e1 T8/23": 91.0223979536012, "Gi\u00e1 T9/23": 92.04533718865675, "Gi\u00e1 T10/23": 93.54412577235654, "Gi\u00e1 T11/23": 91.69811637751438, "Gi\u00e1 T12/23": 94.66113098002288, "Gi\u00e1 T1/24": 91.5667848112497, "Gi\u00e1 T2/24": 86.08170026785348, "Gi\u00e1 T3/24": 92.65378283764139, "Gi\u00e1 T4/24": 98.82477713277409, "Gi\u00e1 T5/24": 108.53185258307423, "Gi\u00e1 T6/24": 111.21704326031929, "Gi\u00e1 T7/24": 113.23002605921215, "Gi\u00e1 T8/24": 112.50382613145267, "Gi\u00e1 T9/24": 114.2302876925897, "Gi\u00e1 T10/24": 117.64652368756438}