{"Gi\u00e1 T10/22": 96.10433260756741, "Gi\u00e1 T11/22": 96.59066660747132, "Gi\u00e1 T12/22": 94.57997807280488, "Gi\u00e1 T1/23": 96.6448477954485, "Gi\u00e1 T2/23": 99.0579506793513, "Gi\u00e1 T3/23": 100.12267790381273, "Gi\u00e1 T4/23": 85.0066631622603, "Gi\u00e1 T5/23": 83.40636778680263, "Gi\u00e1 T6/23": 87.49316798038144, "Gi\u00e1 T7/23": 86.91765683835632, "Gi\u00e1 T8/23": 91.10392545018262, "Gi\u00e1 T9/23": 92.13975239369363, "Gi\u00e1 T10/23": 93.75539061018554, "Gi\u00e1 T11/23": 91.67193972712333, "Gi\u00e1 T12/23": 94.89422560964421, "Gi\u00e1 T1/24": 91.58269536375357, "Gi\u00e1 T2/24": 86.29855050822012, "Gi\u00e1 T3/24": 92.76953425821694, "Gi\u00e1 T4/24": 98.35912820323746, "Gi\u00e1 T5/24": 108.15435003101184, "Gi\u00e1 T6/24": 110.70497193356228, "Gi\u00e1 T7/24": 112.73740433030704, "Gi\u00e1 T8/24": 111.84330617044158, "Gi\u00e1 T9/24": 114.23722748799598, "Gi\u00e1 T10/24": 117.31408067373808}