{"Gi\u00e1 T10/22": 5.1237723472381305, "Gi\u00e1 T11/22": 4.93225368362734, "Gi\u00e1 T12/22": 5.083314059352625, "Gi\u00e1 T1/23": 5.26857484730162, "Gi\u00e1 T2/23": 5.014001562721465, "Gi\u00e1 T3/23": 4.972728641945536, "Gi\u00e1 T4/23": 4.677385599510867, "Gi\u00e1 T5/23": 4.820517067451197, "Gi\u00e1 T6/23": 4.645707617561884, "Gi\u00e1 T7/23": 5.418527388613458, "Gi\u00e1 T8/23": 4.99648228970321, "Gi\u00e1 T9/23": 5.1357462490745895, "Gi\u00e1 T10/23": 4.889083424893952, "Gi\u00e1 T11/23": 5.171811558592239, "Gi\u00e1 T12/23": 4.941433547451181, "Gi\u00e1 T1/24": 5.436182077652968, "Gi\u00e1 T2/24": 5.947583542918922, "Gi\u00e1 T3/24": 5.746027032485438, "Gi\u00e1 T4/24": 5.919984384800274, "Gi\u00e1 T5/24": 5.70832287480888, "Gi\u00e1 T6/24": 5.991872887309477, "Gi\u00e1 T7/24": 6.374000386069905, "Gi\u00e1 T8/24": 6.285929216545295, "Gi\u00e1 T9/24": 6.648301059424444, "Gi\u00e1 T10/24": 7.020964898436812}