{"Gi\u00e1 T10/22": 70.71567382366378, "Gi\u00e1 T11/22": 63.9068559971575, "Gi\u00e1 T12/22": 71.85620476117964, "Gi\u00e1 T1/23": 74.44588904116542, "Gi\u00e1 T2/23": 73.29583472920157, "Gi\u00e1 T3/23": 92.61443987614842, "Gi\u00e1 T4/23": 85.5851794325161, "Gi\u00e1 T5/23": 83.72916044870819, "Gi\u00e1 T6/23": 79.36563270899954, "Gi\u00e1 T7/23": 84.11999796964619, "Gi\u00e1 T8/23": 86.59992030861379, "Gi\u00e1 T9/23": 68.81803461753208, "Gi\u00e1 T10/23": 70.99617126034212, "Gi\u00e1 T11/23": 71.82711385208873, "Gi\u00e1 T12/23": 72.9399538094513, "Gi\u00e1 T1/24": 87.78216080402011, "Gi\u00e1 T2/24": 80.14117963555147, "Gi\u00e1 T3/24": 97.90908887873712, "Gi\u00e1 T4/24": 92.30394903811991, "Gi\u00e1 T5/24": 131.2733044007918, "Gi\u00e1 T6/24": 100.3761078117862, "Gi\u00e1 T7/24": 98.84219735038829, "Gi\u00e1 T8/24": 105.57338053905895, "Gi\u00e1 T9/24": 116.05949038119894, "Gi\u00e1 T10/24": 145.84282371453227}