{"Gi\u00e1 T10/22": 36.51764151692535, "Gi\u00e1 T11/22": 36.21226620524703, "Gi\u00e1 T12/22": 32.12077595542232, "Gi\u00e1 T1/23": 35.2604750482595, "Gi\u00e1 T2/23": 35.67516460049256, "Gi\u00e1 T3/23": 30.877753530216154, "Gi\u00e1 T4/23": 32.491880152294776, "Gi\u00e1 T5/23": 35.545968984558755, "Gi\u00e1 T6/23": 35.973921971264254, "Gi\u00e1 T7/23": 37.18005179625664, "Gi\u00e1 T8/23": 38.22315353692416, "Gi\u00e1 T9/23": 40.13764721765481, "Gi\u00e1 T10/23": 39.7791592348803, "Gi\u00e1 T11/23": 37.707795064486824, "Gi\u00e1 T12/23": 35.2219043915396, "Gi\u00e1 T1/24": 35.48822024672868, "Gi\u00e1 T2/24": 40.39662840761102, "Gi\u00e1 T3/24": 42.54547389097185, "Gi\u00e1 T4/24": 47.585905719872486, "Gi\u00e1 T5/24": 49.17195918946182, "Gi\u00e1 T6/24": 47.31535245264352, "Gi\u00e1 T7/24": 48.69862381387875, "Gi\u00e1 T8/24": 49.1886330907551, "Gi\u00e1 T9/24": 47.90362176742649, "Gi\u00e1 T10/24": 46.97257397885985}