{"Gi\u00e1 T10/22": 38.28997067949506, "Gi\u00e1 T11/22": 41.31648658832871, "Gi\u00e1 T12/22": 34.21058959874224, "Gi\u00e1 T1/23": 39.47896121911706, "Gi\u00e1 T2/23": 36.95352048517765, "Gi\u00e1 T3/23": 37.49170944562909, "Gi\u00e1 T4/23": 35.93793325722384, "Gi\u00e1 T5/23": 40.42145420317964, "Gi\u00e1 T6/23": 38.180525343064026, "Gi\u00e1 T7/23": 40.31316759565222, "Gi\u00e1 T8/23": 39.56577997524754, "Gi\u00e1 T9/23": 44.08740151597821, "Gi\u00e1 T10/23": 39.653338237651525, "Gi\u00e1 T11/23": 40.04734780421512, "Gi\u00e1 T12/23": 35.30846784734658, "Gi\u00e1 T1/24": 41.389797434833966, "Gi\u00e1 T2/24": 46.41990439911852, "Gi\u00e1 T3/24": 43.81367297324363, "Gi\u00e1 T4/24": 48.330390106496615, "Gi\u00e1 T5/24": 50.57585630071285, "Gi\u00e1 T6/24": 48.98412948880698, "Gi\u00e1 T7/24": 51.889769838592485, "Gi\u00e1 T8/24": 48.98854750841739, "Gi\u00e1 T9/24": 49.73405021826068, "Gi\u00e1 T10/24": 48.9340853623014}