{"Gi\u00e1 T10/22": 118.67542359759624, "Gi\u00e1 T11/22": 115.30163601967519, "Gi\u00e1 T12/22": 111.12318273783598, "Gi\u00e1 T1/23": 107.1921708539131, "Gi\u00e1 T2/23": 113.83675090838194, "Gi\u00e1 T3/23": 110.80040518623528, "Gi\u00e1 T4/23": 120.99750727777587, "Gi\u00e1 T5/23": 76.56750746618685, "Gi\u00e1 T6/23": 107.20514069453341, "Gi\u00e1 T7/23": 112.79085062219586, "Gi\u00e1 T8/23": 112.12682001805334, "Gi\u00e1 T9/23": 110.26948567126685, "Gi\u00e1 T10/23": 114.37467036034727, "Gi\u00e1 T11/23": 116.99531275890585, "Gi\u00e1 T12/23": 113.5120467095603, "Gi\u00e1 T1/24": 127.81956161506466, "Gi\u00e1 T2/24": 110.31683430268899, "Gi\u00e1 T3/24": 108.22601954351568, "Gi\u00e1 T4/24": 116.95042355454461, "Gi\u00e1 T5/24": 117.40091242964023, "Gi\u00e1 T6/24": 120.84642027173868, "Gi\u00e1 T7/24": 131.98565504731994, "Gi\u00e1 T8/24": 128.6137914890639, "Gi\u00e1 T9/24": 127.08280277096458, "Gi\u00e1 T10/24": 139.4647109608328}