{"Gi\u00e1 T10/22": 15.36384253182313, "Gi\u00e1 T11/22": 15.269002986916082, "Gi\u00e1 T12/22": 20.632185235671656, "Gi\u00e1 T1/23": 17.806030774283524, "Gi\u00e1 T2/23": 19.312970869932045, "Gi\u00e1 T3/23": 15.457867619069306, "Gi\u00e1 T4/23": 15.661252126883666, "Gi\u00e1 T5/23": 13.951085043564673, "Gi\u00e1 T6/23": 19.02280517037686, "Gi\u00e1 T7/23": 18.358410291695424, "Gi\u00e1 T8/23": 18.487719353661955, "Gi\u00e1 T9/23": 17.613429925852426, "Gi\u00e1 T10/23": 23.126322402811645, "Gi\u00e1 T11/23": 18.107397295852234, "Gi\u00e1 T12/23": 20.680513952575197, "Gi\u00e1 T1/24": 18.764293138024065, "Gi\u00e1 T2/24": 17.71323113126335, "Gi\u00e1 T3/24": 19.174349610447887, "Gi\u00e1 T4/24": 30.761515515816786, "Gi\u00e1 T5/24": 26.423310018888863, "Gi\u00e1 T6/24": 31.04515265700112, "Gi\u00e1 T7/24": 30.14096736591103, "Gi\u00e1 T8/24": 29.457151252399814, "Gi\u00e1 T9/24": 30.541222133654855, "Gi\u00e1 T10/24": 24.552452438522728}