{"Gi\u00e1 T10/22": 17.484484665465935, "Gi\u00e1 T11/22": 14.427268866854936, "Gi\u00e1 T12/22": 15.511112962869591, "Gi\u00e1 T1/23": 21.29463739697486, "Gi\u00e1 T2/23": 15.172050292668303, "Gi\u00e1 T3/23": 17.629230782519944, "Gi\u00e1 T4/23": 22.54268415019942, "Gi\u00e1 T5/23": 27.074805408009695, "Gi\u00e1 T6/23": 18.13606324452059, "Gi\u00e1 T7/23": 26.129467382247306, "Gi\u00e1 T8/23": 24.787546483759773, "Gi\u00e1 T9/23": 21.329941214860796, "Gi\u00e1 T10/23": 22.981645534042137, "Gi\u00e1 T11/23": 19.5713514693001, "Gi\u00e1 T12/23": 24.993733904822786, "Gi\u00e1 T1/24": 21.10723424919342, "Gi\u00e1 T2/24": 21.889604230273374, "Gi\u00e1 T3/24": 27.114337684112876, "Gi\u00e1 T4/24": 19.937634493469623, "Gi\u00e1 T5/24": 18.908600209617354, "Gi\u00e1 T6/24": 21.57699999466232, "Gi\u00e1 T7/24": 22.682342645769474, "Gi\u00e1 T8/24": 23.39578442700034, "Gi\u00e1 T9/24": 22.758301491357123, "Gi\u00e1 T10/24": 28.11127634134237}