{"Gi\u00e1 T10/22": 17.043198763521133, "Gi\u00e1 T11/22": 11.937986952059063, "Gi\u00e1 T12/22": 13.802687485347983, "Gi\u00e1 T1/23": 22.009849920126523, "Gi\u00e1 T2/23": 13.299141169419771, "Gi\u00e1 T3/23": 15.96953339184482, "Gi\u00e1 T4/23": 22.947378256157474, "Gi\u00e1 T5/23": 28.51604401444503, "Gi\u00e1 T6/23": 19.043758820148927, "Gi\u00e1 T7/23": 26.949973857298836, "Gi\u00e1 T8/23": 25.99695761420565, "Gi\u00e1 T9/23": 21.735618920797492, "Gi\u00e1 T10/23": 23.45685733094175, "Gi\u00e1 T11/23": 18.48391851059979, "Gi\u00e1 T12/23": 25.85303563024469, "Gi\u00e1 T1/24": 20.642636497270438, "Gi\u00e1 T2/24": 19.22378228119548, "Gi\u00e1 T3/24": 27.49716673716455, "Gi\u00e1 T4/24": 18.35484012036487, "Gi\u00e1 T5/24": 18.296228764775186, "Gi\u00e1 T6/24": 20.11570161089842, "Gi\u00e1 T7/24": 21.85393178390526, "Gi\u00e1 T8/24": 22.24027351976064, "Gi\u00e1 T9/24": 20.376329531954603, "Gi\u00e1 T10/24": 27.91881731717177}