{"Gi\u00e1 T10/22": 88.66908006535981, "Gi\u00e1 T11/22": 87.91670486565188, "Gi\u00e1 T12/22": 93.65344603943207, "Gi\u00e1 T1/23": 71.7301264390426, "Gi\u00e1 T2/23": 64.72525651682527, "Gi\u00e1 T3/23": 74.30751454733519, "Gi\u00e1 T4/23": 67.87560707247196, "Gi\u00e1 T5/23": 71.53780030731815, "Gi\u00e1 T6/23": 68.52566939105121, "Gi\u00e1 T7/23": 63.22656275234966, "Gi\u00e1 T8/23": 79.3241846270677, "Gi\u00e1 T9/23": 74.4451453214068, "Gi\u00e1 T10/23": 79.62091112744945, "Gi\u00e1 T11/23": 70.94023040154902, "Gi\u00e1 T12/23": 56.52712235502394, "Gi\u00e1 T1/24": 82.25991946032184, "Gi\u00e1 T2/24": 71.08327514804031, "Gi\u00e1 T3/24": 76.82237638809839, "Gi\u00e1 T4/24": 84.13749515593646, "Gi\u00e1 T5/24": 86.15369872596352, "Gi\u00e1 T6/24": 86.3908053153961, "Gi\u00e1 T7/24": 78.23034571258954, "Gi\u00e1 T8/24": 76.45660720299315, "Gi\u00e1 T9/24": 91.73972439210776, "Gi\u00e1 T10/24": 93.61654399641671}