{"Gi\u00e1 T10/22": 7.401130050231555, "Gi\u00e1 T11/22": 7.029477635687835, "Gi\u00e1 T12/22": 7.493845884951231, "Gi\u00e1 T1/23": 7.690018147078275, "Gi\u00e1 T2/23": 7.566608283044207, "Gi\u00e1 T3/23": 8.470820336985625, "Gi\u00e1 T4/23": 8.425555965905332, "Gi\u00e1 T5/23": 8.25587869973908, "Gi\u00e1 T6/23": 7.9771404976909475, "Gi\u00e1 T7/23": 8.269577856238861, "Gi\u00e1 T8/23": 8.236116896475338, "Gi\u00e1 T9/23": 7.315634180278458, "Gi\u00e1 T10/23": 7.396208180445303, "Gi\u00e1 T11/23": 7.370471990347888, "Gi\u00e1 T12/23": 7.330765696047358, "Gi\u00e1 T1/24": 7.910730771196111, "Gi\u00e1 T2/24": 7.613638233151457, "Gi\u00e1 T3/24": 8.514496508700539, "Gi\u00e1 T4/24": 8.296048750547039, "Gi\u00e1 T5/24": 9.957919157079568, "Gi\u00e1 T6/24": 8.847344067469134, "Gi\u00e1 T7/24": 8.803928407192531, "Gi\u00e1 T8/24": 9.053952843008002, "Gi\u00e1 T9/24": 9.5055417554844, "Gi\u00e1 T10/24": 10.899109424055805}