{"Gi\u00e1 T10/22": 57.091233415233425, "Gi\u00e1 T11/22": 52.770152334152336, "Gi\u00e1 T12/22": 52.69067485667486, "Gi\u00e1 T1/23": 51.144493038493025, "Gi\u00e1 T2/23": 54.77538083538083, "Gi\u00e1 T3/23": 59.427960687960685, "Gi\u00e1 T4/23": 57.38891891891892, "Gi\u00e1 T5/23": 62.56210713049499, "Gi\u00e1 T6/23": 57.9732972972973, "Gi\u00e1 T7/23": 54.070763308763304, "Gi\u00e1 T8/23": 58.573017199017194, "Gi\u00e1 T9/23": 55.99519901719902, "Gi\u00e1 T10/23": 56.50665356265356, "Gi\u00e1 T11/23": 70.96841441441443, "Gi\u00e1 T12/23": 69.01129729729729, "Gi\u00e1 T1/24": 65.13824242424242, "Gi\u00e1 T2/24": 57.82793611793613, "Gi\u00e1 T3/24": 57.50096969696969, "Gi\u00e1 T4/24": 82.35726453726456, "Gi\u00e1 T5/24": 69.15428173628173, "Gi\u00e1 T6/24": 93.46487633087634, "Gi\u00e1 T7/24": 104.61568714168715, "Gi\u00e1 T8/24": 110.43602129402132, "Gi\u00e1 T9/24": 105.96954463554465, "Gi\u00e1 T10/24": 102.61099918099919}