{"Gi\u00e1 T10/22": 4355.640098904037, "Gi\u00e1 T11/22": 3743.225990376905, "Gi\u00e1 T12/22": 4238.5783346698745, "Gi\u00e1 T1/23": 3544.292397754611, "Gi\u00e1 T2/23": 3059.9014782143813, "Gi\u00e1 T3/23": 3227.471125367549, "Gi\u00e1 T4/23": 3043.319746057204, "Gi\u00e1 T5/23": 3124.904292969794, "Gi\u00e1 T6/23": 3193.3123041967388, "Gi\u00e1 T7/23": 3329.53240844694, "Gi\u00e1 T8/23": 2835.512566158781, "Gi\u00e1 T9/23": 2896.035244587009, "Gi\u00e1 T10/23": 3049.65050521251, "Gi\u00e1 T11/23": 3443.7852232023524, "Gi\u00e1 T12/23": 3614.261983426891, "Gi\u00e1 T1/24": 3426.2752151831064, "Gi\u00e1 T2/24": 3618.5129537556804, "Gi\u00e1 T3/24": 4335.38689120556, "Gi\u00e1 T4/24": 5159.996939321037, "Gi\u00e1 T5/24": 5402.273515102914, "Gi\u00e1 T6/24": 5775.864333066025, "Gi\u00e1 T7/24": 6134.64369152633, "Gi\u00e1 T8/24": 6400.456287089014, "Gi\u00e1 T9/24": 6547.353835872761, "Gi\u00e1 T10/24": 6945.147203956161}