{"Gi\u00e1 T10/22": 5.498138972756391, "Gi\u00e1 T11/22": 5.520297474822014, "Gi\u00e1 T12/22": 5.727225428696789, "Gi\u00e1 T1/23": 6.191982176561379, "Gi\u00e1 T2/23": 5.886882036949531, "Gi\u00e1 T3/23": 5.869790834812127, "Gi\u00e1 T4/23": 5.023046302001085, "Gi\u00e1 T5/23": 5.482849389405165, "Gi\u00e1 T6/23": 5.009528931642082, "Gi\u00e1 T7/23": 5.8463863982915685, "Gi\u00e1 T8/23": 5.6521744508986815, "Gi\u00e1 T9/23": 5.920857176761008, "Gi\u00e1 T10/23": 5.861121781537362, "Gi\u00e1 T11/23": 5.913484441986301, "Gi\u00e1 T12/23": 5.635746394835434, "Gi\u00e1 T1/24": 6.773792808009995, "Gi\u00e1 T2/24": 7.447787064876565, "Gi\u00e1 T3/24": 7.06534661619779, "Gi\u00e1 T4/24": 7.537430961347244, "Gi\u00e1 T5/24": 6.534684786824679, "Gi\u00e1 T6/24": 7.399189935114953, "Gi\u00e1 T7/24": 7.168322942025532, "Gi\u00e1 T8/24": 7.140875665011812, "Gi\u00e1 T9/24": 7.168282151662835, "Gi\u00e1 T10/24": 7.332212833056591}