{"Gi\u00e1 T10/22": 34.41766562381094, "Gi\u00e1 T11/22": 36.92544032469454, "Gi\u00e1 T12/22": 36.95311398131315, "Gi\u00e1 T1/23": 39.04196106202174, "Gi\u00e1 T2/23": 41.65096013190717, "Gi\u00e1 T3/23": 42.52889971673783, "Gi\u00e1 T4/23": 47.512884623515, "Gi\u00e1 T5/23": 51.099943558956575, "Gi\u00e1 T6/23": 52.45871918995474, "Gi\u00e1 T7/23": 40.54659049592018, "Gi\u00e1 T8/23": 47.92245634803197, "Gi\u00e1 T9/23": 47.177765188348204, "Gi\u00e1 T10/23": 44.02732528643301, "Gi\u00e1 T11/23": 48.08128884285291, "Gi\u00e1 T12/23": 47.09360778759565, "Gi\u00e1 T1/24": 46.45431467467129, "Gi\u00e1 T2/24": 51.36332325709211, "Gi\u00e1 T3/24": 59.405925041220975, "Gi\u00e1 T4/24": 69.76469728998435, "Gi\u00e1 T5/24": 67.14808776899336, "Gi\u00e1 T6/24": 71.75597514057414, "Gi\u00e1 T7/24": 60.51152602206909, "Gi\u00e1 T8/24": 75.95661036654971, "Gi\u00e1 T9/24": 80.96225785312647, "Gi\u00e1 T10/24": 79.1520781719021}