{"Gi\u00e1 T10/22": 14578.907664161174, "Gi\u00e1 T11/22": 14332.483665667422, "Gi\u00e1 T12/22": 13904.630972195722, "Gi\u00e1 T1/23": 15143.843350514711, "Gi\u00e1 T2/23": 15283.355515660314, "Gi\u00e1 T3/23": 15430.475891149319, "Gi\u00e1 T4/23": 14911.8190369345, "Gi\u00e1 T5/23": 11212.309421464073, "Gi\u00e1 T6/23": 15831.399756070701, "Gi\u00e1 T7/23": 15522.731461250341, "Gi\u00e1 T8/23": 15074.019591631954, "Gi\u00e1 T9/23": 16806.75850245927, "Gi\u00e1 T10/23": 16357.499872489348, "Gi\u00e1 T11/23": 16693.84013043027, "Gi\u00e1 T12/23": 16388.9258563213, "Gi\u00e1 T1/24": 17142.654223707075, "Gi\u00e1 T2/24": 16694.372783672654, "Gi\u00e1 T3/24": 18164.387569760398, "Gi\u00e1 T4/24": 18935.28262486285, "Gi\u00e1 T5/24": 18997.67388625511, "Gi\u00e1 T6/24": 19018.794175973817, "Gi\u00e1 T7/24": 19728.646391751812, "Gi\u00e1 T8/24": 19990.90858978414, "Gi\u00e1 T9/24": 19925.007868655426, "Gi\u00e1 T10/24": 20502.631072850974}