{"Gi\u00e1 T10/22": 5642.671705793922, "Gi\u00e1 T11/22": 5290.310825430676, "Gi\u00e1 T12/22": 4969.273429898701, "Gi\u00e1 T1/23": 5070.9632995376405, "Gi\u00e1 T2/23": 5673.964534930471, "Gi\u00e1 T3/23": 5281.416024096912, "Gi\u00e1 T4/23": 4173.252622516672, "Gi\u00e1 T5/23": 4242.663790216147, "Gi\u00e1 T6/23": 4584.162164745265, "Gi\u00e1 T7/23": 4531.888410844921, "Gi\u00e1 T8/23": 4473.580046891524, "Gi\u00e1 T9/23": 5053.744538819889, "Gi\u00e1 T10/23": 5139.559569236013, "Gi\u00e1 T11/23": 5407.995172751348, "Gi\u00e1 T12/23": 5204.179303182331, "Gi\u00e1 T1/24": 5024.622556920979, "Gi\u00e1 T2/24": 4608.571857087918, "Gi\u00e1 T3/24": 5549.481446208036, "Gi\u00e1 T4/24": 5962.804540611644, "Gi\u00e1 T5/24": 6875.07965502172, "Gi\u00e1 T6/24": 7727.952422714202, "Gi\u00e1 T7/24": 7450.4403906461675, "Gi\u00e1 T8/24": 7547.810426961971, "Gi\u00e1 T9/24": 8248.541845944079, "Gi\u00e1 T10/24": 8217.48441864124}