{"Gi\u00e1 T10/22": 16884.770874429945, "Gi\u00e1 T11/22": 16643.772550629565, "Gi\u00e1 T12/22": 16180.064831915259, "Gi\u00e1 T1/23": 17591.708426616686, "Gi\u00e1 T2/23": 17712.64927351596, "Gi\u00e1 T3/23": 17949.662686407664, "Gi\u00e1 T4/23": 17272.01405746262, "Gi\u00e1 T5/23": 12978.118381840304, "Gi\u00e1 T6/23": 18466.565874353986, "Gi\u00e1 T7/23": 18042.34789476058, "Gi\u00e1 T8/23": 17460.989167722983, "Gi\u00e1 T9/23": 19532.28319152118, "Gi\u00e1 T10/23": 18886.428497757763, "Gi\u00e1 T11/23": 19262.169147546167, "Gi\u00e1 T12/23": 19003.127533196795, "Gi\u00e1 T1/24": 19982.53656733027, "Gi\u00e1 T2/24": 19206.08281786555, "Gi\u00e1 T3/24": 20820.870758073812, "Gi\u00e1 T4/24": 21775.28737186871, "Gi\u00e1 T5/24": 21627.11667105809, "Gi\u00e1 T6/24": 21598.07857471451, "Gi\u00e1 T7/24": 22349.260801973815, "Gi\u00e1 T8/24": 22750.663909929746, "Gi\u00e1 T9/24": 22583.57870746846, "Gi\u00e1 T10/24": 23195.878597763556}