{"Gi\u00e1 T10/22": 5779.498234223541, "Gi\u00e1 T11/22": 5437.7785309594465, "Gi\u00e1 T12/22": 5094.434847785471, "Gi\u00e1 T1/23": 5194.865747576657, "Gi\u00e1 T2/23": 5829.318240158259, "Gi\u00e1 T3/23": 5445.592643894934, "Gi\u00e1 T4/23": 4265.413163512474, "Gi\u00e1 T5/23": 4322.7285535553365, "Gi\u00e1 T6/23": 4676.339425519288, "Gi\u00e1 T7/23": 4624.073897131553, "Gi\u00e1 T8/23": 4578.327413649851, "Gi\u00e1 T9/23": 5153.171191867238, "Gi\u00e1 T10/23": 5258.598183228926, "Gi\u00e1 T11/23": 5513.735447323882, "Gi\u00e1 T12/23": 5323.784793845478, "Gi\u00e1 T1/24": 5125.207540301131, "Gi\u00e1 T2/24": 4676.864956588636, "Gi\u00e1 T3/24": 5649.482328299813, "Gi\u00e1 T4/24": 6065.037310693483, "Gi\u00e1 T5/24": 7015.158592065062, "Gi\u00e1 T6/24": 7852.391179821959, "Gi\u00e1 T7/24": 7582.5184371909, "Gi\u00e1 T8/24": 7696.5658288603145, "Gi\u00e1 T9/24": 8383.21058437191, "Gi\u00e1 T10/24": 8347.14078140455}