{"Gi\u00e1 T10/22": 25.79402984126985, "Gi\u00e1 T11/22": 23.278944126984122, "Gi\u00e1 T12/22": 25.90084317460318, "Gi\u00e1 T1/23": 27.374177142857143, "Gi\u00e1 T2/23": 24.166176507936505, "Gi\u00e1 T3/23": 24.054130793650792, "Gi\u00e1 T4/23": 20.19563746031746, "Gi\u00e1 T5/23": 21.343599365079367, "Gi\u00e1 T6/23": 20.244617142857138, "Gi\u00e1 T7/23": 29.21557650793651, "Gi\u00e1 T8/23": 24.606610793650795, "Gi\u00e1 T9/23": 25.740119999999994, "Gi\u00e1 T10/23": 23.968988571428568, "Gi\u00e1 T11/23": 27.05743555555555, "Gi\u00e1 T12/23": 25.298296507936506, "Gi\u00e1 T1/24": 29.71150984126984, "Gi\u00e1 T2/24": 36.49306412698412, "Gi\u00e1 T3/24": 33.32335746031746, "Gi\u00e1 T4/24": 33.381217142857146, "Gi\u00e1 T5/24": 30.306382222222226, "Gi\u00e1 T6/24": 33.80164317460317, "Gi\u00e1 T7/24": 38.92713714285714, "Gi\u00e1 T8/24": 36.270519365079366, "Gi\u00e1 T9/24": 38.76331746031746, "Gi\u00e1 T10/24": 43.36708317460318}