{"Gi\u00e1 T10/22": 25.66454632443995, "Gi\u00e1 T11/22": 23.68386074524372, "Gi\u00e1 T12/22": 25.313940110323095, "Gi\u00e1 T1/23": 27.11729877293707, "Gi\u00e1 T2/23": 24.15442812113025, "Gi\u00e1 T3/23": 24.013327141731395, "Gi\u00e1 T4/23": 20.714688168411573, "Gi\u00e1 T5/23": 22.14091579421367, "Gi\u00e1 T6/23": 20.72769503546099, "Gi\u00e1 T7/23": 28.511989755713163, "Gi\u00e1 T8/23": 24.422383203872567, "Gi\u00e1 T9/23": 25.670377124845203, "Gi\u00e1 T10/23": 22.943135764944273, "Gi\u00e1 T11/23": 26.371130248789818, "Gi\u00e1 T12/23": 24.360589890802657, "Gi\u00e1 T1/24": 30.057646628391307, "Gi\u00e1 T2/24": 35.54219351570415, "Gi\u00e1 T3/24": 32.54193740853316, "Gi\u00e1 T4/24": 33.516204548013064, "Gi\u00e1 T5/24": 30.931081278847238, "Gi\u00e1 T6/24": 34.49966790498705, "Gi\u00e1 T7/24": 39.137877969154566, "Gi\u00e1 T8/24": 36.118577057300456, "Gi\u00e1 T9/24": 41.48193009118541, "Gi\u00e1 T10/24": 47.01462512664641}