{"Gi\u00e1 T10/22": 74.01630451011002, "Gi\u00e1 T11/22": 71.36049327183775, "Gi\u00e1 T12/22": 68.93562214124132, "Gi\u00e1 T1/23": 66.7994261452397, "Gi\u00e1 T2/23": 60.217633076477966, "Gi\u00e1 T3/23": 67.37677641442933, "Gi\u00e1 T4/23": 58.54331729582806, "Gi\u00e1 T5/23": 55.02148065377134, "Gi\u00e1 T6/23": 55.656565949879926, "Gi\u00e1 T7/23": 46.5921667236028, "Gi\u00e1 T8/23": 48.67062769268546, "Gi\u00e1 T9/23": 61.31459858793826, "Gi\u00e1 T10/23": 63.1043844224261, "Gi\u00e1 T11/23": 52.48113946933699, "Gi\u00e1 T12/23": 62.75797426091232, "Gi\u00e1 T1/24": 58.71652237658495, "Gi\u00e1 T2/24": 53.231694819283504, "Gi\u00e1 T3/24": 55.71430097679888, "Gi\u00e1 T4/24": 55.310155788366146, "Gi\u00e1 T5/24": 62.353829072479584, "Gi\u00e1 T6/24": 63.45079458393987, "Gi\u00e1 T7/24": 60.91045339950552, "Gi\u00e1 T8/24": 63.681734691615716, "Gi\u00e1 T9/24": 67.14583630675347, "Gi\u00e1 T10/24": 71.01408311032397}