{"C\u0103n h\u1ed9 chung c\u01b0": 69.21423829408863, "Chung c\u01b0 mini, c\u0103n h\u1ed9 d\u1ecbch v\u1ee5": 195.24443430649606, "Nh\u00e0 ri\u00eang": 204.36897480795807, "Nh\u00e0 Bi\u1ec7t th\u1ef1, li\u1ec1n k\u1ec1": 277.9008758430346, "Nh\u00e0 m\u1eb7t ph\u1ed1": 406.9786730029507, "Shophouse, nh\u00e0 ph\u1ed1 th\u01b0\u01a1ng m\u1ea1i": 273.71116539866654, "B\u00e1n \u0111\u1ea5t": 327.07896343030427, "Trang tr\u1ea1i, khu ngh\u1ec9 d\u01b0\u1ee1ng": 28.33991183603511, "Condotel": 56.10738182067871, "Kho, nh\u00e0 x\u01b0\u1edfng": 103.75, "B\u1ea5t \u0111\u1ed9ng s\u1ea3n kh\u00e1c": 82.35224873141239}