{"C\u0103n h\u1ed9 chung c\u01b0": 70.09699743317726, "Nh\u00e0 Bi\u1ec7t th\u1ef1, li\u1ec1n k\u1ec1": 265.9751821407134, "Shophouse, nh\u00e0 ph\u1ed1 th\u01b0\u01a1ng m\u1ea1i": 263.19998513097346, "Nh\u00e0 ri\u00eang": 139.4047622680664, "Nh\u00e0 m\u1eb7t ph\u1ed1": 452.1739196777344, "Condotel": 56.10738182067871, "Chung c\u01b0 mini, c\u0103n h\u1ed9 d\u1ecbch v\u1ee5": 56.1848840713501, "B\u1ea5t \u0111\u1ed9ng s\u1ea3n kh\u00e1c": 78.2094131638022}