{"Gi\u00e1 T10/22": 67.54594510337908, "Gi\u00e1 T11/22": 68.88824828895976, "Gi\u00e1 T12/22": 70.66787293510589, "Gi\u00e1 T1/23": 72.62744660837782, "Gi\u00e1 T2/23": 62.108709911491744, "Gi\u00e1 T3/23": 69.78683878596769, "Gi\u00e1 T4/23": 51.52930357974702, "Gi\u00e1 T5/23": 66.88053938080053, "Gi\u00e1 T6/23": 64.34676613394488, "Gi\u00e1 T7/23": 55.75924069229943, "Gi\u00e1 T8/23": 58.65094116171571, "Gi\u00e1 T9/23": 61.7171949690042, "Gi\u00e1 T10/23": 70.48603056580787, "Gi\u00e1 T11/23": 84.8232393306339, "Gi\u00e1 T12/23": 89.58983776471852, "Gi\u00e1 T1/24": 85.26631158849035, "Gi\u00e1 T2/24": 84.4447465689612, "Gi\u00e1 T3/24": 80.65016402694663, "Gi\u00e1 T4/24": 86.71740647507795, "Gi\u00e1 T5/24": 66.14049494750421, "Gi\u00e1 T6/24": 90.02961703156915, "Gi\u00e1 T7/24": 102.9241056903286, "Gi\u00e1 T8/24": 131.3631602286165, "Gi\u00e1 T9/24": 127.27218251693124, "Gi\u00e1 T10/24": 133.75945829003476}