{"Gi\u00e1 T10/22": 776.3330000000002, "Gi\u00e1 T11/22": 547.4280000000001, "Gi\u00e1 T12/22": 1162.4779999999994, "Gi\u00e1 T1/23": 784.7120000000004, "Gi\u00e1 T2/23": 298.02799999999985, "Gi\u00e1 T3/23": 1298.075, "Gi\u00e1 T4/23": 321.70799999999986, "Gi\u00e1 T5/23": 1009.9199999999995, "Gi\u00e1 T6/23": 992.2799999999991, "Gi\u00e1 T7/23": 262.35499999999996, "Gi\u00e1 T8/23": 772.608, "Gi\u00e1 T9/23": 847.0970000000001, "Gi\u00e1 T10/23": 1241.7829999999997, "Gi\u00e1 T11/23": 617.168, "Gi\u00e1 T12/23": 1480.3199999999995, "Gi\u00e1 T1/24": 4784.411999999998, "Gi\u00e1 T2/24": 3602.675000000001, "Gi\u00e1 T3/24": 2550.2970000000005, "Gi\u00e1 T4/24": 1008.1980000000004, "Gi\u00e1 T5/24": 535.6580000000001, "Gi\u00e1 T6/24": 2814.8300000000004, "Gi\u00e1 T7/24": 2514.3330000000005, "Gi\u00e1 T8/24": 8647.113000000003, "Gi\u00e1 T9/24": 2467.772000000001, "Gi\u00e1 T10/24": 1811.7030000000004}