{"Gi\u00e1 T10/22": 817.8580952380954, "Gi\u00e1 T11/22": 531.6500000000001, "Gi\u00e1 T12/22": 1112.7795238095232, "Gi\u00e1 T1/23": 775.2323809523814, "Gi\u00e1 T2/23": 358.88809523809505, "Gi\u00e1 T3/23": 1255.3095238095239, "Gi\u00e1 T4/23": 316.262857142857, "Gi\u00e1 T5/23": 1247.1028571428565, "Gi\u00e1 T6/23": 1040.1757142857134, "Gi\u00e1 T7/23": 275.49238095238087, "Gi\u00e1 T8/23": 757.4214285714285, "Gi\u00e1 T9/23": 818.0523809523811, "Gi\u00e1 T10/23": 1189.058095238095, "Gi\u00e1 T11/23": 625.1123809523809, "Gi\u00e1 T12/23": 1464.5528571428567, "Gi\u00e1 T1/24": 4592.072857142856, "Gi\u00e1 T2/24": 3507.309523809525, "Gi\u00e1 T3/24": 2590.1514285714293, "Gi\u00e1 T4/24": 1126.5128571428575, "Gi\u00e1 T5/24": 628.722380952381, "Gi\u00e1 T6/24": 2902.9280952380955, "Gi\u00e1 T7/24": 2576.471428571429, "Gi\u00e1 T8/24": 8478.105714285717, "Gi\u00e1 T9/24": 2661.146666666668, "Gi\u00e1 T10/24": 2153.3857142857146}