{"Gi\u00e1 T10/22": 7.4442429355916255, "Gi\u00e1 T11/22": 7.11042596708886, "Gi\u00e1 T12/22": 7.553655449636838, "Gi\u00e1 T1/23": 7.853678331855929, "Gi\u00e1 T2/23": 7.738626067646816, "Gi\u00e1 T3/23": 8.559729032535534, "Gi\u00e1 T4/23": 8.529021081186178, "Gi\u00e1 T5/23": 8.36085315725021, "Gi\u00e1 T6/23": 8.029909337524039, "Gi\u00e1 T7/23": 8.402168356125005, "Gi\u00e1 T8/23": 8.347099188143863, "Gi\u00e1 T9/23": 7.340421121074962, "Gi\u00e1 T10/23": 7.397869859346771, "Gi\u00e1 T11/23": 7.382077352540379, "Gi\u00e1 T12/23": 7.386168430341027, "Gi\u00e1 T1/24": 7.947265721538341, "Gi\u00e1 T2/24": 7.690951288833021, "Gi\u00e1 T3/24": 8.483740104095961, "Gi\u00e1 T4/24": 8.233712791567747, "Gi\u00e1 T5/24": 9.88335521600384, "Gi\u00e1 T6/24": 8.792740602902736, "Gi\u00e1 T7/24": 8.718045432972634, "Gi\u00e1 T8/24": 8.994751321920935, "Gi\u00e1 T9/24": 9.429384408673009, "Gi\u00e1 T10/24": 10.682580855431326}