{"Gi\u00e1 T10/22": 71.5899863393091, "Gi\u00e1 T11/22": 70.27438352233742, "Gi\u00e1 T12/22": 73.27152739831415, "Gi\u00e1 T1/23": 74.82771762499428, "Gi\u00e1 T2/23": 65.07967871385739, "Gi\u00e1 T3/23": 76.50348717724799, "Gi\u00e1 T4/23": 55.363979024497766, "Gi\u00e1 T5/23": 71.620382104287, "Gi\u00e1 T6/23": 68.2249760885928, "Gi\u00e1 T7/23": 58.08030431943977, "Gi\u00e1 T8/23": 63.41173571865215, "Gi\u00e1 T9/23": 65.58667359057849, "Gi\u00e1 T10/23": 75.46721985187403, "Gi\u00e1 T11/23": 87.77118149381839, "Gi\u00e1 T12/23": 94.53703598354895, "Gi\u00e1 T1/24": 88.59711175152098, "Gi\u00e1 T2/24": 88.47170885470598, "Gi\u00e1 T3/24": 86.2909160148209, "Gi\u00e1 T4/24": 91.96887734903586, "Gi\u00e1 T5/24": 71.27536187315727, "Gi\u00e1 T6/24": 95.84728195915517, "Gi\u00e1 T7/24": 109.42711112774515, "Gi\u00e1 T8/24": 135.7314985382853, "Gi\u00e1 T9/24": 134.21022096219502, "Gi\u00e1 T10/24": 143.8885643591119}