{"Gi\u00e1 T10/22": 3180.1766666666667, "Gi\u00e1 T11/22": 4435.580485933504, "Gi\u00e1 T12/22": 3051.1023017902817, "Gi\u00e1 T1/23": 3492.0499488491046, "Gi\u00e1 T2/23": 3477.00826513214, "Gi\u00e1 T3/23": 3529.4536871270248, "Gi\u00e1 T4/23": 2820.05857203751, "Gi\u00e1 T5/23": 2863.402254901961, "Gi\u00e1 T6/23": 2547.256240409207, "Gi\u00e1 T7/23": 3115.236564364877, "Gi\u00e1 T8/23": 4123.195618073316, "Gi\u00e1 T9/23": 3877.0544416027274, "Gi\u00e1 T10/23": 3751.087199488491, "Gi\u00e1 T11/23": 2749.6925447570334, "Gi\u00e1 T12/23": 3302.2522293265133, "Gi\u00e1 T1/24": 3176.965848252344, "Gi\u00e1 T2/24": 3305.1000298380222, "Gi\u00e1 T3/24": 3770.0366283034955, "Gi\u00e1 T4/24": 4034.169492753623, "Gi\u00e1 T5/24": 4676.602971014493, "Gi\u00e1 T6/24": 4603.855869565218, "Gi\u00e1 T7/24": 5516.832318840579, "Gi\u00e1 T8/24": 5422.007229326514, "Gi\u00e1 T9/24": 6010.135268542199, "Gi\u00e1 T10/24": 5648.851052855925}