{"Gi\u00e1 T10/22": 8.262499189305059, "Gi\u00e1 T11/22": 7.84246854416965, "Gi\u00e1 T12/22": 8.298664444395166, "Gi\u00e1 T1/23": 8.55558822426907, "Gi\u00e1 T2/23": 8.428827004655423, "Gi\u00e1 T3/23": 9.42540979447536, "Gi\u00e1 T4/23": 9.089283272577655, "Gi\u00e1 T5/23": 9.026514737654553, "Gi\u00e1 T6/23": 8.725372229896534, "Gi\u00e1 T7/23": 9.004925627678295, "Gi\u00e1 T8/23": 9.193962005075429, "Gi\u00e1 T9/23": 8.11363348130408, "Gi\u00e1 T10/23": 8.284783806328543, "Gi\u00e1 T11/23": 8.299100161483821, "Gi\u00e1 T12/23": 8.398543748192145, "Gi\u00e1 T1/24": 9.188138581957661, "Gi\u00e1 T2/24": 8.80428849961038, "Gi\u00e1 T3/24": 9.706568542351912, "Gi\u00e1 T4/24": 9.440345637725004, "Gi\u00e1 T5/24": 11.265690189704381, "Gi\u00e1 T6/24": 9.936640580478555, "Gi\u00e1 T7/24": 9.806152965802278, "Gi\u00e1 T8/24": 10.076982654405596, "Gi\u00e1 T9/24": 10.656865703810046, "Gi\u00e1 T10/24": 11.856817966835619}