{"Gi\u00e1 T10/22": 30.524062256249195, "Gi\u00e1 T11/22": 30.40553499679883, "Gi\u00e1 T12/22": 34.20009366838645, "Gi\u00e1 T1/23": 28.07786020633043, "Gi\u00e1 T2/23": 28.003990516504697, "Gi\u00e1 T3/23": 28.19835009449929, "Gi\u00e1 T4/23": 28.008117638992694, "Gi\u00e1 T5/23": 27.05551611743809, "Gi\u00e1 T6/23": 29.63620548121293, "Gi\u00e1 T7/23": 32.21213405048756, "Gi\u00e1 T8/23": 26.75854518204867, "Gi\u00e1 T9/23": 29.313724752655688, "Gi\u00e1 T10/23": 26.793947190748252, "Gi\u00e1 T11/23": 27.97590800262663, "Gi\u00e1 T12/23": 29.96379055775061, "Gi\u00e1 T1/24": 29.62017454809712, "Gi\u00e1 T2/24": 31.25503976677219, "Gi\u00e1 T3/24": 33.62401899951363, "Gi\u00e1 T4/24": 39.51091388486624, "Gi\u00e1 T5/24": 39.25763195439413, "Gi\u00e1 T6/24": 38.73008523311693, "Gi\u00e1 T7/24": 39.95576991854305, "Gi\u00e1 T8/24": 39.257884200010984, "Gi\u00e1 T9/24": 35.03869475123366, "Gi\u00e1 T10/24": 39.447128295174174}