{"Gi\u00e1 T10/22": 6.6609055842831895, "Gi\u00e1 T11/22": 6.319834165972379, "Gi\u00e1 T12/22": 6.34027407295339, "Gi\u00e1 T1/23": 6.262164361526684, "Gi\u00e1 T2/23": 6.42485625882813, "Gi\u00e1 T3/23": 6.742290776454313, "Gi\u00e1 T4/23": 6.606682054944434, "Gi\u00e1 T5/23": 6.942353242473905, "Gi\u00e1 T6/23": 6.512300051362458, "Gi\u00e1 T7/23": 6.320664930260512, "Gi\u00e1 T8/23": 6.589518772368741, "Gi\u00e1 T9/23": 6.4510162785950635, "Gi\u00e1 T10/23": 6.660531064095766, "Gi\u00e1 T11/23": 7.2321159461233995, "Gi\u00e1 T12/23": 7.082002542497309, "Gi\u00e1 T1/24": 6.993952820699632, "Gi\u00e1 T2/24": 6.431531145456179, "Gi\u00e1 T3/24": 6.529727607701506, "Gi\u00e1 T4/24": 7.4556871854739555, "Gi\u00e1 T5/24": 7.053211771119382, "Gi\u00e1 T6/24": 7.789184873467445, "Gi\u00e1 T7/24": 8.094045885287585, "Gi\u00e1 T8/24": 8.513683874239403, "Gi\u00e1 T9/24": 8.480328460932176, "Gi\u00e1 T10/24": 8.562015973970636}