{"Gi\u00e1 T10/22": 6.688683057957459, "Gi\u00e1 T11/22": 6.351687116841732, "Gi\u00e1 T12/22": 6.3697608766053975, "Gi\u00e1 T1/23": 6.292858629874956, "Gi\u00e1 T2/23": 6.455586416490008, "Gi\u00e1 T3/23": 6.770941040479426, "Gi\u00e1 T4/23": 6.637471264854672, "Gi\u00e1 T5/23": 6.962187159587694, "Gi\u00e1 T6/23": 6.541521300305803, "Gi\u00e1 T7/23": 6.347828266117957, "Gi\u00e1 T8/23": 6.617667973202046, "Gi\u00e1 T9/23": 6.4803098677369055, "Gi\u00e1 T10/23": 6.689064574704443, "Gi\u00e1 T11/23": 7.2676202422587775, "Gi\u00e1 T12/23": 7.116493154421397, "Gi\u00e1 T1/24": 7.026540289012461, "Gi\u00e1 T2/24": 6.467667794774315, "Gi\u00e1 T3/24": 6.564102602924531, "Gi\u00e1 T4/24": 7.493719909688154, "Gi\u00e1 T5/24": 7.0901898794132014, "Gi\u00e1 T6/24": 7.833689291053785, "Gi\u00e1 T7/24": 8.141206627171565, "Gi\u00e1 T8/24": 8.560358502303783, "Gi\u00e1 T9/24": 8.523752437136622, "Gi\u00e1 T10/24": 8.603914500794927}