{"Gi\u00e1 T10/22": 5.2856212349692075, "Gi\u00e1 T11/22": 5.081849566914283, "Gi\u00e1 T12/22": 5.224720968414199, "Gi\u00e1 T1/23": 5.4536093026547805, "Gi\u00e1 T2/23": 5.169577126082682, "Gi\u00e1 T3/23": 5.114202690184778, "Gi\u00e1 T4/23": 4.769087731107346, "Gi\u00e1 T5/23": 4.896088920964539, "Gi\u00e1 T6/23": 4.734137852166907, "Gi\u00e1 T7/23": 5.54106547867864, "Gi\u00e1 T8/23": 5.1300216770145335, "Gi\u00e1 T9/23": 5.290360633200941, "Gi\u00e1 T10/23": 5.045327768935229, "Gi\u00e1 T11/23": 5.302501497407976, "Gi\u00e1 T12/23": 5.075663703713537, "Gi\u00e1 T1/24": 5.659082865594747, "Gi\u00e1 T2/24": 6.227170948523094, "Gi\u00e1 T3/24": 5.917230419443809, "Gi\u00e1 T4/24": 6.190963778238234, "Gi\u00e1 T5/24": 5.897456610056283, "Gi\u00e1 T6/24": 6.204828324510907, "Gi\u00e1 T7/24": 6.52899949231716, "Gi\u00e1 T8/24": 6.463678870167734, "Gi\u00e1 T9/24": 6.80815991981504, "Gi\u00e1 T10/24": 7.118365368444655}