{"Gi\u00e1 T10/22": 3028.605082596456, "Gi\u00e1 T11/22": 3266.7766880609374, "Gi\u00e1 T12/22": 3310.6199780096044, "Gi\u00e1 T1/23": 3310.6438943202515, "Gi\u00e1 T2/23": 3665.682774002318, "Gi\u00e1 T3/23": 3460.0062203676107, "Gi\u00e1 T4/23": 3080.3298375227687, "Gi\u00e1 T5/23": 2901.104007153502, "Gi\u00e1 T6/23": 3649.8452978638848, "Gi\u00e1 T7/23": 3466.7050762046697, "Gi\u00e1 T8/23": 3527.702974002318, "Gi\u00e1 T9/23": 3781.733736082133, "Gi\u00e1 T10/23": 4610.763367478059, "Gi\u00e1 T11/23": 4001.622354826958, "Gi\u00e1 T12/23": 3882.8374038416955, "Gi\u00e1 T1/24": 3544.844842689187, "Gi\u00e1 T2/24": 3673.138671965557, "Gi\u00e1 T3/24": 3735.4405128001326, "Gi\u00e1 T4/24": 3947.6917688690182, "Gi\u00e1 T5/24": 4111.185233482364, "Gi\u00e1 T6/24": 4409.07096900149, "Gi\u00e1 T7/24": 4630.007309190263, "Gi\u00e1 T8/24": 4029.952112468952, "Gi\u00e1 T9/24": 4660.469565457857, "Gi\u00e1 T10/24": 5173.208931412486}