{"Gi\u00e1 T10/22": 3246.09420112592, "Gi\u00e1 T11/22": 3237.2842584914088, "Gi\u00e1 T12/22": 3134.055175210963, "Gi\u00e1 T1/23": 3276.626334261806, "Gi\u00e1 T2/23": 3518.9837997672944, "Gi\u00e1 T3/23": 3592.2306146369556, "Gi\u00e1 T4/23": 3208.0399771995394, "Gi\u00e1 T5/23": 3160.672859436335, "Gi\u00e1 T6/23": 3500.4772426956256, "Gi\u00e1 T7/23": 3508.4516241567358, "Gi\u00e1 T8/23": 3515.5209621441836, "Gi\u00e1 T9/23": 3679.5937452342337, "Gi\u00e1 T10/23": 4224.723930294055, "Gi\u00e1 T11/23": 3899.3730671673366, "Gi\u00e1 T12/23": 3756.8108224032158, "Gi\u00e1 T1/24": 3750.267410831394, "Gi\u00e1 T2/24": 3750.6320487741814, "Gi\u00e1 T3/24": 4014.380842230214, "Gi\u00e1 T4/24": 4626.108229473709, "Gi\u00e1 T5/24": 5215.469710492913, "Gi\u00e1 T6/24": 5598.531537949839, "Gi\u00e1 T7/24": 5572.81472175211, "Gi\u00e1 T8/24": 5309.872810180288, "Gi\u00e1 T9/24": 5805.064796641045, "Gi\u00e1 T10/24": 6498.930268786875}