{"Gi\u00e1 T10/22": 3055.2275763284933, "Gi\u00e1 T11/22": 3293.4420481029683, "Gi\u00e1 T12/22": 3321.2915958729013, "Gi\u00e1 T1/23": 3324.960862719724, "Gi\u00e1 T2/23": 3680.3031358910434, "Gi\u00e1 T3/23": 3484.348442473722, "Gi\u00e1 T4/23": 3104.0907680425776, "Gi\u00e1 T5/23": 2928.8208162851033, "Gi\u00e1 T6/23": 3658.7549608287186, "Gi\u00e1 T7/23": 3489.889906813583, "Gi\u00e1 T8/23": 3549.015681960911, "Gi\u00e1 T9/23": 3801.978655965136, "Gi\u00e1 T10/23": 4621.81110155353, "Gi\u00e1 T11/23": 4014.9534190026707, "Gi\u00e1 T12/23": 3898.0079635374045, "Gi\u00e1 T1/24": 3576.9202345836425, "Gi\u00e1 T2/24": 3690.6326585088905, "Gi\u00e1 T3/24": 3763.931958310338, "Gi\u00e1 T4/24": 3997.343600490989, "Gi\u00e1 T5/24": 4183.965357394332, "Gi\u00e1 T6/24": 4488.865763760697, "Gi\u00e1 T7/24": 4696.003605787834, "Gi\u00e1 T8/24": 4103.609917216968, "Gi\u00e1 T9/24": 4735.4814250417085, "Gi\u00e1 T10/24": 5251.140124333137}