{"Gi\u00e1 T10/22": 3285.0578983460186, "Gi\u00e1 T11/22": 3286.651038714871, "Gi\u00e1 T12/22": 3175.1087786641297, "Gi\u00e1 T1/23": 3320.6699698965654, "Gi\u00e1 T2/23": 3567.274524199844, "Gi\u00e1 T3/23": 3639.0821796326113, "Gi\u00e1 T4/23": 3247.6536309767757, "Gi\u00e1 T5/23": 3199.7682771272443, "Gi\u00e1 T6/23": 3545.2460281518347, "Gi\u00e1 T7/23": 3554.319974726776, "Gi\u00e1 T8/23": 3565.547871645687, "Gi\u00e1 T9/23": 3731.7733098409444, "Gi\u00e1 T10/23": 4282.913763612412, "Gi\u00e1 T11/23": 3946.474473080113, "Gi\u00e1 T12/23": 3804.86570273468, "Gi\u00e1 T1/24": 3795.110099421838, "Gi\u00e1 T2/24": 3794.8304776053865, "Gi\u00e1 T3/24": 4063.686921948185, "Gi\u00e1 T4/24": 4677.238926461261, "Gi\u00e1 T5/24": 5273.851797545863, "Gi\u00e1 T6/24": 5661.443224982923, "Gi\u00e1 T7/24": 5642.737879842408, "Gi\u00e1 T8/24": 5372.95042338749, "Gi\u00e1 T9/24": 5879.051528664129, "Gi\u00e1 T10/24": 6575.245184035909}