{"Gi\u00e1 T10/22": 305.76666113875075, "Gi\u00e1 T11/22": 210.94090606156774, "Gi\u00e1 T12/22": 240.79149899502804, "Gi\u00e1 T1/23": 458.5538601502169, "Gi\u00e1 T2/23": 230.94238284142605, "Gi\u00e1 T3/23": 282.5489141013434, "Gi\u00e1 T4/23": 526.133898233365, "Gi\u00e1 T5/23": 815.2474055855283, "Gi\u00e1 T6/23": 338.5526732254311, "Gi\u00e1 T7/23": 762.4448154025176, "Gi\u00e1 T8/23": 680.048916217074, "Gi\u00e1 T9/23": 486.1851010261293, "Gi\u00e1 T10/23": 576.6002247963609, "Gi\u00e1 T11/23": 399.6428017560564, "Gi\u00e1 T12/23": 661.4816783031844, "Gi\u00e1 T1/24": 445.32158944250506, "Gi\u00e1 T2/24": 472.8915418385698, "Gi\u00e1 T3/24": 775.6974320321592, "Gi\u00e1 T4/24": 360.81824605945206, "Gi\u00e1 T5/24": 339.38976198032367, "Gi\u00e1 T6/24": 436.09420289855075, "Gi\u00e1 T7/24": 481.266248280969, "Gi\u00e1 T8/24": 479.1938014386968, "Gi\u00e1 T9/24": 434.6677165979055, "Gi\u00e1 T10/24": 774.9726182164392}