{"Gi\u00e1 T10/22": 306.6465906970546, "Gi\u00e1 T11/22": 186.53325269841267, "Gi\u00e1 T12/22": 227.83831428571432, "Gi\u00e1 T1/23": 480.40911746031753, "Gi\u00e1 T2/23": 213.77143936507943, "Gi\u00e1 T3/23": 269.85938857142855, "Gi\u00e1 T4/23": 542.0132526984127, "Gi\u00e1 T5/23": 871.326057142857, "Gi\u00e1 T6/23": 353.8482571428571, "Gi\u00e1 T7/23": 801.5621060317459, "Gi\u00e1 T8/23": 725.5373085714286, "Gi\u00e1 T9/23": 503.43358984126985, "Gi\u00e1 T10/23": 595.767297142857, "Gi\u00e1 T11/23": 393.94641269841276, "Gi\u00e1 T12/23": 684.7493974603176, "Gi\u00e1 T1/24": 447.82162857142856, "Gi\u00e1 T2/24": 433.1284831746032, "Gi\u00e1 T3/24": 805.5279371428572, "Gi\u00e1 T4/24": 352.1910755555556, "Gi\u00e1 T5/24": 345.17243746031744, "Gi\u00e1 T6/24": 432.9190171428572, "Gi\u00e1 T7/24": 479.5083485714286, "Gi\u00e1 T8/24": 480.2695060317461, "Gi\u00e1 T9/24": 414.20034857142866, "Gi\u00e1 T10/24": 781.2991999999999}