{"Gi\u00e1 T10/22": 11980.064813080828, "Gi\u00e1 T11/22": 12145.633364957917, "Gi\u00e1 T12/22": 11578.519058199769, "Gi\u00e1 T1/23": 12239.534713824267, "Gi\u00e1 T2/23": 12209.569798798802, "Gi\u00e1 T3/23": 12351.312275048927, "Gi\u00e1 T4/23": 12285.60603297382, "Gi\u00e1 T5/23": 8054.2875728062245, "Gi\u00e1 T6/23": 12659.565032820023, "Gi\u00e1 T7/23": 12684.384462639142, "Gi\u00e1 T8/23": 12725.180921090381, "Gi\u00e1 T9/23": 13380.870085854554, "Gi\u00e1 T10/23": 12994.567407943927, "Gi\u00e1 T11/23": 13285.404322207478, "Gi\u00e1 T12/23": 13398.693198914189, "Gi\u00e1 T1/24": 14039.165984885394, "Gi\u00e1 T2/24": 13291.081143641291, "Gi\u00e1 T3/24": 14244.30256716482, "Gi\u00e1 T4/24": 14819.535079421084, "Gi\u00e1 T5/24": 15301.801315163566, "Gi\u00e1 T6/24": 15593.298513531716, "Gi\u00e1 T7/24": 16139.21139996246, "Gi\u00e1 T8/24": 15943.718052586602, "Gi\u00e1 T9/24": 16465.785460012474, "Gi\u00e1 T10/24": 17196.765948337743}