{"Gi\u00e1 T10/22": 12004.399710797483, "Gi\u00e1 T11/22": 12170.29074760558, "Gi\u00e1 T12/22": 11603.136250497804, "Gi\u00e1 T1/23": 12264.920382276583, "Gi\u00e1 T2/23": 12234.53058352333, "Gi\u00e1 T3/23": 12377.538953718982, "Gi\u00e1 T4/23": 12311.554582246032, "Gi\u00e1 T5/23": 8069.5393406141875, "Gi\u00e1 T6/23": 12685.706410986293, "Gi\u00e1 T7/23": 12710.30348934519, "Gi\u00e1 T8/23": 12750.629150296496, "Gi\u00e1 T9/23": 13406.974352446614, "Gi\u00e1 T10/23": 13020.52636904831, "Gi\u00e1 T11/23": 13312.496201487093, "Gi\u00e1 T12/23": 13427.141105206341, "Gi\u00e1 T1/24": 14068.329307714896, "Gi\u00e1 T2/24": 13317.747662631866, "Gi\u00e1 T3/24": 14272.839100501504, "Gi\u00e1 T4/24": 14849.272979681004, "Gi\u00e1 T5/24": 15332.114207081853, "Gi\u00e1 T6/24": 15625.763446041332, "Gi\u00e1 T7/24": 16171.786695294797, "Gi\u00e1 T8/24": 15975.22170846049, "Gi\u00e1 T9/24": 16498.353966722843, "Gi\u00e1 T10/24": 17230.823432691654}