{"Gi\u00e1 T10/22": 11977.053473052585, "Gi\u00e1 T11/22": 12143.10989753762, "Gi\u00e1 T12/22": 11575.652575676653, "Gi\u00e1 T1/23": 12236.397053900708, "Gi\u00e1 T2/23": 12206.659133642785, "Gi\u00e1 T3/23": 12348.259563740565, "Gi\u00e1 T4/23": 12282.564672947095, "Gi\u00e1 T5/23": 8053.023361409118, "Gi\u00e1 T6/23": 12656.132202101604, "Gi\u00e1 T7/23": 12681.36919291274, "Gi\u00e1 T8/23": 12722.203123005556, "Gi\u00e1 T9/23": 13377.634305221527, "Gi\u00e1 T10/23": 12991.694990839915, "Gi\u00e1 T11/23": 13281.751563233227, "Gi\u00e1 T12/23": 13395.291344019504, "Gi\u00e1 T1/24": 14035.61140962123, "Gi\u00e1 T2/24": 13287.487077068648, "Gi\u00e1 T3/24": 14240.883902383044, "Gi\u00e1 T4/24": 14816.84647144414, "Gi\u00e1 T5/24": 15299.467302051557, "Gi\u00e1 T6/24": 15591.319810600198, "Gi\u00e1 T7/24": 16136.999943395773, "Gi\u00e1 T8/24": 15941.491080847078, "Gi\u00e1 T9/24": 16464.083823549867, "Gi\u00e1 T10/24": 17194.49203863009}