{"Gi\u00e1 T10/22": 12012.500984642138, "Gi\u00e1 T11/22": 12178.787839000119, "Gi\u00e1 T12/22": 11611.57157594228, "Gi\u00e1 T1/23": 12273.231612051472, "Gi\u00e1 T2/23": 12243.054936653487, "Gi\u00e1 T3/23": 12386.353152762329, "Gi\u00e1 T4/23": 12319.968549557818, "Gi\u00e1 T5/23": 8075.950090799503, "Gi\u00e1 T6/23": 12693.66423886065, "Gi\u00e1 T7/23": 12718.533908447316, "Gi\u00e1 T8/23": 12759.172823221514, "Gi\u00e1 T9/23": 13415.99123850777, "Gi\u00e1 T10/23": 13029.194707561996, "Gi\u00e1 T11/23": 13320.607158825604, "Gi\u00e1 T12/23": 13435.452141452435, "Gi\u00e1 T1/24": 14077.721540266393, "Gi\u00e1 T2/24": 13325.264935614983, "Gi\u00e1 T3/24": 14281.846425661028, "Gi\u00e1 T4/24": 14858.050414025043, "Gi\u00e1 T5/24": 15341.88297373096, "Gi\u00e1 T6/24": 15636.421485512767, "Gi\u00e1 T7/24": 16182.831212259503, "Gi\u00e1 T8/24": 15986.108215638687, "Gi\u00e1 T9/24": 16510.431534817362, "Gi\u00e1 T10/24": 17243.48394199352}