{"Gi\u00e1 T10/22": 62.516664912280696, "Gi\u00e1 T11/22": 56.45210350877193, "Gi\u00e1 T12/22": 61.89953684210527, "Gi\u00e1 T1/23": 69.21600526315788, "Gi\u00e1 T2/23": 65.06129824561404, "Gi\u00e1 T3/23": 80.48222280701754, "Gi\u00e1 T4/23": 76.98399122807015, "Gi\u00e1 T5/23": 76.9477052631579, "Gi\u00e1 T6/23": 69.62347192982456, "Gi\u00e1 T7/23": 75.11315789473683, "Gi\u00e1 T8/23": 80.02781754385967, "Gi\u00e1 T9/23": 59.111031578947355, "Gi\u00e1 T10/23": 61.5403701754386, "Gi\u00e1 T11/23": 60.8264052631579, "Gi\u00e1 T12/23": 62.29372631578947, "Gi\u00e1 T1/24": 71.0429894736842, "Gi\u00e1 T2/24": 69.66993684210524, "Gi\u00e1 T3/24": 80.58831403508772, "Gi\u00e1 T4/24": 74.98171754385967, "Gi\u00e1 T5/24": 97.64054736842101, "Gi\u00e1 T6/24": 87.13263684210526, "Gi\u00e1 T7/24": 82.5803842105263, "Gi\u00e1 T8/24": 85.00719298245616, "Gi\u00e1 T9/24": 99.83785789473686, "Gi\u00e1 T10/24": 120.21265087719301}