{"Gi\u00e1 T10/22": 13760.309734709348, "Gi\u00e1 T11/22": 13719.090882052007, "Gi\u00e1 T12/22": 13446.102796143605, "Gi\u00e1 T1/23": 13126.478998998227, "Gi\u00e1 T2/23": 11943.670709952652, "Gi\u00e1 T3/23": 12622.053367410717, "Gi\u00e1 T4/23": 12863.703641057255, "Gi\u00e1 T5/23": 10554.44325956955, "Gi\u00e1 T6/23": 13496.005281652155, "Gi\u00e1 T7/23": 13340.418151344687, "Gi\u00e1 T8/23": 14540.89470987131, "Gi\u00e1 T9/23": 15288.921047665528, "Gi\u00e1 T10/23": 13565.16465719264, "Gi\u00e1 T11/23": 14044.424992486707, "Gi\u00e1 T12/23": 17138.692229050543, "Gi\u00e1 T1/24": 17101.84621946521, "Gi\u00e1 T2/24": 14465.977547969484, "Gi\u00e1 T3/24": 14959.757195272834, "Gi\u00e1 T4/24": 14794.326284002465, "Gi\u00e1 T5/24": 15290.278351506511, "Gi\u00e1 T6/24": 16369.882981407276, "Gi\u00e1 T7/24": 15593.323087749266, "Gi\u00e1 T8/24": 15260.991539625662, "Gi\u00e1 T9/24": 17175.78572705556, "Gi\u00e1 T10/24": 18567.717315250058}