{"Gi\u00e1 T10/22": 5373.526796127012, "Gi\u00e1 T11/22": 5957.058938551821, "Gi\u00e1 T12/22": 5544.8250811127255, "Gi\u00e1 T1/23": 4830.03958230473, "Gi\u00e1 T2/23": 4268.207511884778, "Gi\u00e1 T3/23": 5106.153537996021, "Gi\u00e1 T4/23": 4476.512183342973, "Gi\u00e1 T5/23": 5344.073492594481, "Gi\u00e1 T6/23": 5402.689419444484, "Gi\u00e1 T7/23": 5097.899637955113, "Gi\u00e1 T8/23": 4985.75005557985, "Gi\u00e1 T9/23": 5801.01418725049, "Gi\u00e1 T10/23": 5351.846058274204, "Gi\u00e1 T11/23": 5308.198330700108, "Gi\u00e1 T12/23": 5662.341803241688, "Gi\u00e1 T1/24": 5886.767029934123, "Gi\u00e1 T2/24": 6456.70253607753, "Gi\u00e1 T3/24": 5890.916488665378, "Gi\u00e1 T4/24": 6572.839512759384, "Gi\u00e1 T5/24": 6903.426334269068, "Gi\u00e1 T6/24": 7273.11697858624, "Gi\u00e1 T7/24": 6689.413947509487, "Gi\u00e1 T8/24": 6646.906054042235, "Gi\u00e1 T9/24": 7895.81172784212, "Gi\u00e1 T10/24": 8558.84171429982}