{"Gi\u00e1 T10/22": 14092.466433777996, "Gi\u00e1 T11/22": 14360.719749973043, "Gi\u00e1 T12/22": 13740.02633094746, "Gi\u00e1 T1/23": 14558.24859168448, "Gi\u00e1 T2/23": 14377.866820266485, "Gi\u00e1 T3/23": 14606.139002348684, "Gi\u00e1 T4/23": 14536.038002312125, "Gi\u00e1 T5/23": 9263.508471037987, "Gi\u00e1 T6/23": 15031.099455553585, "Gi\u00e1 T7/23": 15062.953795147914, "Gi\u00e1 T8/23": 15093.718851557738, "Gi\u00e1 T9/23": 15886.190999559454, "Gi\u00e1 T10/23": 15270.688240170828, "Gi\u00e1 T11/23": 15652.397724984574, "Gi\u00e1 T12/23": 15885.708036651056, "Gi\u00e1 T1/24": 16491.957837931113, "Gi\u00e1 T2/24": 15537.180002756137, "Gi\u00e1 T3/24": 16672.37687681475, "Gi\u00e1 T4/24": 17287.921502443915, "Gi\u00e1 T5/24": 17722.798315782213, "Gi\u00e1 T6/24": 17983.438946995364, "Gi\u00e1 T7/24": 18518.4639477324, "Gi\u00e1 T8/24": 18302.80276786694, "Gi\u00e1 T9/24": 18874.885742043887, "Gi\u00e1 T10/24": 19587.76789324894}