{"Gi\u00e1 T10/22": 15715.990465454, "Gi\u00e1 T11/22": 15832.080301295007, "Gi\u00e1 T12/22": 15727.365122314544, "Gi\u00e1 T1/23": 14959.427260199116, "Gi\u00e1 T2/23": 13311.520272849764, "Gi\u00e1 T3/23": 14583.24542802605, "Gi\u00e1 T4/23": 15137.127511714949, "Gi\u00e1 T5/23": 13914.58971561557, "Gi\u00e1 T6/23": 15677.260214686728, "Gi\u00e1 T7/23": 16136.740543453852, "Gi\u00e1 T8/23": 17433.083761658807, "Gi\u00e1 T9/23": 18350.134986226512, "Gi\u00e1 T10/23": 15638.10672123662, "Gi\u00e1 T11/23": 15898.417848641366, "Gi\u00e1 T12/23": 20187.393012725504, "Gi\u00e1 T1/24": 20566.395646754998, "Gi\u00e1 T2/24": 17304.25400621304, "Gi\u00e1 T3/24": 17670.115832921627, "Gi\u00e1 T4/24": 17075.1087811962, "Gi\u00e1 T5/24": 17755.272564712926, "Gi\u00e1 T6/24": 19101.053668088927, "Gi\u00e1 T7/24": 18049.588294108842, "Gi\u00e1 T8/24": 17534.468590163935, "Gi\u00e1 T9/24": 19443.837552586272, "Gi\u00e1 T10/24": 21354.36510996332}