{"Gi\u00e1 T10/22": 5.902766999423058, "Gi\u00e1 T11/22": 6.069148343056436, "Gi\u00e1 T12/22": 6.066926668633973, "Gi\u00e1 T1/23": 6.223094981186151, "Gi\u00e1 T2/23": 6.4372459019051655, "Gi\u00e1 T3/23": 6.4686188192315965, "Gi\u00e1 T4/23": 6.79859018879317, "Gi\u00e1 T5/23": 7.086870777831509, "Gi\u00e1 T6/23": 7.195024558246659, "Gi\u00e1 T7/23": 6.276405696258111, "Gi\u00e1 T8/23": 6.828439632221849, "Gi\u00e1 T9/23": 6.760993901924808, "Gi\u00e1 T10/23": 6.572147375977957, "Gi\u00e1 T11/23": 6.872424266794719, "Gi\u00e1 T12/23": 6.849135015836703, "Gi\u00e1 T1/24": 6.781418788294156, "Gi\u00e1 T2/24": 7.094082937259323, "Gi\u00e1 T3/24": 7.654937303627025, "Gi\u00e1 T4/24": 8.367812074036935, "Gi\u00e1 T5/24": 8.113038445812952, "Gi\u00e1 T6/24": 8.419009169597075, "Gi\u00e1 T7/24": 7.732512733916348, "Gi\u00e1 T8/24": 8.642415580533106, "Gi\u00e1 T9/24": 9.070608003955423, "Gi\u00e1 T10/24": 8.885545558855052}