{"Gi\u00e1 T10/22": 65.39964176931583, "Gi\u00e1 T11/22": 65.29326432638781, "Gi\u00e1 T12/22": 62.054229541993195, "Gi\u00e1 T1/23": 67.30450355843328, "Gi\u00e1 T2/23": 67.61921807212684, "Gi\u00e1 T3/23": 66.28617417032567, "Gi\u00e1 T4/23": 66.76161769152745, "Gi\u00e1 T5/23": 68.83716441006068, "Gi\u00e1 T6/23": 68.89940143127131, "Gi\u00e1 T7/23": 67.02645050174696, "Gi\u00e1 T8/23": 68.18198113716481, "Gi\u00e1 T9/23": 69.0214790904947, "Gi\u00e1 T10/23": 69.51827181420501, "Gi\u00e1 T11/23": 70.48107567540929, "Gi\u00e1 T12/23": 71.58112936128602, "Gi\u00e1 T1/24": 75.39158223624537, "Gi\u00e1 T2/24": 74.9672461893573, "Gi\u00e1 T3/24": 76.46949226933955, "Gi\u00e1 T4/24": 81.88760056950575, "Gi\u00e1 T5/24": 83.25364842717104, "Gi\u00e1 T6/24": 84.70852616725087, "Gi\u00e1 T7/24": 86.7913419630086, "Gi\u00e1 T8/24": 87.64667470071554, "Gi\u00e1 T9/24": 87.46431784025802, "Gi\u00e1 T10/24": 89.57974150316218}