{"Gi\u00e1 T10/22": 57.46604187287738, "Gi\u00e1 T11/22": 54.711090926462376, "Gi\u00e1 T12/22": 54.805142396790586, "Gi\u00e1 T1/23": 56.28548127082073, "Gi\u00e1 T2/23": 55.83521035559093, "Gi\u00e1 T3/23": 54.977111704433845, "Gi\u00e1 T4/23": 55.19506811033775, "Gi\u00e1 T5/23": 57.994404838047586, "Gi\u00e1 T6/23": 57.09781951203145, "Gi\u00e1 T7/23": 57.20728009955093, "Gi\u00e1 T8/23": 56.843127666869755, "Gi\u00e1 T9/23": 56.75999535404406, "Gi\u00e1 T10/23": 59.62264282273579, "Gi\u00e1 T11/23": 58.937907017148056, "Gi\u00e1 T12/23": 63.145990509342006, "Gi\u00e1 T1/24": 61.87648285109453, "Gi\u00e1 T2/24": 63.55472586609209, "Gi\u00e1 T3/24": 66.95232410232713, "Gi\u00e1 T4/24": 74.21367271231222, "Gi\u00e1 T5/24": 76.21583434192216, "Gi\u00e1 T6/24": 77.79060531070172, "Gi\u00e1 T7/24": 78.80494616933684, "Gi\u00e1 T8/24": 80.90433879349897, "Gi\u00e1 T9/24": 80.65524564543118, "Gi\u00e1 T10/24": 80.31359286157306}