{"Gi\u00e1 T10/22": 106.314214993921, "Gi\u00e1 T11/22": 106.03758492947766, "Gi\u00e1 T12/22": 103.89618857522927, "Gi\u00e1 T1/23": 109.67845056234513, "Gi\u00e1 T2/23": 109.66465297833527, "Gi\u00e1 T3/23": 109.65219400925122, "Gi\u00e1 T4/23": 108.52061108008414, "Gi\u00e1 T5/23": 96.32322525877085, "Gi\u00e1 T6/23": 112.17618010460545, "Gi\u00e1 T7/23": 110.68970396482865, "Gi\u00e1 T8/23": 109.57096717970354, "Gi\u00e1 T9/23": 115.01453688594671, "Gi\u00e1 T10/23": 113.7253077272146, "Gi\u00e1 T11/23": 114.5543123729848, "Gi\u00e1 T12/23": 114.2822089313148, "Gi\u00e1 T1/24": 117.16543914084654, "Gi\u00e1 T2/24": 115.57624877812536, "Gi\u00e1 T3/24": 119.82159341457435, "Gi\u00e1 T4/24": 123.53702919527466, "Gi\u00e1 T5/24": 123.65296010585534, "Gi\u00e1 T6/24": 124.01965535588457, "Gi\u00e1 T7/24": 126.61812213112802, "Gi\u00e1 T8/24": 127.09109304524907, "Gi\u00e1 T9/24": 126.55710940180418, "Gi\u00e1 T10/24": 128.53463285668337}