{"Gi\u00e1 T10/22": 57.441809842617516, "Gi\u00e1 T11/22": 54.67937256603632, "Gi\u00e1 T12/22": 54.7792986291349, "Gi\u00e1 T1/23": 56.27180574902965, "Gi\u00e1 T2/23": 55.813962671166514, "Gi\u00e1 T3/23": 54.95674834372859, "Gi\u00e1 T4/23": 55.17133475830317, "Gi\u00e1 T5/23": 57.967061165912355, "Gi\u00e1 T6/23": 57.07906100279095, "Gi\u00e1 T7/23": 57.18930330455755, "Gi\u00e1 T8/23": 56.82562611107951, "Gi\u00e1 T9/23": 56.72908766331085, "Gi\u00e1 T10/23": 59.597579692532506, "Gi\u00e1 T11/23": 58.90616942906747, "Gi\u00e1 T12/23": 63.117090936186834, "Gi\u00e1 T1/24": 61.844040191580945, "Gi\u00e1 T2/24": 63.52758248767837, "Gi\u00e1 T3/24": 66.90403413777716, "Gi\u00e1 T4/24": 74.16146660807443, "Gi\u00e1 T5/24": 76.15629689687209, "Gi\u00e1 T6/24": 77.71717970292688, "Gi\u00e1 T7/24": 78.72413765204931, "Gi\u00e1 T8/24": 80.81803679666979, "Gi\u00e1 T9/24": 80.54972107383934, "Gi\u00e1 T10/24": 80.20945063846325}