{"Gi\u00e1 T10/22": 5.866657108082161, "Gi\u00e1 T11/22": 6.076630672066104, "Gi\u00e1 T12/22": 6.07890730158909, "Gi\u00e1 T1/23": 6.248356668918776, "Gi\u00e1 T2/23": 6.453755506052826, "Gi\u00e1 T3/23": 6.521418535620746, "Gi\u00e1 T4/23": 6.892959061500003, "Gi\u00e1 T5/23": 7.148422452468557, "Gi\u00e1 T6/23": 7.242839166373553, "Gi\u00e1 T7/23": 6.36762047360866, "Gi\u00e1 T8/23": 6.922604737238142, "Gi\u00e1 T9/23": 6.868607223327609, "Gi\u00e1 T10/23": 6.635308981986673, "Gi\u00e1 T11/23": 6.934067265526988, "Gi\u00e1 T12/23": 6.862478254070876, "Gi\u00e1 T1/24": 6.815740214728793, "Gi\u00e1 T2/24": 7.166821000770991, "Gi\u00e1 T3/24": 7.707523924141979, "Gi\u00e1 T4/24": 8.352526401633481, "Gi\u00e1 T5/24": 8.194393679156095, "Gi\u00e1 T6/24": 8.470889867102166, "Gi\u00e1 T7/24": 7.7789154785271375, "Gi\u00e1 T8/24": 8.715308965639124, "Gi\u00e1 T9/24": 8.997902969755035, "Gi\u00e1 T10/24": 8.896745369622652}