{"Gi\u00e1 T10/22": 2626.1677173367066, "Gi\u00e1 T11/22": 2402.5030432702347, "Gi\u00e1 T12/22": 2347.612065232194, "Gi\u00e1 T1/23": 2140.938027291298, "Gi\u00e1 T2/23": 2310.950563575287, "Gi\u00e1 T3/23": 2266.435386890009, "Gi\u00e1 T4/23": 2123.084171237914, "Gi\u00e1 T5/23": 2558.9597914095953, "Gi\u00e1 T6/23": 2392.871496627173, "Gi\u00e1 T7/23": 2171.9433373189886, "Gi\u00e1 T8/23": 2315.384758672659, "Gi\u00e1 T9/23": 2107.9601325525446, "Gi\u00e1 T10/23": 2012.7215763221209, "Gi\u00e1 T11/23": 2479.2699277861, "Gi\u00e1 T12/23": 2534.589900667302, "Gi\u00e1 T1/24": 2623.3372236960367, "Gi\u00e1 T2/24": 2669.7318842344184, "Gi\u00e1 T3/24": 2709.480042671025, "Gi\u00e1 T4/24": 3002.59081483499, "Gi\u00e1 T5/24": 3341.6514652594306, "Gi\u00e1 T6/24": 3479.611097417041, "Gi\u00e1 T7/24": 3639.8440267374826, "Gi\u00e1 T8/24": 4200.1702154069635, "Gi\u00e1 T9/24": 4027.4925080938765, "Gi\u00e1 T10/24": 4195.2005353307}