{"Gi\u00e1 T10/22": 62.958295768949654, "Gi\u00e1 T11/22": 61.27820165591108, "Gi\u00e1 T12/22": 65.55175661000435, "Gi\u00e1 T1/23": 51.91813796538288, "Gi\u00e1 T2/23": 46.70812726534184, "Gi\u00e1 T3/23": 53.064465221300324, "Gi\u00e1 T4/23": 49.59589961857764, "Gi\u00e1 T5/23": 54.3313683363698, "Gi\u00e1 T6/23": 50.19956294961093, "Gi\u00e1 T7/23": 48.19451251781693, "Gi\u00e1 T8/23": 57.61440948563043, "Gi\u00e1 T9/23": 52.99454758749196, "Gi\u00e1 T10/23": 56.638703266636256, "Gi\u00e1 T11/23": 50.73038096237165, "Gi\u00e1 T12/23": 43.88284312011377, "Gi\u00e1 T1/24": 58.43422069042478, "Gi\u00e1 T2/24": 51.24230004276126, "Gi\u00e1 T3/24": 56.435112878765814, "Gi\u00e1 T4/24": 59.67775373050883, "Gi\u00e1 T5/24": 61.32349569656833, "Gi\u00e1 T6/24": 61.35895755385918, "Gi\u00e1 T7/24": 56.53863949465766, "Gi\u00e1 T8/24": 55.54157576990546, "Gi\u00e1 T9/24": 65.55739071859082, "Gi\u00e1 T10/24": 68.4405733853789}