{"Gi\u00e1 T10/22": 17.511327496710653, "Gi\u00e1 T11/22": 13.657717697273315, "Gi\u00e1 T12/22": 15.094313972013246, "Gi\u00e1 T1/23": 21.91823709745648, "Gi\u00e1 T2/23": 14.620924709644033, "Gi\u00e1 T3/23": 16.427397498430132, "Gi\u00e1 T4/23": 23.28117807797562, "Gi\u00e1 T5/23": 29.518232622276983, "Gi\u00e1 T6/23": 18.810854769065045, "Gi\u00e1 T7/23": 28.31187217461512, "Gi\u00e1 T8/23": 26.9357997574126, "Gi\u00e1 T9/23": 22.437325817513766, "Gi\u00e1 T10/23": 24.408344825957723, "Gi\u00e1 T11/23": 19.848083350752354, "Gi\u00e1 T12/23": 26.16771670322647, "Gi\u00e1 T1/24": 21.161796440081087, "Gi\u00e1 T2/24": 20.811739071365547, "Gi\u00e1 T3/24": 28.38182406299597, "Gi\u00e1 T4/24": 18.766754529101604, "Gi\u00e1 T5/24": 18.57881690152302, "Gi\u00e1 T6/24": 20.806706061817117, "Gi\u00e1 T7/24": 21.897679068143926, "Gi\u00e1 T8/24": 21.915052042642884, "Gi\u00e1 T9/24": 20.351912651429807, "Gi\u00e1 T10/24": 27.9517298212472}