{"Gi\u00e1 T10/22": 17.486184865165722, "Gi\u00e1 T11/22": 14.523804806646492, "Gi\u00e1 T12/22": 15.517457877984656, "Gi\u00e1 T1/23": 21.413870741886367, "Gi\u00e1 T2/23": 15.196788570004719, "Gi\u00e1 T3/23": 16.809191357746613, "Gi\u00e1 T4/23": 22.93760881681796, "Gi\u00e1 T5/23": 28.552537638282317, "Gi\u00e1 T6/23": 18.3998009017878, "Gi\u00e1 T7/23": 27.61240328914739, "Gi\u00e1 T8/23": 26.077747529590702, "Gi\u00e1 T9/23": 22.049605461915398, "Gi\u00e1 T10/23": 24.012501427305754, "Gi\u00e1 T11/23": 19.991068049407875, "Gi\u00e1 T12/23": 25.719286115737823, "Gi\u00e1 T1/24": 21.102644133911397, "Gi\u00e1 T2/24": 21.74606957219097, "Gi\u00e1 T3/24": 27.851345246363937, "Gi\u00e1 T4/24": 18.995216399384663, "Gi\u00e1 T5/24": 18.422534081399434, "Gi\u00e1 T6/24": 20.882868646298352, "Gi\u00e1 T7/24": 21.937781298047646, "Gi\u00e1 T8/24": 21.890495687368453, "Gi\u00e1 T9/24": 20.848686207958178, "Gi\u00e1 T10/24": 27.838330018455473}