{"Gi\u00e1 T10/22": 712.7819836573682, "Gi\u00e1 T11/22": 924.5956177796562, "Gi\u00e1 T12/22": 697.9811524373064, "Gi\u00e1 T1/23": 788.8477211890673, "Gi\u00e1 T2/23": 870.9761904761905, "Gi\u00e1 T3/23": 996.4750810087348, "Gi\u00e1 T4/23": 764.6097604959144, "Gi\u00e1 T5/23": 905.3738200901662, "Gi\u00e1 T6/23": 782.8859509721049, "Gi\u00e1 T7/23": 807.9903571428572, "Gi\u00e1 T8/23": 1110.089610453649, "Gi\u00e1 T9/23": 1015.9838151591997, "Gi\u00e1 T10/23": 888.2481994928149, "Gi\u00e1 T11/23": 900.8428881375035, "Gi\u00e1 T12/23": 893.7069096928712, "Gi\u00e1 T1/24": 1044.2484326570866, "Gi\u00e1 T2/24": 1070.0006649760496, "Gi\u00e1 T3/24": 1816.2776056635673, "Gi\u00e1 T4/24": 1845.8677796562413, "Gi\u00e1 T5/24": 1552.3759023668638, "Gi\u00e1 T6/24": 1526.4168075514228, "Gi\u00e1 T7/24": 1262.169977458439, "Gi\u00e1 T8/24": 967.5811573682729, "Gi\u00e1 T9/24": 1067.514158918005, "Gi\u00e1 T10/24": 1431.643282614821}