{"Gi\u00e1 T10/22": 1152.7957692444065, "Gi\u00e1 T11/22": 1356.295448888416, "Gi\u00e1 T12/22": 1232.510201928873, "Gi\u00e1 T1/23": 1476.3591206609226, "Gi\u00e1 T2/23": 1280.77186629082, "Gi\u00e1 T3/23": 1530.8202467822573, "Gi\u00e1 T4/23": 1311.3206736871964, "Gi\u00e1 T5/23": 1433.9224630358474, "Gi\u00e1 T6/23": 1462.9207020529732, "Gi\u00e1 T7/23": 1306.174396518101, "Gi\u00e1 T8/23": 1511.9675722440875, "Gi\u00e1 T9/23": 1423.3925227812645, "Gi\u00e1 T10/23": 1284.1368180689997, "Gi\u00e1 T11/23": 1278.8939538346983, "Gi\u00e1 T12/23": 1331.4420643193987, "Gi\u00e1 T1/24": 1551.6511137113073, "Gi\u00e1 T2/24": 1485.7175761443818, "Gi\u00e1 T3/24": 2220.3186632627735, "Gi\u00e1 T4/24": 2024.1046096159982, "Gi\u00e1 T5/24": 2463.681708506187, "Gi\u00e1 T6/24": 2512.8840188986987, "Gi\u00e1 T7/24": 2362.480205651881, "Gi\u00e1 T8/24": 2289.393231216537, "Gi\u00e1 T9/24": 2568.2878473921214, "Gi\u00e1 T10/24": 2873.5576975853633}