{"Gi\u00e1 T10/22": 739.5715912563949, "Gi\u00e1 T11/22": 1260.489629911763, "Gi\u00e1 T12/22": 947.5636043928141, "Gi\u00e1 T1/23": 1053.7116282612835, "Gi\u00e1 T2/23": 1303.6895829365835, "Gi\u00e1 T3/23": 1255.0327556655875, "Gi\u00e1 T4/23": 933.4580930616391, "Gi\u00e1 T5/23": 1208.6915190757315, "Gi\u00e1 T6/23": 1069.49979559449, "Gi\u00e1 T7/23": 1103.7834406144862, "Gi\u00e1 T8/23": 1515.4408468228273, "Gi\u00e1 T9/23": 1433.6429403923062, "Gi\u00e1 T10/23": 1394.375586872342, "Gi\u00e1 T11/23": 1380.6516485748746, "Gi\u00e1 T12/23": 1211.6852383672951, "Gi\u00e1 T1/24": 1395.4820275503077, "Gi\u00e1 T2/24": 1401.4985374214436, "Gi\u00e1 T3/24": 2218.856786643814, "Gi\u00e1 T4/24": 2249.9885812226244, "Gi\u00e1 T5/24": 1973.413200025392, "Gi\u00e1 T6/24": 1907.2936189932075, "Gi\u00e1 T7/24": 1735.711437821367, "Gi\u00e1 T8/24": 1419.8220110455154, "Gi\u00e1 T9/24": 1388.1628261283565, "Gi\u00e1 T10/24": 1918.8043052117055}