{"Gi\u00e1 T10/22": 1135.0919253112033, "Gi\u00e1 T11/22": 1335.1808437067773, "Gi\u00e1 T12/22": 1213.810796680498, "Gi\u00e1 T1/23": 1451.7509398340248, "Gi\u00e1 T2/23": 1260.438488934993, "Gi\u00e1 T3/23": 1505.7220186721993, "Gi\u00e1 T4/23": 1291.1119011065007, "Gi\u00e1 T5/23": 1409.83967219917, "Gi\u00e1 T6/23": 1438.5526258644536, "Gi\u00e1 T7/23": 1284.1348250345782, "Gi\u00e1 T8/23": 1485.0150169432918, "Gi\u00e1 T9/23": 1402.505930843707, "Gi\u00e1 T10/23": 1267.2950650069156, "Gi\u00e1 T11/23": 1260.8614062932227, "Gi\u00e1 T12/23": 1310.8879993084372, "Gi\u00e1 T1/24": 1525.0433748271093, "Gi\u00e1 T2/24": 1464.914562240664, "Gi\u00e1 T3/24": 2186.636450207469, "Gi\u00e1 T4/24": 1994.5735988934994, "Gi\u00e1 T5/24": 2426.7068229598895, "Gi\u00e1 T6/24": 2472.107488934993, "Gi\u00e1 T7/24": 2327.4373067081606, "Gi\u00e1 T8/24": 2252.1328022130015, "Gi\u00e1 T9/24": 2531.9706822268327, "Gi\u00e1 T10/24": 2827.646389349931}