{"Gi\u00e1 T10/22": 6.881518405592073, "Gi\u00e1 T11/22": 6.438817778461855, "Gi\u00e1 T12/22": 6.708543556558778, "Gi\u00e1 T1/23": 6.568050373915057, "Gi\u00e1 T2/23": 5.970945663647141, "Gi\u00e1 T3/23": 6.242453572193006, "Gi\u00e1 T4/23": 5.584527358049908, "Gi\u00e1 T5/23": 6.3789485984506005, "Gi\u00e1 T6/23": 6.005748477777364, "Gi\u00e1 T7/23": 6.101526095138427, "Gi\u00e1 T8/23": 5.901352437461519, "Gi\u00e1 T9/23": 6.186181565758639, "Gi\u00e1 T10/23": 6.97298446257203, "Gi\u00e1 T11/23": 8.19021252964709, "Gi\u00e1 T12/23": 8.017520838394415, "Gi\u00e1 T1/24": 7.995311125903732, "Gi\u00e1 T2/24": 7.476371647057555, "Gi\u00e1 T3/24": 6.626045786034132, "Gi\u00e1 T4/24": 7.565145641124735, "Gi\u00e1 T5/24": 6.680885903321652, "Gi\u00e1 T6/24": 7.980373091516647, "Gi\u00e1 T7/24": 7.956108041776067, "Gi\u00e1 T8/24": 8.902112717632733, "Gi\u00e1 T9/24": 8.577983331154046, "Gi\u00e1 T10/24": 8.794068477905359}