{"Gi\u00e1 T10/22": 72.18507837683369, "Gi\u00e1 T11/22": 71.02472329967613, "Gi\u00e1 T12/22": 74.03986999428463, "Gi\u00e1 T1/23": 76.78267125166698, "Gi\u00e1 T2/23": 66.02340742998666, "Gi\u00e1 T3/23": 76.65903589255097, "Gi\u00e1 T4/23": 56.51591171651744, "Gi\u00e1 T5/23": 72.23176936559345, "Gi\u00e1 T6/23": 68.50749735187655, "Gi\u00e1 T7/23": 58.98080388645457, "Gi\u00e1 T8/23": 64.13541444084589, "Gi\u00e1 T9/23": 66.47003970280053, "Gi\u00e1 T10/23": 76.23926366927034, "Gi\u00e1 T11/23": 88.37951998475901, "Gi\u00e1 T12/23": 95.18517024195084, "Gi\u00e1 T1/24": 89.25887742427129, "Gi\u00e1 T2/24": 89.25369022670985, "Gi\u00e1 T3/24": 86.64983608306342, "Gi\u00e1 T4/24": 92.2635654410364, "Gi\u00e1 T5/24": 71.54953103448275, "Gi\u00e1 T6/24": 95.74286808915984, "Gi\u00e1 T7/24": 109.37515743951231, "Gi\u00e1 T8/24": 135.7676737283292, "Gi\u00e1 T9/24": 134.3396906839398, "Gi\u00e1 T10/24": 143.9945484854258}