{"Gi\u00e1 T10/22": 56.69784149237723, "Gi\u00e1 T11/22": 51.97407684057305, "Gi\u00e1 T12/22": 58.37779361066422, "Gi\u00e1 T1/23": 64.26707691718379, "Gi\u00e1 T2/23": 61.44914272581016, "Gi\u00e1 T3/23": 74.03237340075079, "Gi\u00e1 T4/23": 73.42100551597332, "Gi\u00e1 T5/23": 71.14108672335863, "Gi\u00e1 T6/23": 65.31470466559412, "Gi\u00e1 T7/23": 72.07388722898949, "Gi\u00e1 T8/23": 71.29544664061903, "Gi\u00e1 T9/23": 54.993036466712624, "Gi\u00e1 T10/23": 55.67260399908068, "Gi\u00e1 T11/23": 55.18699187926147, "Gi\u00e1 T12/23": 55.73165823948518, "Gi\u00e1 T1/24": 63.39202558798743, "Gi\u00e1 T2/24": 59.65489695855357, "Gi\u00e1 T3/24": 72.84032138205777, "Gi\u00e1 T4/24": 68.33420133302691, "Gi\u00e1 T5/24": 97.56345399525011, "Gi\u00e1 T6/24": 77.7182199494369, "Gi\u00e1 T7/24": 76.60826055312954, "Gi\u00e1 T8/24": 81.5492572588677, "Gi\u00e1 T9/24": 89.29376043821345, "Gi\u00e1 T10/24": 114.27477208304606}