{"Gi\u00e1 T10/22": 82.85540572626819, "Gi\u00e1 T11/22": 82.25115079104737, "Gi\u00e1 T12/22": 82.9959311089716, "Gi\u00e1 T1/23": 86.30989066037827, "Gi\u00e1 T2/23": 83.70605211865103, "Gi\u00e1 T3/23": 84.48782593476291, "Gi\u00e1 T4/23": 74.87643469822986, "Gi\u00e1 T5/23": 74.3848978775804, "Gi\u00e1 T6/23": 78.22473332153844, "Gi\u00e1 T7/23": 77.00292369815912, "Gi\u00e1 T8/23": 81.88628740220263, "Gi\u00e1 T9/23": 83.4145173151816, "Gi\u00e1 T10/23": 82.48902905222303, "Gi\u00e1 T11/23": 81.8177419831775, "Gi\u00e1 T12/23": 84.65904457266801, "Gi\u00e1 T1/24": 82.53473117095837, "Gi\u00e1 T2/24": 80.9763462077741, "Gi\u00e1 T3/24": 83.0290217430803, "Gi\u00e1 T4/24": 89.6963408946679, "Gi\u00e1 T5/24": 96.89947268407406, "Gi\u00e1 T6/24": 102.03563029384571, "Gi\u00e1 T7/24": 104.67058156502853, "Gi\u00e1 T8/24": 100.27505687985455, "Gi\u00e1 T9/24": 104.93032127359872, "Gi\u00e1 T10/24": 109.50950565113966}