{"Gi\u00e1 T10/22": 67.42034559170203, "Gi\u00e1 T11/22": 67.7365546911834, "Gi\u00e1 T12/22": 69.60892841427, "Gi\u00e1 T1/23": 73.95912250510764, "Gi\u00e1 T2/23": 62.75990869086909, "Gi\u00e1 T3/23": 68.44481282413956, "Gi\u00e1 T4/23": 52.278296636806544, "Gi\u00e1 T5/23": 65.28564301430144, "Gi\u00e1 T6/23": 63.310791450573625, "Gi\u00e1 T7/23": 55.50219063334905, "Gi\u00e1 T8/23": 59.901399339934, "Gi\u00e1 T9/23": 61.92045159515952, "Gi\u00e1 T10/23": 70.95352325946881, "Gi\u00e1 T11/23": 83.18586594373724, "Gi\u00e1 T12/23": 87.55409845984597, "Gi\u00e1 T1/24": 81.29011684739903, "Gi\u00e1 T2/24": 81.76233081879617, "Gi\u00e1 T3/24": 79.9587386452931, "Gi\u00e1 T4/24": 82.6839739116769, "Gi\u00e1 T5/24": 65.68405917020273, "Gi\u00e1 T6/24": 87.7112334590602, "Gi\u00e1 T7/24": 101.58388315260099, "Gi\u00e1 T8/24": 125.81646707527896, "Gi\u00e1 T9/24": 124.19810804651894, "Gi\u00e1 T10/24": 134.70194664466447}