{"area_name": "Ba \u0110\u00ecnh", "under_50": 7.4964639321074955, "between_50_100": 13.719943422913719, "between_100_150": 13.012729844413013, "between_150_200": 14.144271570014144, "over_200": 50.636492220650645}