{"area_name": "Ba V\u00ec", "under_50": 88.88888888888889, "between_50_100": 11.11111111111111, "between_100_150": 0.0, "between_150_200": 0.0, "over_200": 0.0}