{"area_name": "B\u1eafc T\u1eeb Li\u00eam", "under_50": 8.571428571428571, "between_50_100": 36.42857142857142, "between_100_150": 16.428571428571427, "between_150_200": 18.21428571428571, "over_200": 20.0}