{"area_name": "B\u1eafc T\u1eeb Li\u00eam", "under_50": 3.203661327231121, "between_50_100": 2.9748283752860414, "between_100_150": 21.28146453089245, "between_150_200": 31.80778032036613, "over_200": 39.816933638443935}