{"area_name": "B\u1eafc T\u1eeb Li\u00eam", "under_50": 5.3314121037463975, "between_50_100": 16.42651296829971, "between_100_150": 18.155619596541786, "between_150_200": 26.368876080691646, "over_200": 32.997118155619596}