{"area_name": "B\u1eafc T\u1eeb Li\u00eam", "under_50": 8.695652173913043, "between_50_100": 35.869565217391305, "between_100_150": 16.666666666666664, "between_150_200": 18.478260869565215, "over_200": 19.92753623188406}