{"area_name": "C\u1ea7u Gi\u1ea5y", "under_50": 2.841918294849023, "between_50_100": 40.40852575488454, "between_100_150": 1.8650088809946712, "between_150_200": 5.683836589698046, "over_200": 48.57904085257549}