{"area_name": "Ch\u01b0\u01a1ng M\u1ef9", "under_50": 24.59016393442623, "between_50_100": 45.90163934426229, "between_100_150": 27.86885245901639, "between_150_200": 1.639344262295082, "over_200": 0.0}