{"area_name": "Ch\u01b0\u01a1ng M\u1ef9", "under_50": 24.203821656050955, "between_50_100": 57.961783439490446, "between_100_150": 17.197452229299362, "between_150_200": 0.6369426751592357, "over_200": 0.0}