{"area_name": "Ch\u01b0\u01a1ng M\u1ef9", "under_50": 23.076923076923077, "between_50_100": 62.5, "between_100_150": 13.461538461538462, "between_150_200": 0.9615384615384616, "over_200": 0.0}