{"area_name": "\u0110an Ph\u01b0\u1ee3ng", "under_50": 27.27272727272727, "between_50_100": 6.8181818181818175, "between_100_150": 43.18181818181818, "between_150_200": 20.454545454545457, "over_200": 2.272727272727273}