{"area_name": "\u0110\u1ed1ng \u0110a", "under_50": 8.050089445438283, "between_50_100": 11.449016100178891, "between_100_150": 7.155635062611807, "between_150_200": 15.742397137745975, "over_200": 57.066189624329155}