{"area_name": "\u0110\u00f4ng Anh", "under_50": 3.937007874015748, "between_50_100": 15.748031496062993, "between_100_150": 12.598425196850393, "between_150_200": 5.511811023622047, "over_200": 59.84251968503938}