{"area_name": "\u0110\u00f4ng Anh", "under_50": 12.254901960784313, "between_50_100": 39.705882352941174, "between_100_150": 11.27450980392157, "between_150_200": 2.450980392156863, "over_200": 34.31372549019608}