{"area_name": "\u0110\u1ed1ng \u0110a", "under_50": 8.035714285714286, "between_50_100": 11.428571428571429, "between_100_150": 7.142857142857142, "between_150_200": 15.714285714285714, "over_200": 57.14285714285714}