{"area_name": "Gia L\u00e2m", "under_50": 29.72972972972973, "between_50_100": 44.90644490644491, "between_100_150": 4.365904365904366, "between_150_200": 7.6923076923076925, "over_200": 12.681912681912683}