{"area_name": "Gia L\u00e2m", "under_50": 31.194690265486724, "between_50_100": 46.46017699115044, "between_100_150": 9.070796460176991, "between_150_200": 3.761061946902655, "over_200": 8.849557522123893}