{"area_name": "H\u00e0 \u0110\u00f4ng", "under_50": 13.328729281767956, "between_50_100": 20.027624309392262, "between_100_150": 13.190607734806632, "between_150_200": 21.132596685082873, "over_200": 31.353591160220994}