{"area_name": "H\u00e0 \u0110\u00f4ng", "under_50": 13.310344827586206, "between_50_100": 20.0, "between_100_150": 13.172413793103448, "between_150_200": 21.241379310344826, "over_200": 31.310344827586206}