{"area_name": "H\u00e0 \u0110\u00f4ng", "under_50": 13.337940566689701, "between_50_100": 20.041465100207326, "between_100_150": 13.130615065653076, "between_150_200": 21.147201105736006, "over_200": 31.375259156876297}