{"area_name": "H\u00e0 N\u1ed9i", "under_50": 9.348488592372952, "between_50_100": 28.3831644839799, "between_100_150": 9.084918869944815, "between_150_200": 15.056420393707274, "over_200": 37.4351371386212}