{"area_name": "H\u00e0 N\u1ed9i", "under_50": 23.49457058242843, "between_50_100": 36.72260612043436, "between_100_150": 10.760118460019743, "between_150_200": 8.588351431391905, "over_200": 19.842053307008882}