{"area_name": "H\u00e0 N\u1ed9i", "under_50": 16.824644549763033, "between_50_100": 30.33175355450237, "between_100_150": 12.796208530805686, "between_150_200": 14.454976303317535, "over_200": 25.118483412322274}