{"area_name": "H\u00e0 N\u1ed9i", "under_50": 8.23045267489712, "between_50_100": 22.726337448559672, "between_100_150": 9.454732510288066, "between_150_200": 16.440329218106996, "over_200": 42.38683127572017}