{"area_name": "H\u00e0 N\u1ed9i", "under_50": 10.075400565504241, "between_50_100": 24.995287464655984, "between_100_150": 9.114043355325165, "between_150_200": 15.35344015080113, "over_200": 39.67954759660697}