{"area_name": "H\u00e0 N\u1ed9i", "under_50": 10.1067615658363, "between_50_100": 24.80427046263345, "between_100_150": 9.608540925266903, "between_150_200": 15.685053380782918, "over_200": 39.02135231316726}