{"area_name": "Hai B\u00e0 Tr\u01b0ng", "under_50": 4.090909090909091, "between_50_100": 17.045454545454543, "between_100_150": 7.159090909090909, "between_150_200": 21.931818181818183, "over_200": 48.97727272727273}