{"area_name": "Ho\u00e0i \u0110\u1ee9c", "under_50": 1.9736842105263157, "between_50_100": 12.5, "between_100_150": 30.263157894736842, "between_150_200": 38.15789473684211, "over_200": 13.815789473684212}