{"area_name": "Ho\u00e0n Ki\u1ebfm", "under_50": 2.0761245674740483, "between_50_100": 5.536332179930796, "between_100_150": 7.612456747404845, "between_150_200": 11.76470588235294, "over_200": 71.97231833910035}