{"area_name": "Ho\u00e0ng Mai", "under_50": 12.231030577576444, "between_50_100": 30.91732729331823, "between_100_150": 7.248018120045301, "between_150_200": 18.459796149490373, "over_200": 30.464326160815403}