{"area_name": "Ho\u00e0n Ki\u1ebfm", "under_50": 2.413793103448276, "between_50_100": 5.517241379310345, "between_100_150": 7.586206896551724, "between_150_200": 11.724137931034482, "over_200": 71.72413793103448}