{"area_name": "Long Bi\u00ean", "under_50": 11.810012836970476, "between_50_100": 13.86392811296534, "between_100_150": 12.45186136071887, "between_150_200": 20.79589216944801, "over_200": 40.17971758664955}