{"area_name": "Long Bi\u00ean", "under_50": 11.825192802056556, "between_50_100": 13.881748071979436, "between_100_150": 12.467866323907455, "between_150_200": 20.69408740359897, "over_200": 40.23136246786632}