{"area_name": "M\u1ef9 \u0110\u1ee9c", "under_50": 81.81818181818183, "between_50_100": 18.181818181818183, "between_100_150": 0.0, "between_150_200": 0.0, "over_200": 0.0}