{"area_name": "Nam T\u1eeb Li\u00eam", "under_50": 16.037735849056602, "between_50_100": 21.69811320754717, "between_100_150": 5.660377358490567, "between_150_200": 9.433962264150944, "over_200": 46.22641509433962}