{"area_name": "Nam T\u1eeb Li\u00eam", "under_50": 14.655172413793101, "between_50_100": 27.586206896551722, "between_100_150": 5.172413793103448, "between_150_200": 8.620689655172415, "over_200": 43.103448275862064}