{"area_name": "Nam T\u1eeb Li\u00eam", "under_50": 8.333333333333332, "between_50_100": 52.85888077858881, "between_100_150": 6.751824817518248, "between_150_200": 12.530413625304138, "over_200": 19.099756690997566}