{"area_name": "Nam T\u1eeb Li\u00eam", "under_50": 15.315315315315313, "between_50_100": 25.225225225225223, "between_100_150": 5.405405405405405, "between_150_200": 9.00900900900901, "over_200": 44.14414414414414}