{"area_name": "Ph\u00fa Xuy\u00ean", "under_50": 66.66666666666666, "between_50_100": 0.0, "between_100_150": 16.666666666666664, "between_150_200": 0.0, "over_200": 16.666666666666664}