{"area_name": "Ph\u00fac Th\u1ecd", "under_50": 42.857142857142854, "between_50_100": 50.0, "between_100_150": 7.142857142857142, "between_150_200": 0.0, "over_200": 0.0}