{"area_name": "Qu\u1ed1c Oai", "under_50": 8.227848101265822, "between_50_100": 90.50632911392405, "between_100_150": 1.2658227848101267, "between_150_200": 0.0, "over_200": 0.0}