{"area_name": "Qu\u1ed1c Oai", "under_50": 14.772727272727273, "between_50_100": 78.4090909090909, "between_100_150": 6.8181818181818175, "between_150_200": 0.0, "over_200": 0.0}