{"area_name": "S\u00f3c S\u01a1n", "under_50": 79.22077922077922, "between_50_100": 14.285714285714285, "between_100_150": 5.194805194805195, "between_150_200": 0.0, "over_200": 1.2987012987012987}