{"area_name": "S\u00f3c S\u01a1n", "under_50": 58.333333333333336, "between_50_100": 33.33333333333333, "between_100_150": 8.333333333333332, "between_150_200": 0.0, "over_200": 0.0}