{"area_name": "S\u00f3c S\u01a1n", "under_50": 78.57142857142857, "between_50_100": 15.476190476190476, "between_100_150": 4.761904761904762, "between_150_200": 0.0, "over_200": 1.1904761904761905}