{"area_name": "S\u01a1n T\u00e2y", "under_50": 77.77777777777779, "between_50_100": 16.666666666666664, "between_100_150": 5.555555555555555, "between_150_200": 0.0, "over_200": 0.0}