{"area_name": "T\u00e2y H\u1ed3", "under_50": 2.754491017964072, "between_50_100": 19.281437125748504, "between_100_150": 10.89820359281437, "between_150_200": 10.419161676646707, "over_200": 56.16766467065868}