{"area_name": "T\u00e2y H\u1ed3", "under_50": 2.7611044417767108, "between_50_100": 19.327731092436977, "between_100_150": 10.92436974789916, "between_150_200": 10.444177671068427, "over_200": 56.062424969988}