{"area_name": "Th\u1ea1ch Th\u1ea5t", "under_50": 30.76923076923077, "between_50_100": 53.84615384615385, "between_100_150": 15.384615384615385, "between_150_200": 0.0, "over_200": 0.0}