{"area_name": "Thanh Tr\u00ec", "under_50": 16.897506925207757, "between_50_100": 28.254847645429365, "between_100_150": 15.789473684210526, "between_150_200": 23.26869806094183, "over_200": 15.512465373961218}