{"area_name": "Thanh Xu\u00e2n", "under_50": 5.364995602462621, "between_50_100": 29.11169744942832, "between_100_150": 3.6059806508355323, "between_150_200": 15.303430079155673, "over_200": 45.64643799472295}