{"area_name": "Thanh Oai", "under_50": 21.686746987951807, "between_50_100": 54.21686746987952, "between_100_150": 22.89156626506024, "between_150_200": 1.2048192771084338, "over_200": 0.0}