{"area_name": "Thanh Tr\u00ec", "under_50": 16.85082872928177, "between_50_100": 28.45303867403315, "between_100_150": 15.745856353591158, "between_150_200": 23.204419889502763, "over_200": 15.469613259668508}