{"area_name": "Th\u01b0\u1eddng T\u00edn", "under_50": 17.391304347826086, "between_50_100": 26.08695652173913, "between_100_150": 39.130434782608695, "between_150_200": 8.695652173913043, "over_200": 8.695652173913043}