{"area_name": "\u1ee8ng H\u00f2a", "under_50": 53.333333333333336, "between_50_100": 46.666666666666664, "between_100_150": 0.0, "between_150_200": 0.0, "over_200": 0.0}