{"Gi\u00e1 T10/22": 8.127514741075093, "Gi\u00e1 T11/22": 7.69875295337623, "Gi\u00e1 T12/22": 8.180717317353288, "Gi\u00e1 T1/23": 8.455147777634057, "Gi\u00e1 T2/23": 8.302220827300431, "Gi\u00e1 T3/23": 9.37763990093052, "Gi\u00e1 T4/23": 9.079547213732182, "Gi\u00e1 T5/23": 8.98373876966206, "Gi\u00e1 T6/23": 8.722711412771893, "Gi\u00e1 T7/23": 8.981260305511652, "Gi\u00e1 T8/23": 9.088185897004891, "Gi\u00e1 T9/23": 8.059242427398418, "Gi\u00e1 T10/23": 8.14555534341476, "Gi\u00e1 T11/23": 8.159660408464811, "Gi\u00e1 T12/23": 8.204551439159616, "Gi\u00e1 T1/24": 8.898853622476487, "Gi\u00e1 T2/24": 8.590009361658435, "Gi\u00e1 T3/24": 9.513007474686935, "Gi\u00e1 T4/24": 9.254736479866313, "Gi\u00e1 T5/24": 10.952296133729165, "Gi\u00e1 T6/24": 9.711118630563204, "Gi\u00e1 T7/24": 9.58912738940979, "Gi\u00e1 T8/24": 9.952491388393302, "Gi\u00e1 T9/24": 10.47652865798221, "Gi\u00e1 T10/24": 11.67469086348891}