{"Gi\u00e1 T10/22": 88.20361838315962, "Gi\u00e1 T11/22": 89.3997044290871, "Gi\u00e1 T12/22": 85.33779419428481, "Gi\u00e1 T1/23": 86.18455835962803, "Gi\u00e1 T2/23": 91.69603784172949, "Gi\u00e1 T3/23": 92.85840681827175, "Gi\u00e1 T4/23": 76.89111439597825, "Gi\u00e1 T5/23": 74.58284468734983, "Gi\u00e1 T6/23": 78.31253460174733, "Gi\u00e1 T7/23": 78.10683211753441, "Gi\u00e1 T8/23": 81.8844004751788, "Gi\u00e1 T9/23": 81.75566832491607, "Gi\u00e1 T10/23": 85.15721506174144, "Gi\u00e1 T11/23": 82.84842091582712, "Gi\u00e1 T12/23": 85.85903016725034, "Gi\u00e1 T1/24": 82.33275071541117, "Gi\u00e1 T2/24": 74.96587390188219, "Gi\u00e1 T3/24": 84.05343283699223, "Gi\u00e1 T4/24": 87.49483660268272, "Gi\u00e1 T5/24": 97.2961131884834, "Gi\u00e1 T6/24": 98.1130886164257, "Gi\u00e1 T7/24": 99.25984017020755, "Gi\u00e1 T8/24": 100.9900128803636, "Gi\u00e1 T9/24": 100.93902200308108, "Gi\u00e1 T10/24": 102.25240059804484}