{"Gi\u00e1 T10/22": 87.16465534880811, "Gi\u00e1 T11/22": 87.03347876667638, "Gi\u00e1 T12/22": 87.06368773094485, "Gi\u00e1 T1/23": 89.7040918707762, "Gi\u00e1 T2/23": 89.01959638744498, "Gi\u00e1 T3/23": 89.6205149779783, "Gi\u00e1 T4/23": 78.40031288272573, "Gi\u00e1 T5/23": 77.63943395542006, "Gi\u00e1 T6/23": 81.04680547434074, "Gi\u00e1 T7/23": 80.17879361374298, "Gi\u00e1 T8/23": 84.53562449490256, "Gi\u00e1 T9/23": 86.02684680717235, "Gi\u00e1 T10/23": 85.86657966131084, "Gi\u00e1 T11/23": 84.45220221531463, "Gi\u00e1 T12/23": 87.66927535647854, "Gi\u00e1 T1/24": 85.07534927724251, "Gi\u00e1 T2/24": 81.96823105105626, "Gi\u00e1 T3/24": 85.87555410214088, "Gi\u00e1 T4/24": 92.05189368583105, "Gi\u00e1 T5/24": 100.27849131130829, "Gi\u00e1 T6/24": 104.1886348594691, "Gi\u00e1 T7/24": 106.39656094220277, "Gi\u00e1 T8/24": 103.93787614897975, "Gi\u00e1 T9/24": 107.8790687548323, "Gi\u00e1 T10/24": 112.06196407501399}