{"Gi\u00e1 T10/22": 82.35785999045103, "Gi\u00e1 T11/22": 81.80202770318763, "Gi\u00e1 T12/22": 83.15639244188564, "Gi\u00e1 T1/23": 86.14562276586624, "Gi\u00e1 T2/23": 83.15953955249537, "Gi\u00e1 T3/23": 83.65188388266954, "Gi\u00e1 T4/23": 74.81605243201403, "Gi\u00e1 T5/23": 74.58185383202851, "Gi\u00e1 T6/23": 77.85402825446577, "Gi\u00e1 T7/23": 76.66459360677513, "Gi\u00e1 T8/23": 80.98298673508074, "Gi\u00e1 T9/23": 82.69730863105508, "Gi\u00e1 T10/23": 81.2650971232605, "Gi\u00e1 T11/23": 80.42136838210749, "Gi\u00e1 T12/23": 83.5524962424172, "Gi\u00e1 T1/24": 81.47622573515821, "Gi\u00e1 T2/24": 80.05232174039598, "Gi\u00e1 T3/24": 82.06942671539584, "Gi\u00e1 T4/24": 88.08690332703725, "Gi\u00e1 T5/24": 95.33015669073771, "Gi\u00e1 T6/24": 100.08282554285283, "Gi\u00e1 T7/24": 102.39838735482486, "Gi\u00e1 T8/24": 98.52029051051576, "Gi\u00e1 T9/24": 104.00698161257232, "Gi\u00e1 T10/24": 108.84451699194692}