{"Gi\u00e1 T10/22": 8.417935200964004, "Gi\u00e1 T11/22": 8.439702388804832, "Gi\u00e1 T12/22": 8.577728254321173, "Gi\u00e1 T1/23": 8.780965794599927, "Gi\u00e1 T2/23": 8.138826759149968, "Gi\u00e1 T3/23": 8.629218158187578, "Gi\u00e1 T4/23": 7.5707058199384605, "Gi\u00e1 T5/23": 8.40630368012835, "Gi\u00e1 T6/23": 8.195255556466188, "Gi\u00e1 T7/23": 7.6519044274175805, "Gi\u00e1 T8/23": 8.07130574234151, "Gi\u00e1 T9/23": 8.166611526528422, "Gi\u00e1 T10/23": 8.727888128010118, "Gi\u00e1 T11/23": 9.353253259081507, "Gi\u00e1 T12/23": 9.61202152506717, "Gi\u00e1 T1/24": 9.262250951074906, "Gi\u00e1 T2/24": 9.312395247946611, "Gi\u00e1 T3/24": 9.26021148868944, "Gi\u00e1 T4/24": 9.467801743133412, "Gi\u00e1 T5/24": 8.388876787784397, "Gi\u00e1 T6/24": 9.56535668745722, "Gi\u00e1 T7/24": 10.398591594403586, "Gi\u00e1 T8/24": 11.513676982942947, "Gi\u00e1 T9/24": 11.49819255905524, "Gi\u00e1 T10/24": 12.048628268943018}