{"Gi\u00e1 T10/22": 88.22706029081378, "Gi\u00e1 T11/22": 90.1208167335607, "Gi\u00e1 T12/22": 87.57943830074112, "Gi\u00e1 T1/23": 91.32097315839451, "Gi\u00e1 T2/23": 90.65618603875096, "Gi\u00e1 T3/23": 89.73359412327181, "Gi\u00e1 T4/23": 87.65598442888614, "Gi\u00e1 T5/23": 73.60076778091072, "Gi\u00e1 T6/23": 91.03647002639973, "Gi\u00e1 T7/23": 90.94957250919481, "Gi\u00e1 T8/23": 91.23607280264675, "Gi\u00e1 T9/23": 97.41217053212624, "Gi\u00e1 T10/23": 96.88858837934534, "Gi\u00e1 T11/23": 95.01865646202226, "Gi\u00e1 T12/23": 96.54842692834399, "Gi\u00e1 T1/24": 98.05368395502471, "Gi\u00e1 T2/24": 96.57891349689667, "Gi\u00e1 T3/24": 99.57806218549794, "Gi\u00e1 T4/24": 107.43161809924179, "Gi\u00e1 T5/24": 106.47408012226775, "Gi\u00e1 T6/24": 106.72809073897591, "Gi\u00e1 T7/24": 109.26551303373577, "Gi\u00e1 T8/24": 108.56666409342684, "Gi\u00e1 T9/24": 109.07674010510878, "Gi\u00e1 T10/24": 110.93661420627404}