{"Gi\u00e1 T10/22": 171.8146838629649, "Gi\u00e1 T11/22": 181.4987275116901, "Gi\u00e1 T12/22": 175.96171780883438, "Gi\u00e1 T1/23": 170.45886125580725, "Gi\u00e1 T2/23": 172.89740841642143, "Gi\u00e1 T3/23": 176.28296099473746, "Gi\u00e1 T4/23": 176.11849325629345, "Gi\u00e1 T5/23": 88.67129116614285, "Gi\u00e1 T6/23": 175.36370986905354, "Gi\u00e1 T7/23": 179.8672562155772, "Gi\u00e1 T8/23": 180.38731468560576, "Gi\u00e1 T9/23": 176.64131495357765, "Gi\u00e1 T10/23": 170.98508169684288, "Gi\u00e1 T11/23": 174.0159768228803, "Gi\u00e1 T12/23": 173.59753928379288, "Gi\u00e1 T1/24": 175.82989036314734, "Gi\u00e1 T2/24": 168.53021099259365, "Gi\u00e1 T3/24": 172.89624067790817, "Gi\u00e1 T4/24": 174.72535219458302, "Gi\u00e1 T5/24": 181.3531726660488, "Gi\u00e1 T6/24": 183.16597764072344, "Gi\u00e1 T7/24": 185.92311114214502, "Gi\u00e1 T8/24": 180.02304172673846, "Gi\u00e1 T9/24": 189.55179104596132, "Gi\u00e1 T10/24": 190.9793107155587}