{"Gi\u00e1 T10/22": 33.52648849776132, "Gi\u00e1 T11/22": 35.85684977613093, "Gi\u00e1 T12/22": 35.98664289022695, "Gi\u00e1 T1/23": 38.17112922649376, "Gi\u00e1 T2/23": 40.88915238536361, "Gi\u00e1 T3/23": 41.30542318974834, "Gi\u00e1 T4/23": 45.58261911378726, "Gi\u00e1 T5/23": 49.07935988883742, "Gi\u00e1 T6/23": 50.19498224486643, "Gi\u00e1 T7/23": 38.672517214759914, "Gi\u00e1 T8/23": 46.17542288096342, "Gi\u00e1 T9/23": 44.95742782152231, "Gi\u00e1 T10/23": 42.573778909989194, "Gi\u00e1 T11/23": 45.9854849467346, "Gi\u00e1 T12/23": 45.74024641037517, "Gi\u00e1 T1/24": 44.61198178168905, "Gi\u00e1 T2/24": 49.562741392620026, "Gi\u00e1 T3/24": 57.62187123668364, "Gi\u00e1 T4/24": 67.77625135093407, "Gi\u00e1 T5/24": 65.2298647522001, "Gi\u00e1 T6/24": 69.7783937007874, "Gi\u00e1 T7/24": 58.75694241161032, "Gi\u00e1 T8/24": 73.1942890226957, "Gi\u00e1 T9/24": 79.54562853172767, "Gi\u00e1 T10/24": 77.45037733518606}