{"Gi\u00e1 T10/22": 41.4358992516987, "Gi\u00e1 T11/22": 45.89262641899293, "Gi\u00e1 T12/22": 45.11119967505495, "Gi\u00e1 T1/23": 47.214134709170324, "Gi\u00e1 T2/23": 49.08137863650231, "Gi\u00e1 T3/23": 46.913309577036365, "Gi\u00e1 T4/23": 49.64762636150089, "Gi\u00e1 T5/23": 47.1459505177721, "Gi\u00e1 T6/23": 43.519851332025056, "Gi\u00e1 T7/23": 48.31031820192225, "Gi\u00e1 T8/23": 50.62039566102386, "Gi\u00e1 T9/23": 52.96986487354232, "Gi\u00e1 T10/23": 55.24797131480055, "Gi\u00e1 T11/23": 53.420452388050876, "Gi\u00e1 T12/23": 44.6017761608126, "Gi\u00e1 T1/24": 43.05532691234045, "Gi\u00e1 T2/24": 44.55085615600292, "Gi\u00e1 T3/24": 49.48351358373745, "Gi\u00e1 T4/24": 52.113626525764644, "Gi\u00e1 T5/24": 59.061955560333644, "Gi\u00e1 T6/24": 57.90139890637793, "Gi\u00e1 T7/24": 55.60023302177422, "Gi\u00e1 T8/24": 54.30381457601672, "Gi\u00e1 T9/24": 57.07880825961808, "Gi\u00e1 T10/24": 59.158112305595914}