{"Gi\u00e1 T10/22": 119.30806147929465, "Gi\u00e1 T11/22": 110.92831392458807, "Gi\u00e1 T12/22": 112.91481628955927, "Gi\u00e1 T1/23": 120.10619689601496, "Gi\u00e1 T2/23": 117.4159198783806, "Gi\u00e1 T3/23": 118.76482220227915, "Gi\u00e1 T4/23": 113.54966899947337, "Gi\u00e1 T5/23": 102.20885357367376, "Gi\u00e1 T6/23": 123.08445964216845, "Gi\u00e1 T7/23": 118.8619187554169, "Gi\u00e1 T8/23": 114.09644045447065, "Gi\u00e1 T9/23": 116.69972706428456, "Gi\u00e1 T10/23": 112.05775581935151, "Gi\u00e1 T11/23": 121.54362023829259, "Gi\u00e1 T12/23": 116.45033481094272, "Gi\u00e1 T1/24": 129.50488370640764, "Gi\u00e1 T2/24": 110.34566421567474, "Gi\u00e1 T3/24": 117.21804563428803, "Gi\u00e1 T4/24": 115.55265905528358, "Gi\u00e1 T5/24": 117.60558588084379, "Gi\u00e1 T6/24": 123.92399301432357, "Gi\u00e1 T7/24": 124.78620063113625, "Gi\u00e1 T8/24": 129.12986816963377, "Gi\u00e1 T9/24": 124.2125449143337, "Gi\u00e1 T10/24": 126.3098878791013}