{"Gi\u00e1 T10/22": 142.4871282841929, "Gi\u00e1 T11/22": 143.26614295185644, "Gi\u00e1 T12/22": 140.7316900554635, "Gi\u00e1 T1/23": 142.75916481155113, "Gi\u00e1 T2/23": 143.1220866591901, "Gi\u00e1 T3/23": 144.92202167838693, "Gi\u00e1 T4/23": 145.74552456319367, "Gi\u00e1 T5/23": 115.26444441038296, "Gi\u00e1 T6/23": 146.77921844319943, "Gi\u00e1 T7/23": 146.9999403824892, "Gi\u00e1 T8/23": 146.98534344535133, "Gi\u00e1 T9/23": 147.0714723270899, "Gi\u00e1 T10/23": 142.94171941903207, "Gi\u00e1 T11/23": 147.54221063979534, "Gi\u00e1 T12/23": 148.54778104713344, "Gi\u00e1 T1/24": 151.94158907933814, "Gi\u00e1 T2/24": 145.0417528815537, "Gi\u00e1 T3/24": 150.8681334930292, "Gi\u00e1 T4/24": 149.64018937433585, "Gi\u00e1 T5/24": 153.3488994030336, "Gi\u00e1 T6/24": 155.72789537835342, "Gi\u00e1 T7/24": 157.7990314939903, "Gi\u00e1 T8/24": 156.71286683783612, "Gi\u00e1 T9/24": 160.30837958241938, "Gi\u00e1 T10/24": 163.27168897578568}