{"Gi\u00e1 T10/22": 19.88055138896836, "Gi\u00e1 T11/22": 17.074977392113183, "Gi\u00e1 T12/22": 15.472356754205602, "Gi\u00e1 T1/23": 18.041484059212635, "Gi\u00e1 T2/23": 19.35926590732687, "Gi\u00e1 T3/23": 19.545489926594023, "Gi\u00e1 T4/23": 19.936306667219277, "Gi\u00e1 T5/23": 18.688558154184953, "Gi\u00e1 T6/23": 17.683034408221708, "Gi\u00e1 T7/23": 19.51685922779706, "Gi\u00e1 T8/23": 18.240597900417242, "Gi\u00e1 T9/23": 19.223101910431193, "Gi\u00e1 T10/23": 16.402519533865018, "Gi\u00e1 T11/23": 15.324754100320636, "Gi\u00e1 T12/23": 17.20530014097913, "Gi\u00e1 T1/24": 18.2048110964883, "Gi\u00e1 T2/24": 13.732941289854416, "Gi\u00e1 T3/24": 14.697428746713008, "Gi\u00e1 T4/24": 18.982375726849742, "Gi\u00e1 T5/24": 16.32489527936865, "Gi\u00e1 T6/24": 17.92979364075337, "Gi\u00e1 T7/24": 14.644447853749096, "Gi\u00e1 T8/24": 14.553137927244824, "Gi\u00e1 T9/24": 18.26225615853638, "Gi\u00e1 T10/24": 19.133951192456152}