{"Gi\u00e1 T10/22": 16250.30867061663, "Gi\u00e1 T11/22": 16601.210169687358, "Gi\u00e1 T12/22": 15859.457631316847, "Gi\u00e1 T1/23": 16609.07128519377, "Gi\u00e1 T2/23": 16543.697121715162, "Gi\u00e1 T3/23": 16755.608574773567, "Gi\u00e1 T4/23": 16703.82888447425, "Gi\u00e1 T5/23": 10381.889555046215, "Gi\u00e1 T6/23": 17187.42676466787, "Gi\u00e1 T7/23": 17231.300801213838, "Gi\u00e1 T8/23": 17280.684028286643, "Gi\u00e1 T9/23": 18214.943036076376, "Gi\u00e1 T10/23": 17468.087643239305, "Gi\u00e1 T11/23": 17902.541833754596, "Gi\u00e1 T12/23": 18136.388070797442, "Gi\u00e1 T1/24": 18960.921494873848, "Gi\u00e1 T2/24": 17624.861698074506, "Gi\u00e1 T3/24": 18914.142785305914, "Gi\u00e1 T4/24": 19534.94981838571, "Gi\u00e1 T5/24": 19979.4212302094, "Gi\u00e1 T6/24": 20289.535750151612, "Gi\u00e1 T7/24": 21018.858716455266, "Gi\u00e1 T8/24": 20699.05909113226, "Gi\u00e1 T9/24": 21390.49337474457, "Gi\u00e1 T10/24": 22345.489847948385}