{"Gi\u00e1 T10/22": 5785.892917886593, "Gi\u00e1 T11/22": 6295.901900561579, "Gi\u00e1 T12/22": 5373.854713875725, "Gi\u00e1 T1/23": 7063.350991696235, "Gi\u00e1 T2/23": 6754.7184615599335, "Gi\u00e1 T3/23": 6282.123590293113, "Gi\u00e1 T4/23": 6696.022088636909, "Gi\u00e1 T5/23": 7014.483842724694, "Gi\u00e1 T6/23": 7346.317799626165, "Gi\u00e1 T7/23": 6606.03463082773, "Gi\u00e1 T8/23": 6973.915288026532, "Gi\u00e1 T9/23": 7454.003288423525, "Gi\u00e1 T10/23": 7379.524201083046, "Gi\u00e1 T11/23": 7448.856507197562, "Gi\u00e1 T12/23": 7644.162671223813, "Gi\u00e1 T1/24": 8630.18281749084, "Gi\u00e1 T2/24": 8186.36586977603, "Gi\u00e1 T3/24": 8185.309010733279, "Gi\u00e1 T4/24": 9406.904238135705, "Gi\u00e1 T5/24": 9214.562237540216, "Gi\u00e1 T6/24": 9404.159119006856, "Gi\u00e1 T7/24": 10365.02217302889, "Gi\u00e1 T8/24": 10017.232421366482, "Gi\u00e1 T9/24": 9864.320289267134, "Gi\u00e1 T10/24": 10735.727751521805}