{"Gi\u00e1 T10/22": 12881.836450341556, "Gi\u00e1 T11/22": 12858.218418053822, "Gi\u00e1 T12/22": 12305.102766236723, "Gi\u00e1 T1/23": 13679.977357127204, "Gi\u00e1 T2/23": 13715.665707999498, "Gi\u00e1 T3/23": 13709.392483319401, "Gi\u00e1 T4/23": 13403.135225806158, "Gi\u00e1 T5/23": 10466.072593874715, "Gi\u00e1 T6/23": 14331.008623184032, "Gi\u00e1 T7/23": 13896.899974313794, "Gi\u00e1 T8/23": 13605.578418823421, "Gi\u00e1 T9/23": 15179.418967074502, "Gi\u00e1 T10/23": 14753.878176220787, "Gi\u00e1 T11/23": 14987.014798861204, "Gi\u00e1 T12/23": 14862.608666148588, "Gi\u00e1 T1/24": 15704.304034621588, "Gi\u00e1 T2/24": 15162.789360116916, "Gi\u00e1 T3/24": 16320.515173449885, "Gi\u00e1 T4/24": 17184.76695029656, "Gi\u00e1 T5/24": 17112.61839569613, "Gi\u00e1 T6/24": 17139.95077419629, "Gi\u00e1 T7/24": 17913.88554252282, "Gi\u00e1 T8/24": 18028.75268705996, "Gi\u00e1 T9/24": 17883.59475756178, "Gi\u00e1 T10/24": 18555.947357672045}