{"Gi\u00e1 T10/22": 5747.208031654483, "Gi\u00e1 T11/22": 6270.289889040566, "Gi\u00e1 T12/22": 5344.660879162601, "Gi\u00e1 T1/23": 7040.364578953403, "Gi\u00e1 T2/23": 6728.690310249415, "Gi\u00e1 T3/23": 6245.512714893313, "Gi\u00e1 T4/23": 6671.770284516086, "Gi\u00e1 T5/23": 6988.012577724607, "Gi\u00e1 T6/23": 7325.715418190944, "Gi\u00e1 T7/23": 6575.764223045987, "Gi\u00e1 T8/23": 6944.021369339804, "Gi\u00e1 T9/23": 7445.328720180599, "Gi\u00e1 T10/23": 7363.780123279847, "Gi\u00e1 T11/23": 7424.275838188304, "Gi\u00e1 T12/23": 7636.525623819609, "Gi\u00e1 T1/24": 8626.592015085205, "Gi\u00e1 T2/24": 8166.040970024294, "Gi\u00e1 T3/24": 8158.904777551104, "Gi\u00e1 T4/24": 9369.298591092092, "Gi\u00e1 T5/24": 9164.799720319053, "Gi\u00e1 T6/24": 9341.435090969862, "Gi\u00e1 T7/24": 10305.986089907645, "Gi\u00e1 T8/24": 9947.739151232798, "Gi\u00e1 T9/24": 9776.53700443059, "Gi\u00e1 T10/24": 10654.932265560607}