{"Gi\u00e1 T10/22": 45.649904477611955, "Gi\u00e1 T11/22": 41.19981094527363, "Gi\u00e1 T12/22": 40.487840298507464, "Gi\u00e1 T1/23": 39.79557810945273, "Gi\u00e1 T2/23": 42.27282985074627, "Gi\u00e1 T3/23": 46.458240298507455, "Gi\u00e1 T4/23": 44.097794527363185, "Gi\u00e1 T5/23": 49.20750985027581, "Gi\u00e1 T6/23": 43.44119452736319, "Gi\u00e1 T7/23": 40.99529402985074, "Gi\u00e1 T8/23": 44.66136119402985, "Gi\u00e1 T9/23": 42.68780049751244, "Gi\u00e1 T10/23": 44.2812736318408, "Gi\u00e1 T11/23": 52.59299452736319, "Gi\u00e1 T12/23": 51.369012437810945, "Gi\u00e1 T1/24": 49.26210497512437, "Gi\u00e1 T2/24": 42.12788656716419, "Gi\u00e1 T3/24": 42.865862686567155, "Gi\u00e1 T4/24": 57.563099004975136, "Gi\u00e1 T5/24": 50.17161243781095, "Gi\u00e1 T6/24": 62.53310049751244, "Gi\u00e1 T7/24": 68.21196318407961, "Gi\u00e1 T8/24": 75.82566318407962, "Gi\u00e1 T9/24": 74.29204477611941, "Gi\u00e1 T10/24": 75.0442656716418}