{"Gi\u00e1 T10/22": 32.81377777777777, "Gi\u00e1 T11/22": 37.64265168539329, "Gi\u00e1 T12/22": 39.75205493133583, "Gi\u00e1 T1/23": 27.053494382022468, "Gi\u00e1 T2/23": 24.25039200998752, "Gi\u00e1 T3/23": 27.71201123595506, "Gi\u00e1 T4/23": 27.088584269662938, "Gi\u00e1 T5/23": 27.11088764044945, "Gi\u00e1 T6/23": 30.24369538077403, "Gi\u00e1 T7/23": 35.32944943820225, "Gi\u00e1 T8/23": 23.30684144818974, "Gi\u00e1 T9/23": 20.58338202247191, "Gi\u00e1 T10/23": 24.923650436953825, "Gi\u00e1 T11/23": 24.868144818976283, "Gi\u00e1 T12/23": 30.21501123595506, "Gi\u00e1 T1/24": 35.44622347066167, "Gi\u00e1 T2/24": 30.373752808988776, "Gi\u00e1 T3/24": 35.46431460674159, "Gi\u00e1 T4/24": 42.411721598002494, "Gi\u00e1 T5/24": 47.53533707865167, "Gi\u00e1 T6/24": 39.74242696629214, "Gi\u00e1 T7/24": 41.92340699126091, "Gi\u00e1 T8/24": 53.20068539325843, "Gi\u00e1 T9/24": 48.76550436953811, "Gi\u00e1 T10/24": 43.58908988764044}