{"Gi\u00e1 T10/22": 21398.987813773245, "Gi\u00e1 T11/22": 23665.773159254903, "Gi\u00e1 T12/22": 22076.4666216057, "Gi\u00e1 T1/23": 20804.45218143594, "Gi\u00e1 T2/23": 21383.42813890071, "Gi\u00e1 T3/23": 22303.06110231261, "Gi\u00e1 T4/23": 22399.47376858731, "Gi\u00e1 T5/23": 5863.5516469035465, "Gi\u00e1 T6/23": 21950.913387594206, "Gi\u00e1 T7/23": 23152.31550693962, "Gi\u00e1 T8/23": 23191.44283908814, "Gi\u00e1 T9/23": 22393.657924849, "Gi\u00e1 T10/23": 21083.566020444705, "Gi\u00e1 T11/23": 21945.585074732302, "Gi\u00e1 T12/23": 21639.87983341351, "Gi\u00e1 T1/24": 22535.962607042955, "Gi\u00e1 T2/24": 20605.722629705844, "Gi\u00e1 T3/24": 21532.492416484045, "Gi\u00e1 T4/24": 22039.61921998325, "Gi\u00e1 T5/24": 23662.03230184225, "Gi\u00e1 T6/24": 24115.13315716144, "Gi\u00e1 T7/24": 25115.4570404529, "Gi\u00e1 T8/24": 23514.227315944197, "Gi\u00e1 T9/24": 25930.981569654534, "Gi\u00e1 T10/24": 26669.00141657313}