{"Gi\u00e1 T10/22": 3035.8846056140046, "Gi\u00e1 T11/22": 2812.7365854418454, "Gi\u00e1 T12/22": 2302.9925415181287, "Gi\u00e1 T1/23": 2185.7931620438803, "Gi\u00e1 T2/23": 3465.7282296466974, "Gi\u00e1 T3/23": 3096.235419746109, "Gi\u00e1 T4/23": 2985.0592574558736, "Gi\u00e1 T5/23": 3093.81761672898, "Gi\u00e1 T6/23": 2659.378605338666, "Gi\u00e1 T7/23": 2289.0667132568183, "Gi\u00e1 T8/23": 2323.092512824972, "Gi\u00e1 T9/23": 2698.863306016868, "Gi\u00e1 T10/23": 2208.5386530881374, "Gi\u00e1 T11/23": 2772.841139611048, "Gi\u00e1 T12/23": 2442.727941918094, "Gi\u00e1 T1/24": 4067.1640384894067, "Gi\u00e1 T2/24": 3712.733545706171, "Gi\u00e1 T3/24": 3547.454270860505, "Gi\u00e1 T4/24": 2528.060459887546, "Gi\u00e1 T5/24": 3184.0483531866794, "Gi\u00e1 T6/24": 3266.0095489522646, "Gi\u00e1 T7/24": 3175.512894748283, "Gi\u00e1 T8/24": 3481.5878377967133, "Gi\u00e1 T9/24": 3013.2178454047475, "Gi\u00e1 T10/24": 3071.7557055183606}