{"Gi\u00e1 T10/22": 18520.078992459923, "Gi\u00e1 T11/22": 18875.38087881568, "Gi\u00e1 T12/22": 18166.671847497095, "Gi\u00e1 T1/23": 18705.2038205103, "Gi\u00e1 T2/23": 18656.17957412357, "Gi\u00e1 T3/23": 19093.29217627342, "Gi\u00e1 T4/23": 19067.25945112486, "Gi\u00e1 T5/23": 11130.30793258404, "Gi\u00e1 T6/23": 19525.077609575394, "Gi\u00e1 T7/23": 19638.47107244065, "Gi\u00e1 T8/23": 19614.90450773896, "Gi\u00e1 T9/23": 20315.053558077754, "Gi\u00e1 T10/23": 19307.343001805464, "Gi\u00e1 T11/23": 20038.067025905606, "Gi\u00e1 T12/23": 20307.31413855146, "Gi\u00e1 T1/24": 21155.576452363563, "Gi\u00e1 T2/24": 19470.188960721873, "Gi\u00e1 T3/24": 20955.98466905253, "Gi\u00e1 T4/24": 21371.056810818936, "Gi\u00e1 T5/24": 21915.506350505704, "Gi\u00e1 T6/24": 22259.015894850625, "Gi\u00e1 T7/24": 22914.276790708183, "Gi\u00e1 T8/24": 22587.11231058291, "Gi\u00e1 T9/24": 23497.364163695536, "Gi\u00e1 T10/24": 24400.869513809765}