{"Gi\u00e1 T10/22": 19165.49659628624, "Gi\u00e1 T11/22": 19604.97273977233, "Gi\u00e1 T12/22": 18912.120245828428, "Gi\u00e1 T1/23": 19412.339923840358, "Gi\u00e1 T2/23": 19363.50268116599, "Gi\u00e1 T3/23": 19815.48263152061, "Gi\u00e1 T4/23": 19723.44567135119, "Gi\u00e1 T5/23": 11443.849204902095, "Gi\u00e1 T6/23": 20243.54158027403, "Gi\u00e1 T7/23": 20360.497652566577, "Gi\u00e1 T8/23": 20317.3148116037, "Gi\u00e1 T9/23": 21180.594859913348, "Gi\u00e1 T10/23": 20143.665928961516, "Gi\u00e1 T11/23": 20748.1761879594, "Gi\u00e1 T12/23": 21087.22065941941, "Gi\u00e1 T1/24": 21959.839217492525, "Gi\u00e1 T2/24": 20186.86328935626, "Gi\u00e1 T3/24": 21697.877772926047, "Gi\u00e1 T4/24": 22306.554106824082, "Gi\u00e1 T5/24": 22743.71663812263, "Gi\u00e1 T6/24": 23075.948192560994, "Gi\u00e1 T7/24": 23745.04200304211, "Gi\u00e1 T8/24": 23405.60830074394, "Gi\u00e1 T9/24": 24348.413942236355, "Gi\u00e1 T10/24": 25281.771904549812}