{"Gi\u00e1 T10/22": 616.9242465156794, "Gi\u00e1 T11/22": 508.10780027116743, "Gi\u00e1 T12/22": 683.4983580345037, "Gi\u00e1 T1/23": 956.8995450932722, "Gi\u00e1 T2/23": 602.7072322221703, "Gi\u00e1 T3/23": 709.5878100892983, "Gi\u00e1 T4/23": 564.937011080462, "Gi\u00e1 T5/23": 535.3469867688999, "Gi\u00e1 T6/23": 494.6051694796391, "Gi\u00e1 T7/23": 423.109108420216, "Gi\u00e1 T8/23": 560.5196376642199, "Gi\u00e1 T9/23": 797.6712333442424, "Gi\u00e1 T10/23": 694.9007134508392, "Gi\u00e1 T11/23": 615.0664383561644, "Gi\u00e1 T12/23": 754.1759572677545, "Gi\u00e1 T1/24": 790.1423353125439, "Gi\u00e1 T2/24": 598.0617060171116, "Gi\u00e1 T3/24": 774.4466613679929, "Gi\u00e1 T4/24": 651.2561377343494, "Gi\u00e1 T5/24": 741.5812300715321, "Gi\u00e1 T6/24": 878.7120141194072, "Gi\u00e1 T7/24": 888.4040684463977, "Gi\u00e1 T8/24": 863.5603492449391, "Gi\u00e1 T9/24": 887.6587970452101, "Gi\u00e1 T10/24": 969.1085880592827}