{"Gi\u00e1 T10/22": 9448.916539631828, "Gi\u00e1 T11/22": 9383.631717841961, "Gi\u00e1 T12/22": 8981.656633541741, "Gi\u00e1 T1/23": 9937.004100374928, "Gi\u00e1 T2/23": 10050.213058514715, "Gi\u00e1 T3/23": 10040.222706496614, "Gi\u00e1 T4/23": 9799.229176644556, "Gi\u00e1 T5/23": 7891.8183292794965, "Gi\u00e1 T6/23": 10446.09172683449, "Gi\u00e1 T7/23": 10176.090693687547, "Gi\u00e1 T8/23": 10008.078954415749, "Gi\u00e1 T9/23": 10946.237383901325, "Gi\u00e1 T10/23": 10811.178071735098, "Gi\u00e1 T11/23": 10969.142961037502, "Gi\u00e1 T12/23": 10913.707767551135, "Gi\u00e1 T1/24": 11490.325645977806, "Gi\u00e1 T2/24": 11260.893726461716, "Gi\u00e1 T3/24": 12133.706055260613, "Gi\u00e1 T4/24": 12881.507167972622, "Gi\u00e1 T5/24": 13104.814721448343, "Gi\u00e1 T6/24": 13283.67970356922, "Gi\u00e1 T7/24": 13801.189435712171, "Gi\u00e1 T8/24": 13893.362215488982, "Gi\u00e1 T9/24": 13903.220701445807, "Gi\u00e1 T10/24": 14416.484748507626}