{"Gi\u00e1 T10/22": 11970.447536925294, "Gi\u00e1 T11/22": 12136.360231980245, "Gi\u00e1 T12/22": 11568.694387396477, "Gi\u00e1 T1/23": 12229.359229990909, "Gi\u00e1 T2/23": 12199.618608675331, "Gi\u00e1 T3/23": 12341.239917408864, "Gi\u00e1 T4/23": 12275.565615809594, "Gi\u00e1 T5/23": 8048.434184767696, "Gi\u00e1 T6/23": 12648.972979248829, "Gi\u00e1 T7/23": 12674.174939203798, "Gi\u00e1 T8/23": 12714.913516751083, "Gi\u00e1 T9/23": 13370.089269600088, "Gi\u00e1 T10/23": 12984.232566515659, "Gi\u00e1 T11/23": 13274.199060425817, "Gi\u00e1 T12/23": 13387.569254251945, "Gi\u00e1 T1/24": 14027.609584647122, "Gi\u00e1 T2/24": 13280.251478240225, "Gi\u00e1 T3/24": 14232.938528424756, "Gi\u00e1 T4/24": 14808.287003662748, "Gi\u00e1 T5/24": 15290.815683607607, "Gi\u00e1 T6/24": 15582.285495779768, "Gi\u00e1 T7/24": 16127.738529540089, "Gi\u00e1 T8/24": 15932.419947230432, "Gi\u00e1 T9/24": 16454.697725449423, "Gi\u00e1 T10/24": 17184.784311915748}