{"Gi\u00e1 T10/22": 14259.91047408535, "Gi\u00e1 T11/22": 14520.685264734122, "Gi\u00e1 T12/22": 13893.94709505748, "Gi\u00e1 T1/23": 14683.840432528952, "Gi\u00e1 T2/23": 14544.989358228639, "Gi\u00e1 T3/23": 14740.82762124243, "Gi\u00e1 T4/23": 14690.685951956159, "Gi\u00e1 T5/23": 9333.927126897277, "Gi\u00e1 T6/23": 15155.31875703284, "Gi\u00e1 T7/23": 15192.784921073235, "Gi\u00e1 T8/23": 15243.262129219036, "Gi\u00e1 T9/23": 16008.09660644663, "Gi\u00e1 T10/23": 15410.321887576818, "Gi\u00e1 T11/23": 15789.230817029505, "Gi\u00e1 T12/23": 16001.823108650331, "Gi\u00e1 T1/24": 16665.520714829137, "Gi\u00e1 T2/24": 15657.642209234595, "Gi\u00e1 T3/24": 16782.077057366227, "Gi\u00e1 T4/24": 17421.53379209028, "Gi\u00e1 T5/24": 17851.954322717953, "Gi\u00e1 T6/24": 18136.469851919486, "Gi\u00e1 T7/24": 18724.84444548647, "Gi\u00e1 T8/24": 18487.818710718177, "Gi\u00e1 T9/24": 19054.755792458465, "Gi\u00e1 T10/24": 19801.691204433795}