{"Gi\u00e1 T10/22": 3235.8806456541524, "Gi\u00e1 T11/22": 3236.811469068694, "Gi\u00e1 T12/22": 3126.0301564212473, "Gi\u00e1 T1/23": 3268.7932607090447, "Gi\u00e1 T2/23": 3511.189062633515, "Gi\u00e1 T3/23": 3584.4415798395034, "Gi\u00e1 T4/23": 3199.7610913960766, "Gi\u00e1 T5/23": 3153.4142288768044, "Gi\u00e1 T6/23": 3490.260805906693, "Gi\u00e1 T7/23": 3501.2186613229806, "Gi\u00e1 T8/23": 3511.432005484554, "Gi\u00e1 T9/23": 3674.459608267698, "Gi\u00e1 T10/23": 4216.344718666988, "Gi\u00e1 T11/23": 3886.428710096502, "Gi\u00e1 T12/23": 3746.798896982334, "Gi\u00e1 T1/24": 3740.2427491037097, "Gi\u00e1 T2/24": 3739.4797806410565, "Gi\u00e1 T3/24": 4005.640391511712, "Gi\u00e1 T4/24": 4614.984610810284, "Gi\u00e1 T5/24": 5204.625769811269, "Gi\u00e1 T6/24": 5586.3706361688, "Gi\u00e1 T7/24": 5564.842199777553, "Gi\u00e1 T8/24": 5303.444036522672, "Gi\u00e1 T9/24": 5799.334603751417, "Gi\u00e1 T10/24": 6487.201940073933}