{"Gi\u00e1 T10/22": 4445.919847796963, "Gi\u00e1 T11/22": 4644.428490105444, "Gi\u00e1 T12/22": 4058.947357013402, "Gi\u00e1 T1/23": 5087.744741145183, "Gi\u00e1 T2/23": 4946.9710318160305, "Gi\u00e1 T3/23": 4729.391932974444, "Gi\u00e1 T4/23": 4898.805427736308, "Gi\u00e1 T5/23": 5148.050002948597, "Gi\u00e1 T6/23": 5265.600504273688, "Gi\u00e1 T7/23": 4905.293932196432, "Gi\u00e1 T8/23": 5167.757523138687, "Gi\u00e1 T9/23": 5333.0498911410605, "Gi\u00e1 T10/23": 5361.29937245443, "Gi\u00e1 T11/23": 5493.6729204312405, "Gi\u00e1 T12/23": 5562.005772692316, "Gi\u00e1 T1/24": 6155.920549282759, "Gi\u00e1 T2/24": 6041.258099239556, "Gi\u00e1 T3/24": 6223.671921398378, "Gi\u00e1 T4/24": 7120.792634027807, "Gi\u00e1 T5/24": 7101.209903196662, "Gi\u00e1 T6/24": 7322.2764456099685, "Gi\u00e1 T7/24": 7893.779792052087, "Gi\u00e1 T8/24": 7831.852398423719, "Gi\u00e1 T9/24": 7812.368678858509, "Gi\u00e1 T10/24": 8285.321107318154}