{"Gi\u00e1 T10/22": 16248.255377026306, "Gi\u00e1 T11/22": 16600.083741764985, "Gi\u00e1 T12/22": 15856.552030034118, "Gi\u00e1 T1/23": 16612.993432917836, "Gi\u00e1 T2/23": 16539.62936220853, "Gi\u00e1 T3/23": 16753.159326081797, "Gi\u00e1 T4/23": 16705.40688837939, "Gi\u00e1 T5/23": 10384.881928528353, "Gi\u00e1 T6/23": 17184.804633324, "Gi\u00e1 T7/23": 17226.308414854353, "Gi\u00e1 T8/23": 17278.227338412766, "Gi\u00e1 T9/23": 18211.01025499393, "Gi\u00e1 T10/23": 17466.602712894848, "Gi\u00e1 T11/23": 17899.87878930912, "Gi\u00e1 T12/23": 18132.153209945696, "Gi\u00e1 T1/24": 18958.077530546587, "Gi\u00e1 T2/24": 17621.228752128427, "Gi\u00e1 T3/24": 18912.2433250242, "Gi\u00e1 T4/24": 19533.96126472241, "Gi\u00e1 T5/24": 19973.61612599166, "Gi\u00e1 T6/24": 20284.208303121923, "Gi\u00e1 T7/24": 21015.828844325588, "Gi\u00e1 T8/24": 20698.46528931595, "Gi\u00e1 T9/24": 21390.649961378447, "Gi\u00e1 T10/24": 22344.954745860512}