{"Gi\u00e1 T10/22": 38.00935498320268, "Gi\u00e1 T11/22": 45.17413661814113, "Gi\u00e1 T12/22": 46.04520268756999, "Gi\u00e1 T1/23": 31.783399776035836, "Gi\u00e1 T2/23": 33.999500559910416, "Gi\u00e1 T3/23": 38.70413885778276, "Gi\u00e1 T4/23": 34.40871892497202, "Gi\u00e1 T5/23": 32.6393549832027, "Gi\u00e1 T6/23": 38.04507278835386, "Gi\u00e1 T7/23": 45.07988129899218, "Gi\u00e1 T8/23": 36.43778275475922, "Gi\u00e1 T9/23": 38.98141769316909, "Gi\u00e1 T10/23": 39.379612541993296, "Gi\u00e1 T11/23": 39.6713437849944, "Gi\u00e1 T12/23": 50.60670100783876, "Gi\u00e1 T1/24": 38.11903247480404, "Gi\u00e1 T2/24": 34.61737513997761, "Gi\u00e1 T3/24": 41.43371780515118, "Gi\u00e1 T4/24": 41.04366853303471, "Gi\u00e1 T5/24": 63.14357670772675, "Gi\u00e1 T6/24": 47.37389249720046, "Gi\u00e1 T7/24": 48.93801119820828, "Gi\u00e1 T8/24": 60.4972967525196, "Gi\u00e1 T9/24": 55.55456886898099, "Gi\u00e1 T10/24": 75.11263157894737}