{"Gi\u00e1 T10/22": 5.740124246491747, "Gi\u00e1 T11/22": 5.919129936632668, "Gi\u00e1 T12/22": 5.92705132936379, "Gi\u00e1 T1/23": 6.104611903704344, "Gi\u00e1 T2/23": 6.355019900587917, "Gi\u00e1 T3/23": 6.441402423810964, "Gi\u00e1 T4/23": 6.754937508072243, "Gi\u00e1 T5/23": 6.920014772869551, "Gi\u00e1 T6/23": 7.013247936672674, "Gi\u00e1 T7/23": 6.15668210467567, "Gi\u00e1 T8/23": 6.7938186481901015, "Gi\u00e1 T9/23": 6.667459680954174, "Gi\u00e1 T10/23": 6.477248340027713, "Gi\u00e1 T11/23": 6.770020140784357, "Gi\u00e1 T12/23": 6.729871700233932, "Gi\u00e1 T1/24": 6.67878940419586, "Gi\u00e1 T2/24": 7.0781385563668, "Gi\u00e1 T3/24": 7.632525435348828, "Gi\u00e1 T4/24": 8.273591536243144, "Gi\u00e1 T5/24": 8.186759362942453, "Gi\u00e1 T6/24": 8.452377003072785, "Gi\u00e1 T7/24": 7.703199002735468, "Gi\u00e1 T8/24": 8.684068155465955, "Gi\u00e1 T9/24": 8.960267929547468, "Gi\u00e1 T10/24": 8.774647305611529}