{"Gi\u00e1 T10/22": 5.966145453511532, "Gi\u00e1 T11/22": 6.189728047263064, "Gi\u00e1 T12/22": 6.201097439590263, "Gi\u00e1 T1/23": 6.381158996107793, "Gi\u00e1 T2/23": 6.622100521244262, "Gi\u00e1 T3/23": 6.804537925702428, "Gi\u00e1 T4/23": 7.237978799481744, "Gi\u00e1 T5/23": 7.431143978029183, "Gi\u00e1 T6/23": 7.52629549272297, "Gi\u00e1 T7/23": 6.622758536057844, "Gi\u00e1 T8/23": 7.3981460345279375, "Gi\u00e1 T9/23": 7.204514222337001, "Gi\u00e1 T10/23": 6.995388438386066, "Gi\u00e1 T11/23": 7.391341146676768, "Gi\u00e1 T12/23": 7.1659766233280635, "Gi\u00e1 T1/24": 7.254276691621451, "Gi\u00e1 T2/24": 7.800024079600219, "Gi\u00e1 T3/24": 8.39539696104999, "Gi\u00e1 T4/24": 9.061767346434383, "Gi\u00e1 T5/24": 8.94597634726112, "Gi\u00e1 T6/24": 9.213508197156772, "Gi\u00e1 T7/24": 8.337917944087916, "Gi\u00e1 T8/24": 9.511464494731207, "Gi\u00e1 T9/24": 9.5266132341053, "Gi\u00e1 T10/24": 9.26690516549897}