{"Gi\u00e1 T10/22": 6.165172745609216, "Gi\u00e1 T11/22": 6.721170777337913, "Gi\u00e1 T12/22": 6.785661551210021, "Gi\u00e1 T1/23": 5.637676806631951, "Gi\u00e1 T2/23": 5.8309090680536615, "Gi\u00e1 T3/23": 6.221265052847593, "Gi\u00e1 T4/23": 5.865894554539147, "Gi\u00e1 T5/23": 5.713086292294446, "Gi\u00e1 T6/23": 6.16806880541664, "Gi\u00e1 T7/23": 6.7141552930351684, "Gi\u00e1 T8/23": 6.036371654790584, "Gi\u00e1 T9/23": 6.243510045893182, "Gi\u00e1 T10/23": 6.275317724386016, "Gi\u00e1 T11/23": 6.298519173980056, "Gi\u00e1 T12/23": 7.113838697063545, "Gi\u00e1 T1/24": 6.174061262637749, "Gi\u00e1 T2/24": 5.883653213776081, "Gi\u00e1 T3/24": 6.436902811535311, "Gi\u00e1 T4/24": 6.4065332694862915, "Gi\u00e1 T5/24": 7.946293268419354, "Gi\u00e1 T6/24": 6.88286949587165, "Gi\u00e1 T7/24": 6.99557082718832, "Gi\u00e1 T8/24": 7.778000819781366, "Gi\u00e1 T9/24": 7.453493735757815, "Gi\u00e1 T10/24": 8.666754385520994}