{"Gi\u00e1 T10/22": 65.54440457230015, "Gi\u00e1 T11/22": 60.601392578169715, "Gi\u00e1 T12/22": 63.0475906617492, "Gi\u00e1 T1/23": 60.673147831134195, "Gi\u00e1 T2/23": 56.290269059976616, "Gi\u00e1 T3/23": 57.353677531435025, "Gi\u00e1 T4/23": 56.114454057959094, "Gi\u00e1 T5/23": 57.99324864421229, "Gi\u00e1 T6/23": 56.388589169757566, "Gi\u00e1 T7/23": 57.52393686395233, "Gi\u00e1 T8/23": 55.17982986369892, "Gi\u00e1 T9/23": 54.57532105105368, "Gi\u00e1 T10/23": 56.1308080396456, "Gi\u00e1 T11/23": 60.35894244614829, "Gi\u00e1 T12/23": 64.90019311152604, "Gi\u00e1 T1/24": 60.880638897148486, "Gi\u00e1 T2/24": 62.23248166244405, "Gi\u00e1 T3/24": 66.48798157705595, "Gi\u00e1 T4/24": 72.14467368950011, "Gi\u00e1 T5/24": 73.76505320780369, "Gi\u00e1 T6/24": 76.82135950067779, "Gi\u00e1 T7/24": 80.29224324712514, "Gi\u00e1 T8/24": 82.22718230386769, "Gi\u00e1 T9/24": 83.08292421928508, "Gi\u00e1 T10/24": 87.14751685696957}