{"Gi\u00e1 T10/22": 34.6614616304748, "Gi\u00e1 T11/22": 36.844500368053005, "Gi\u00e1 T12/22": 36.70973684210526, "Gi\u00e1 T1/23": 40.7744129554656, "Gi\u00e1 T2/23": 43.582380382775135, "Gi\u00e1 T3/23": 44.64038691571586, "Gi\u00e1 T4/23": 49.34492546926759, "Gi\u00e1 T5/23": 52.68740292602134, "Gi\u00e1 T6/23": 54.01941479573056, "Gi\u00e1 T7/23": 41.10967841369157, "Gi\u00e1 T8/23": 50.14408630842842, "Gi\u00e1 T9/23": 48.12079085388296, "Gi\u00e1 T10/23": 45.5061579867501, "Gi\u00e1 T11/23": 49.42855815237394, "Gi\u00e1 T12/23": 48.29780778432094, "Gi\u00e1 T1/24": 47.423496963562755, "Gi\u00e1 T2/24": 53.47006624953992, "Gi\u00e1 T3/24": 61.481173168936316, "Gi\u00e1 T4/24": 72.29622883695252, "Gi\u00e1 T5/24": 70.87855999263894, "Gi\u00e1 T6/24": 75.60019276775857, "Gi\u00e1 T7/24": 63.216112440191395, "Gi\u00e1 T8/24": 78.4979623665808, "Gi\u00e1 T9/24": 83.86509799411117, "Gi\u00e1 T10/24": 81.91459652189917}