{"Gi\u00e1 T10/22": 2331.5441071428577, "Gi\u00e1 T11/22": 2451.2657142857147, "Gi\u00e1 T12/22": 3018.7450000000003, "Gi\u00e1 T1/23": 1982.994285714286, "Gi\u00e1 T2/23": 2002.2541071428575, "Gi\u00e1 T3/23": 2015.5628571428574, "Gi\u00e1 T4/23": 2027.3914285714288, "Gi\u00e1 T5/23": 1890.6857142857139, "Gi\u00e1 T6/23": 2267.230714285714, "Gi\u00e1 T7/23": 2634.904107142858, "Gi\u00e1 T8/23": 1885.13125, "Gi\u00e1 T9/23": 2212.70125, "Gi\u00e1 T10/23": 1962.9192857142857, "Gi\u00e1 T11/23": 1988.0450000000003, "Gi\u00e1 T12/23": 2274.930714285714, "Gi\u00e1 T1/24": 2203.222678571429, "Gi\u00e1 T2/24": 2471.259285714286, "Gi\u00e1 T3/24": 2831.3335714285718, "Gi\u00e1 T4/24": 3902.559821428571, "Gi\u00e1 T5/24": 3839.0512500000004, "Gi\u00e1 T6/24": 3840.8255357142857, "Gi\u00e1 T7/24": 4159.559821428571, "Gi\u00e1 T8/24": 3843.28, "Gi\u00e1 T9/24": 3161.673571428571, "Gi\u00e1 T10/24": 4065.677142857143}