{"Gi\u00e1 T10/22": 33.58457109401138, "Gi\u00e1 T11/22": 35.83399698895952, "Gi\u00e1 T12/22": 35.797390431582464, "Gi\u00e1 T1/23": 38.13486885245903, "Gi\u00e1 T2/23": 40.96119672131149, "Gi\u00e1 T3/23": 41.39722917363667, "Gi\u00e1 T4/23": 45.563655737704934, "Gi\u00e1 T5/23": 48.48356540649046, "Gi\u00e1 T6/23": 50.00555938440948, "Gi\u00e1 T7/23": 38.187847106055536, "Gi\u00e1 T8/23": 45.916442622950825, "Gi\u00e1 T9/23": 44.819827701572436, "Gi\u00e1 T10/23": 42.29577015724323, "Gi\u00e1 T11/23": 45.77815557042489, "Gi\u00e1 T12/23": 45.441531281365, "Gi\u00e1 T1/24": 44.39646804951489, "Gi\u00e1 T2/24": 49.547477417196376, "Gi\u00e1 T3/24": 57.52790163934425, "Gi\u00e1 T4/24": 67.9690137169622, "Gi\u00e1 T5/24": 65.4181180996989, "Gi\u00e1 T6/24": 70.09092606222818, "Gi\u00e1 T7/24": 59.07558280361325, "Gi\u00e1 T8/24": 73.34174640347943, "Gi\u00e1 T9/24": 79.70351221144197, "Gi\u00e1 T10/24": 77.23394713951157}