{"Gi\u00e1 T10/22": 3963.747006130544, "Gi\u00e1 T11/22": 3755.017998182504, "Gi\u00e1 T12/22": 4297.032794657249, "Gi\u00e1 T1/23": 2695.493049792531, "Gi\u00e1 T2/23": 2181.6491526353693, "Gi\u00e1 T3/23": 2815.8374692225916, "Gi\u00e1 T4/23": 2459.75325897603, "Gi\u00e1 T5/23": 2951.8975853022866, "Gi\u00e1 T6/23": 2519.9961203319504, "Gi\u00e1 T7/23": 2322.7110368300127, "Gi\u00e1 T8/23": 3319.4201803779015, "Gi\u00e1 T9/23": 2808.4220740029496, "Gi\u00e1 T10/23": 3207.9427077260725, "Gi\u00e1 T11/23": 2573.5715525873597, "Gi\u00e1 T12/23": 1925.7039203045165, "Gi\u00e1 T1/24": 3414.5581476972675, "Gi\u00e1 T2/24": 2625.7733136723705, "Gi\u00e1 T3/24": 3184.9219656390387, "Gi\u00e1 T4/24": 3561.4342903192614, "Gi\u00e1 T5/24": 3760.5711244470344, "Gi\u00e1 T6/24": 3764.9216720962927, "Gi\u00e1 T7/24": 3196.6177559068624, "Gi\u00e1 T8/24": 3084.866639004149, "Gi\u00e1 T9/24": 4297.77147782998, "Gi\u00e1 T10/24": 4684.112085319433}