{"Gi\u00e1 T10/22": 8.255070035276855, "Gi\u00e1 T11/22": 7.847739415587787, "Gi\u00e1 T12/22": 8.302536960077758, "Gi\u00e1 T1/23": 8.55847270699104, "Gi\u00e1 T2/23": 8.411997420185827, "Gi\u00e1 T3/23": 9.399478828963765, "Gi\u00e1 T4/23": 9.062383850936353, "Gi\u00e1 T5/23": 9.00661936036979, "Gi\u00e1 T6/23": 8.707333811802132, "Gi\u00e1 T7/23": 8.984608427004256, "Gi\u00e1 T8/23": 9.173306576698478, "Gi\u00e1 T9/23": 8.104072116572251, "Gi\u00e1 T10/23": 8.277813536651932, "Gi\u00e1 T11/23": 8.298495350540739, "Gi\u00e1 T12/23": 8.374426375585744, "Gi\u00e1 T1/24": 9.151251258809257, "Gi\u00e1 T2/24": 8.789749308131654, "Gi\u00e1 T3/24": 9.664543341994488, "Gi\u00e1 T4/24": 9.400770090862812, "Gi\u00e1 T5/24": 11.234820646404103, "Gi\u00e1 T6/24": 9.8969972992221, "Gi\u00e1 T7/24": 9.76155341886235, "Gi\u00e1 T8/24": 10.0582257370162, "Gi\u00e1 T9/24": 10.644386204203302, "Gi\u00e1 T10/24": 11.82976498562543}