{"Gi\u00e1 T10/22": 77.14660718026056, "Gi\u00e1 T11/22": 70.09473334401025, "Gi\u00e1 T12/22": 72.91182575272259, "Gi\u00e1 T1/23": 76.4879658472133, "Gi\u00e1 T2/23": 82.77771120275463, "Gi\u00e1 T3/23": 66.00952914798205, "Gi\u00e1 T4/23": 64.92229800608585, "Gi\u00e1 T5/23": 64.36965727098016, "Gi\u00e1 T6/23": 72.7986416960282, "Gi\u00e1 T7/23": 64.80948410474056, "Gi\u00e1 T8/23": 73.45187840326712, "Gi\u00e1 T9/23": 69.58691203555412, "Gi\u00e1 T10/23": 45.959550768738005, "Gi\u00e1 T11/23": 45.55215867232544, "Gi\u00e1 T12/23": 46.228337604099956, "Gi\u00e1 T1/24": 39.05503343209483, "Gi\u00e1 T2/24": 51.827620115310715, "Gi\u00e1 T3/24": 33.46627622517619, "Gi\u00e1 T4/24": 27.989365791159514, "Gi\u00e1 T5/24": 47.780312099615635, "Gi\u00e1 T6/24": 46.04761611146703, "Gi\u00e1 T7/24": 44.96576853779627, "Gi\u00e1 T8/24": 40.12514974375403, "Gi\u00e1 T9/24": 36.66573270339524, "Gi\u00e1 T10/24": 39.25632266976295}