{"Gi\u00e1 T10/22": 64.80382059800664, "Gi\u00e1 T11/22": 54.946899224806195, "Gi\u00e1 T12/22": 61.27884828349943, "Gi\u00e1 T1/23": 60.77253599114063, "Gi\u00e1 T2/23": 70.20215946843854, "Gi\u00e1 T3/23": 54.42397563676633, "Gi\u00e1 T4/23": 53.79629014396457, "Gi\u00e1 T5/23": 54.07375415282393, "Gi\u00e1 T6/23": 59.887209302325594, "Gi\u00e1 T7/23": 56.203045404208204, "Gi\u00e1 T8/23": 63.271096345514934, "Gi\u00e1 T9/23": 59.32303433001107, "Gi\u00e1 T10/23": 41.26572535991142, "Gi\u00e1 T11/23": 39.582004429678854, "Gi\u00e1 T12/23": 39.90708748615727, "Gi\u00e1 T1/24": 33.80337763012183, "Gi\u00e1 T2/24": 43.53006644518274, "Gi\u00e1 T3/24": 29.78787375415284, "Gi\u00e1 T4/24": 24.63499446290144, "Gi\u00e1 T5/24": 42.10382059800665, "Gi\u00e1 T6/24": 41.35642303433003, "Gi\u00e1 T7/24": 42.247286821705416, "Gi\u00e1 T8/24": 38.361074197120736, "Gi\u00e1 T9/24": 33.24828349944628, "Gi\u00e1 T10/24": 37.20492801771869}