{"Gi\u00e1 T10/22": 33.49126066265602, "Gi\u00e1 T11/22": 35.61136362275897, "Gi\u00e1 T12/22": 35.70606716350902, "Gi\u00e1 T1/23": 37.69957229654905, "Gi\u00e1 T2/23": 40.60988476848943, "Gi\u00e1 T3/23": 41.37368321810182, "Gi\u00e1 T4/23": 45.34344796623868, "Gi\u00e1 T5/23": 48.245075873215406, "Gi\u00e1 T6/23": 49.50527071922419, "Gi\u00e1 T7/23": 38.118091047858485, "Gi\u00e1 T8/23": 45.959287061147535, "Gi\u00e1 T9/23": 44.44590194846009, "Gi\u00e1 T10/23": 42.2630983807728, "Gi\u00e1 T11/23": 45.94186465535303, "Gi\u00e1 T12/23": 45.548254467091674, "Gi\u00e1 T1/24": 44.62746909700398, "Gi\u00e1 T2/24": 49.78402442309418, "Gi\u00e1 T3/24": 58.133338421477944, "Gi\u00e1 T4/24": 68.43110801831733, "Gi\u00e1 T5/24": 66.15002454281525, "Gi\u00e1 T6/24": 70.69374966328455, "Gi\u00e1 T7/24": 59.005089042530905, "Gi\u00e1 T8/24": 74.46319655203378, "Gi\u00e1 T9/24": 80.90846727125799, "Gi\u00e1 T10/24": 77.76170003890937}