{"Gi\u00e1 T10/22": 8.422744957082504, "Gi\u00e1 T11/22": 8.38212857696916, "Gi\u00e1 T12/22": 8.553227392785747, "Gi\u00e1 T1/23": 8.737002149351474, "Gi\u00e1 T2/23": 8.082034623024132, "Gi\u00e1 T3/23": 8.6479232011882, "Gi\u00e1 T4/23": 7.453850014278563, "Gi\u00e1 T5/23": 8.393460884684409, "Gi\u00e1 T6/23": 8.19768752310664, "Gi\u00e1 T7/23": 7.626271651839893, "Gi\u00e1 T8/23": 7.938357600102016, "Gi\u00e1 T9/23": 8.078657443265481, "Gi\u00e1 T10/23": 8.659781593684476, "Gi\u00e1 T11/23": 9.335660047919895, "Gi\u00e1 T12/23": 9.677797035990837, "Gi\u00e1 T1/24": 9.370682233019403, "Gi\u00e1 T2/24": 9.366507132845637, "Gi\u00e1 T3/24": 9.233812069531348, "Gi\u00e1 T4/24": 9.520921308319846, "Gi\u00e1 T5/24": 8.377710827891446, "Gi\u00e1 T6/24": 9.712666761818955, "Gi\u00e1 T7/24": 10.374846472819682, "Gi\u00e1 T8/24": 11.552254487771036, "Gi\u00e1 T9/24": 11.486765945870241, "Gi\u00e1 T10/24": 11.888445754038164}