{"Gi\u00e1 T10/22": 8.307200605344493, "Gi\u00e1 T11/22": 8.271147230754663, "Gi\u00e1 T12/22": 8.457165261268711, "Gi\u00e1 T1/23": 8.712083980429211, "Gi\u00e1 T2/23": 8.001431144425, "Gi\u00e1 T3/23": 8.443982685305768, "Gi\u00e1 T4/23": 7.352011836992787, "Gi\u00e1 T5/23": 8.221757510660513, "Gi\u00e1 T6/23": 8.065447195384671, "Gi\u00e1 T7/23": 7.551605205483612, "Gi\u00e1 T8/23": 7.829885793449452, "Gi\u00e1 T9/23": 7.992338238139106, "Gi\u00e1 T10/23": 8.556218350506168, "Gi\u00e1 T11/23": 9.244594170898763, "Gi\u00e1 T12/23": 9.572839173732829, "Gi\u00e1 T1/24": 9.223038745029086, "Gi\u00e1 T2/24": 9.226886437652375, "Gi\u00e1 T3/24": 9.116308154015766, "Gi\u00e1 T4/24": 9.29901889779446, "Gi\u00e1 T5/24": 8.227100542313392, "Gi\u00e1 T6/24": 9.5504770319844, "Gi\u00e1 T7/24": 10.212734541762693, "Gi\u00e1 T8/24": 11.37727536667856, "Gi\u00e1 T9/24": 11.31091975674789, "Gi\u00e1 T10/24": 11.715182759006497}