{"Gi\u00e1 T10/22": 70.32978127726587, "Gi\u00e1 T11/22": 69.62034808793173, "Gi\u00e1 T12/22": 72.99487904066737, "Gi\u00e1 T1/23": 75.92489242620927, "Gi\u00e1 T2/23": 64.87980149390309, "Gi\u00e1 T3/23": 74.12406284182077, "Gi\u00e1 T4/23": 55.00321204060353, "Gi\u00e1 T5/23": 69.51260966993681, "Gi\u00e1 T6/23": 66.694086548488, "Gi\u00e1 T7/23": 57.904644229746125, "Gi\u00e1 T8/23": 62.65402583473432, "Gi\u00e1 T9/23": 64.90538477580813, "Gi\u00e1 T10/23": 74.76991553701774, "Gi\u00e1 T11/23": 87.3035631503905, "Gi\u00e1 T12/23": 93.81444949032793, "Gi\u00e1 T1/24": 87.6792835436573, "Gi\u00e1 T2/24": 87.03114426166714, "Gi\u00e1 T3/24": 84.88416830882508, "Gi\u00e1 T4/24": 90.63813821795665, "Gi\u00e1 T5/24": 70.02298331595412, "Gi\u00e1 T6/24": 94.53263503649636, "Gi\u00e1 T7/24": 107.25514962439618, "Gi\u00e1 T8/24": 133.00119199421167, "Gi\u00e1 T9/24": 131.38237747653807, "Gi\u00e1 T10/24": 140.1890646506778}