{"area_name": "B\u1eafc T\u1eeb Li\u00eam", "num_price1": 44.565217391304344, "num_price2": 35.14492753623188, "num_price3": 11.231884057971014, "num_price4": 8.333333333333332}