{"Gi\u00e1 T10/22": 68.14618128732582, "Gi\u00e1 T11/22": 61.58701393497014, "Gi\u00e1 T12/22": 68.9321199734572, "Gi\u00e1 T1/23": 73.24745507631054, "Gi\u00e1 T2/23": 70.76170059721301, "Gi\u00e1 T3/23": 88.35020225613802, "Gi\u00e1 T4/23": 82.12680106171199, "Gi\u00e1 T5/23": 81.11919230258792, "Gi\u00e1 T6/23": 75.81766211015263, "Gi\u00e1 T7/23": 80.72318858659588, "Gi\u00e1 T8/23": 84.14955355009955, "Gi\u00e1 T9/23": 65.67598487060383, "Gi\u00e1 T10/23": 68.52219694757798, "Gi\u00e1 T11/23": 68.86502508294625, "Gi\u00e1 T12/23": 70.13101712010616, "Gi\u00e1 T1/24": 83.745399601858, "Gi\u00e1 T2/24": 77.25969289980091, "Gi\u00e1 T3/24": 93.40339800928997, "Gi\u00e1 T4/24": 88.37447830126081, "Gi\u00e1 T5/24": 126.22119495686792, "Gi\u00e1 T6/24": 97.95055554080955, "Gi\u00e1 T7/24": 95.28792514930323, "Gi\u00e1 T8/24": 101.16790497677506, "Gi\u00e1 T9/24": 113.3029576642336, "Gi\u00e1 T10/24": 139.94333961512942}