{"Gi\u00e1 T10/22": 54.77672602044055, "Gi\u00e1 T11/22": 49.41355583063543, "Gi\u00e1 T12/22": 56.157726147400496, "Gi\u00e1 T1/23": 59.136379102393185, "Gi\u00e1 T2/23": 57.253560909033204, "Gi\u00e1 T3/23": 71.75479718148924, "Gi\u00e1 T4/23": 70.98999333460291, "Gi\u00e1 T5/23": 68.15953310480543, "Gi\u00e1 T6/23": 63.634770519900975, "Gi\u00e1 T7/23": 68.38591792039611, "Gi\u00e1 T8/23": 67.83362153240654, "Gi\u00e1 T9/23": 53.51850345965846, "Gi\u00e1 T10/23": 54.70389544848601, "Gi\u00e1 T11/23": 54.32385736050276, "Gi\u00e1 T12/23": 53.7401256903447, "Gi\u00e1 T1/24": 62.57966133434901, "Gi\u00e1 T2/24": 57.96748714530564, "Gi\u00e1 T3/24": 72.49665079667366, "Gi\u00e1 T4/24": 68.82442487145308, "Gi\u00e1 T5/24": 99.16015393893224, "Gi\u00e1 T6/24": 78.2754970481813, "Gi\u00e1 T7/24": 77.50915539897161, "Gi\u00e1 T8/24": 81.97406208341269, "Gi\u00e1 T9/24": 90.35532406525743, "Gi\u00e1 T10/24": 118.79058623754207}