{"Gi\u00e1 T10/22": 75.11771898689365, "Gi\u00e1 T11/22": 72.73452292708515, "Gi\u00e1 T12/22": 70.49307363066744, "Gi\u00e1 T1/23": 71.21069652473314, "Gi\u00e1 T2/23": 75.3257229300222, "Gi\u00e1 T3/23": 72.67335154027859, "Gi\u00e1 T4/23": 64.60071688856613, "Gi\u00e1 T5/23": 65.1357335892991, "Gi\u00e1 T6/23": 67.706441087575, "Gi\u00e1 T7/23": 67.31930191887703, "Gi\u00e1 T8/23": 66.88482673141588, "Gi\u00e1 T9/23": 71.08969361883543, "Gi\u00e1 T10/23": 71.69072163980506, "Gi\u00e1 T11/23": 73.53907242242961, "Gi\u00e1 T12/23": 72.13999794276633, "Gi\u00e1 T1/24": 70.88457206558405, "Gi\u00e1 T2/24": 67.88646298849217, "Gi\u00e1 T3/24": 74.49484174228465, "Gi\u00e1 T4/24": 77.21919800549371, "Gi\u00e1 T5/24": 82.9161000953477, "Gi\u00e1 T6/24": 87.9087732977443, "Gi\u00e1 T7/24": 86.31593358497705, "Gi\u00e1 T8/24": 86.8781354942771, "Gi\u00e1 T9/24": 90.82148339431635, "Gi\u00e1 T10/24": 90.65034152523221}