{"Gi\u00e1 T10/22": 129.94141323854356, "Gi\u00e1 T11/22": 129.01074587269684, "Gi\u00e1 T12/22": 127.20088377018165, "Gi\u00e1 T1/23": 132.63373788978686, "Gi\u00e1 T2/23": 133.08887734711703, "Gi\u00e1 T3/23": 133.97635122068246, "Gi\u00e1 T4/23": 131.42303472931457, "Gi\u00e1 T5/23": 113.92154485364173, "Gi\u00e1 T6/23": 135.89174321626015, "Gi\u00e1 T7/23": 134.3218072196789, "Gi\u00e1 T8/23": 132.14003620297288, "Gi\u00e1 T9/23": 139.75794500321325, "Gi\u00e1 T10/23": 137.42790290824408, "Gi\u00e1 T11/23": 138.78821689014586, "Gi\u00e1 T12/23": 137.8518318093626, "Gi\u00e1 T1/24": 141.35960019514158, "Gi\u00e1 T2/24": 138.5860123456388, "Gi\u00e1 T3/24": 144.2943892120335, "Gi\u00e1 T4/24": 147.56451935295527, "Gi\u00e1 T5/24": 147.0616084199343, "Gi\u00e1 T6/24": 146.96284760004656, "Gi\u00e1 T7/24": 149.4966916087905, "Gi\u00e1 T8/24": 150.83323211391362, "Gi\u00e1 T9/24": 150.27833745243677, "Gi\u00e1 T10/24": 152.30193235072088}