{"Gi\u00e1 T10/22": 76.02301121518103, "Gi\u00e1 T11/22": 73.74129461136037, "Gi\u00e1 T12/22": 71.37530979116988, "Gi\u00e1 T1/23": 72.07541708222476, "Gi\u00e1 T2/23": 76.34997210319241, "Gi\u00e1 T3/23": 73.79425888167002, "Gi\u00e1 T4/23": 65.31013063463028, "Gi\u00e1 T5/23": 65.74746043426572, "Gi\u00e1 T6/23": 68.38376580387548, "Gi\u00e1 T7/23": 68.00054335909054, "Gi\u00e1 T8/23": 67.66333877107935, "Gi\u00e1 T9/23": 71.78559181247472, "Gi\u00e1 T10/23": 72.51619255882734, "Gi\u00e1 T11/23": 74.25453149353163, "Gi\u00e1 T12/23": 72.96427066616563, "Gi\u00e1 T1/24": 71.59055482604623, "Gi\u00e1 T2/24": 68.38760820929942, "Gi\u00e1 T3/24": 75.16303831205742, "Gi\u00e1 T4/24": 77.87834943482999, "Gi\u00e1 T5/24": 83.75654357759197, "Gi\u00e1 T6/24": 88.61371891429656, "Gi\u00e1 T7/24": 87.07765750863364, "Gi\u00e1 T8/24": 87.73007368548322, "Gi\u00e1 T9/24": 91.55987431387129, "Gi\u00e1 T10/24": 91.36268812488252}