{"Gi\u00e1 T10/22": 5.213497835444334, "Gi\u00e1 T11/22": 5.046925431456225, "Gi\u00e1 T12/22": 5.050403289504335, "Gi\u00e1 T1/23": 5.270146770506165, "Gi\u00e1 T2/23": 5.001618432147311, "Gi\u00e1 T3/23": 4.98031514365659, "Gi\u00e1 T4/23": 4.756030368067852, "Gi\u00e1 T5/23": 5.0114660078351365, "Gi\u00e1 T6/23": 4.693108305008066, "Gi\u00e1 T7/23": 5.230619409041949, "Gi\u00e1 T8/23": 5.007847259147381, "Gi\u00e1 T9/23": 5.133241239182697, "Gi\u00e1 T10/23": 4.869017462376205, "Gi\u00e1 T11/23": 5.14136963324871, "Gi\u00e1 T12/23": 4.969539233971506, "Gi\u00e1 T1/24": 5.6051521674690985, "Gi\u00e1 T2/24": 5.994302771367961, "Gi\u00e1 T3/24": 5.981771281501149, "Gi\u00e1 T4/24": 5.953632948747062, "Gi\u00e1 T5/24": 5.792515701284614, "Gi\u00e1 T6/24": 6.0948716556431775, "Gi\u00e1 T7/24": 6.411801416996883, "Gi\u00e1 T8/24": 6.300495086895647, "Gi\u00e1 T9/24": 6.992926316331288, "Gi\u00e1 T10/24": 7.399004362921791}