{"Gi\u00e1 T10/22": 5.098448402366692, "Gi\u00e1 T11/22": 4.896724406162747, "Gi\u00e1 T12/22": 5.054233739950389, "Gi\u00e1 T1/23": 5.232370824624518, "Gi\u00e1 T2/23": 4.937281147780527, "Gi\u00e1 T3/23": 4.927736708971362, "Gi\u00e1 T4/23": 4.576378612937405, "Gi\u00e1 T5/23": 4.73820857066981, "Gi\u00e1 T6/23": 4.578385086151433, "Gi\u00e1 T7/23": 5.36311988733178, "Gi\u00e1 T8/23": 4.972898711270953, "Gi\u00e1 T9/23": 5.099180461929034, "Gi\u00e1 T10/23": 4.8265892682062725, "Gi\u00e1 T11/23": 5.16078455092363, "Gi\u00e1 T12/23": 4.959990139062673, "Gi\u00e1 T1/24": 5.506565049624177, "Gi\u00e1 T2/24": 5.97764565714974, "Gi\u00e1 T3/24": 5.737996378628243, "Gi\u00e1 T4/24": 5.831123141717046, "Gi\u00e1 T5/24": 5.601281379740757, "Gi\u00e1 T6/24": 5.908895490435131, "Gi\u00e1 T7/24": 6.2646920717502645, "Gi\u00e1 T8/24": 6.039160901970054, "Gi\u00e1 T9/24": 6.4664300897173534, "Gi\u00e1 T10/24": 6.898916032937805}