{"Gi\u00e1 T10/22": 34.84265824947789, "Gi\u00e1 T11/22": 36.834561610024686, "Gi\u00e1 T12/22": 36.80759920258211, "Gi\u00e1 T1/23": 38.72691114486426, "Gi\u00e1 T2/23": 41.43813480159485, "Gi\u00e1 T3/23": 41.84302942851718, "Gi\u00e1 T4/23": 46.22082855515475, "Gi\u00e1 T5/23": 50.223737421682166, "Gi\u00e1 T6/23": 51.76837839377253, "Gi\u00e1 T7/23": 39.39326846402126, "Gi\u00e1 T8/23": 46.62758781089805, "Gi\u00e1 T9/23": 45.71103854186444, "Gi\u00e1 T10/23": 43.19312113157395, "Gi\u00e1 T11/23": 47.23021530282893, "Gi\u00e1 T12/23": 46.91065046516043, "Gi\u00e1 T1/24": 45.98764078222897, "Gi\u00e1 T2/24": 50.32601272071387, "Gi\u00e1 T3/24": 58.598065122460596, "Gi\u00e1 T4/24": 70.02027890639833, "Gi\u00e1 T5/24": 65.82139282323904, "Gi\u00e1 T6/24": 70.87971539775964, "Gi\u00e1 T7/24": 59.791753180178475, "Gi\u00e1 T8/24": 74.69134706664137, "Gi\u00e1 T9/24": 82.27592956142018, "Gi\u00e1 T10/24": 78.95291987848873}