{"Gi\u00e1 T10/22": 27.180559680182764, "Gi\u00e1 T11/22": 25.471456310679606, "Gi\u00e1 T12/22": 25.506573386636212, "Gi\u00e1 T1/23": 27.774446982676565, "Gi\u00e1 T2/23": 25.016186940795734, "Gi\u00e1 T3/23": 24.803538930135158, "Gi\u00e1 T4/23": 22.61982486198363, "Gi\u00e1 T5/23": 25.114791547687037, "Gi\u00e1 T6/23": 22.02526556253569, "Gi\u00e1 T7/23": 27.35937940224634, "Gi\u00e1 T8/23": 25.078534170949936, "Gi\u00e1 T9/23": 26.35016561964591, "Gi\u00e1 T10/23": 23.70733104892442, "Gi\u00e1 T11/23": 26.43368170569198, "Gi\u00e1 T12/23": 24.696320197982104, "Gi\u00e1 T1/24": 31.41773082048353, "Gi\u00e1 T2/24": 35.93166571482962, "Gi\u00e1 T3/24": 35.781587664191896, "Gi\u00e1 T4/24": 35.445745288406634, "Gi\u00e1 T5/24": 33.55323814962879, "Gi\u00e1 T6/24": 37.147460498762605, "Gi\u00e1 T7/24": 41.11119741100323, "Gi\u00e1 T8/24": 39.69623833999619, "Gi\u00e1 T9/24": 48.901018465638685, "Gi\u00e1 T10/24": 54.7452655625357}