{"Gi\u00e1 T10/22": 25.994176111595475, "Gi\u00e1 T11/22": 23.977909909909904, "Gi\u00e1 T12/22": 25.545278698052897, "Gi\u00e1 T1/23": 27.377704446381866, "Gi\u00e1 T2/23": 24.376745132229, "Gi\u00e1 T3/23": 24.28258907294391, "Gi\u00e1 T4/23": 20.943241208950887, "Gi\u00e1 T5/23": 22.45062045916885, "Gi\u00e1 T6/23": 20.961609997093863, "Gi\u00e1 T7/23": 28.763054925893638, "Gi\u00e1 T8/23": 24.729721592560303, "Gi\u00e1 T9/23": 26.0016413833188, "Gi\u00e1 T10/23": 23.29596396396396, "Gi\u00e1 T11/23": 26.633697181052014, "Gi\u00e1 T12/23": 24.601502179598953, "Gi\u00e1 T1/24": 30.322258645742515, "Gi\u00e1 T2/24": 35.73224760244115, "Gi\u00e1 T3/24": 32.92460244115083, "Gi\u00e1 T4/24": 34.00199709386807, "Gi\u00e1 T5/24": 31.374353095030518, "Gi\u00e1 T6/24": 34.91504591688462, "Gi\u00e1 T7/24": 39.24636675385062, "Gi\u00e1 T8/24": 36.47146439988375, "Gi\u00e1 T9/24": 41.814718105201976, "Gi\u00e1 T10/24": 47.59504242952631}