{"Gi\u00e1 T10/22": 14.485733601976166, "Gi\u00e1 T11/22": 14.836602706624378, "Gi\u00e1 T12/22": 19.817779959312375, "Gi\u00e1 T1/23": 17.397469634562796, "Gi\u00e1 T2/23": 18.305334824003296, "Gi\u00e1 T3/23": 15.154060003550038, "Gi\u00e1 T4/23": 15.330234852373618, "Gi\u00e1 T5/23": 13.723147593544777, "Gi\u00e1 T6/23": 18.404784721069973, "Gi\u00e1 T7/23": 18.459052082205766, "Gi\u00e1 T8/23": 17.734903226486185, "Gi\u00e1 T9/23": 17.277694931279598, "Gi\u00e1 T10/23": 22.34272214177141, "Gi\u00e1 T11/23": 17.976777472669756, "Gi\u00e1 T12/23": 19.02199322928842, "Gi\u00e1 T1/24": 18.57231320030068, "Gi\u00e1 T2/24": 16.77660095557624, "Gi\u00e1 T3/24": 18.825594781252587, "Gi\u00e1 T4/24": 28.993432351083502, "Gi\u00e1 T5/24": 26.360080357957703, "Gi\u00e1 T6/24": 30.70597426146762, "Gi\u00e1 T7/24": 30.10549167395905, "Gi\u00e1 T8/24": 27.37691264390398, "Gi\u00e1 T9/24": 26.66789462581523, "Gi\u00e1 T10/24": 22.581029495613368}