{"Gi\u00e1 T10/22": 13.817881391655023, "Gi\u00e1 T11/22": 14.152483880930584, "Gi\u00e1 T12/22": 18.902793037416046, "Gi\u00e1 T1/23": 16.656999914565834, "Gi\u00e1 T2/23": 17.485223651810863, "Gi\u00e1 T3/23": 14.46622432267128, "Gi\u00e1 T4/23": 14.61944805861225, "Gi\u00e1 T5/23": 13.098829659993996, "Gi\u00e1 T6/23": 17.8078686151764, "Gi\u00e1 T7/23": 17.796723985480718, "Gi\u00e1 T8/23": 17.065479325685068, "Gi\u00e1 T9/23": 16.54354254686704, "Gi\u00e1 T10/23": 21.971209483181532, "Gi\u00e1 T11/23": 17.143535673384747, "Gi\u00e1 T12/23": 18.186331722985305, "Gi\u00e1 T1/24": 17.760240816108148, "Gi\u00e1 T2/24": 16.000612007525984, "Gi\u00e1 T3/24": 17.951195374810432, "Gi\u00e1 T4/24": 27.88468369222403, "Gi\u00e1 T5/24": 25.34418701368453, "Gi\u00e1 T6/24": 29.681190106763683, "Gi\u00e1 T7/24": 28.947387818911427, "Gi\u00e1 T8/24": 26.65510544255727, "Gi\u00e1 T9/24": 26.138066846297917, "Gi\u00e1 T10/24": 21.787635166622515}