{"Gi\u00e1 T10/22": 47.10717746342057, "Gi\u00e1 T11/22": 42.42061927023253, "Gi\u00e1 T12/22": 42.01312974318499, "Gi\u00e1 T1/23": 41.01596411875417, "Gi\u00e1 T2/23": 43.55602604577742, "Gi\u00e1 T3/23": 48.11985095015481, "Gi\u00e1 T4/23": 45.88840143282132, "Gi\u00e1 T5/23": 51.00162518699851, "Gi\u00e1 T6/23": 45.39413878938741, "Gi\u00e1 T7/23": 42.79124187966729, "Gi\u00e1 T8/23": 46.375549754113294, "Gi\u00e1 T9/23": 43.76331855989314, "Gi\u00e1 T10/23": 47.21589460263493, "Gi\u00e1 T11/23": 56.13391779491228, "Gi\u00e1 T12/23": 54.4564118754174, "Gi\u00e1 T1/24": 52.796997146499905, "Gi\u00e1 T2/24": 43.99346123489771, "Gi\u00e1 T3/24": 45.580966547264886, "Gi\u00e1 T4/24": 61.76819531297433, "Gi\u00e1 T5/24": 53.43908930848158, "Gi\u00e1 T6/24": 67.33078137332281, "Gi\u00e1 T7/24": 73.5601314431425, "Gi\u00e1 T8/24": 80.22839080808696, "Gi\u00e1 T9/24": 80.37773571732136, "Gi\u00e1 T10/24": 80.13338230829945}