{"Gi\u00e1 T10/22": 27.537555958862686, "Gi\u00e1 T11/22": 23.334667271627342, "Gi\u00e1 T12/22": 23.558185117967334, "Gi\u00e1 T1/23": 24.894797338173017, "Gi\u00e1 T2/23": 24.67387779794313, "Gi\u00e1 T3/23": 28.29453418027828, "Gi\u00e1 T4/23": 26.759213551119174, "Gi\u00e1 T5/23": 29.54294117647059, "Gi\u00e1 T6/23": 23.625335753176046, "Gi\u00e1 T7/23": 23.676890502117352, "Gi\u00e1 T8/23": 25.65053841500303, "Gi\u00e1 T9/23": 23.105807622504535, "Gi\u00e1 T10/23": 30.479286146400476, "Gi\u00e1 T11/23": 30.141209921355117, "Gi\u00e1 T12/23": 30.109670296430732, "Gi\u00e1 T1/24": 32.00144283121596, "Gi\u00e1 T2/24": 22.379785238959474, "Gi\u00e1 T3/24": 26.00080157289776, "Gi\u00e1 T4/24": 27.72559286146401, "Gi\u00e1 T5/24": 27.547428917120392, "Gi\u00e1 T6/24": 25.092102238354506, "Gi\u00e1 T7/24": 23.59793405928615, "Gi\u00e1 T8/24": 31.340423472474296, "Gi\u00e1 T9/24": 38.40094373865699, "Gi\u00e1 T10/24": 44.442967332123416}