{"Gi\u00e1 T10/22": 70.8089653818244, "Gi\u00e1 T11/22": 70.13877086267982, "Gi\u00e1 T12/22": 72.7872984163572, "Gi\u00e1 T1/23": 74.96731472232894, "Gi\u00e1 T2/23": 64.77987480257822, "Gi\u00e1 T3/23": 74.87312024587015, "Gi\u00e1 T4/23": 54.93934511461135, "Gi\u00e1 T5/23": 70.2398212319119, "Gi\u00e1 T6/23": 67.10337759849746, "Gi\u00e1 T7/23": 57.65540094762454, "Gi\u00e1 T8/23": 62.564065394630134, "Gi\u00e1 T9/23": 64.76354321936228, "Gi\u00e1 T10/23": 74.62449553933496, "Gi\u00e1 T11/23": 86.89922375891067, "Gi\u00e1 T12/23": 93.14240163059716, "Gi\u00e1 T1/24": 87.04949395996073, "Gi\u00e1 T2/24": 86.65521675844111, "Gi\u00e1 T3/24": 84.77754911000127, "Gi\u00e1 T4/24": 90.40504260041834, "Gi\u00e1 T5/24": 70.0523592436078, "Gi\u00e1 T6/24": 94.39021479489479, "Gi\u00e1 T7/24": 107.57409868954626, "Gi\u00e1 T8/24": 132.95932876595384, "Gi\u00e1 T9/24": 131.59818406112606, "Gi\u00e1 T10/24": 141.04251718103043}