{"Gi\u00e1 T10/22": 97.15221154611814, "Gi\u00e1 T11/22": 102.4483278035833, "Gi\u00e1 T12/22": 118.77031240875914, "Gi\u00e1 T1/23": 91.43228453881886, "Gi\u00e1 T2/23": 94.61985056403452, "Gi\u00e1 T3/23": 96.34508108825482, "Gi\u00e1 T4/23": 100.05862322495025, "Gi\u00e1 T5/23": 100.63665242203051, "Gi\u00e1 T6/23": 112.15896483078963, "Gi\u00e1 T7/23": 111.72643609820837, "Gi\u00e1 T8/23": 97.00253669542137, "Gi\u00e1 T9/23": 105.32862720637027, "Gi\u00e1 T10/23": 95.83834824153949, "Gi\u00e1 T11/23": 100.23245335102854, "Gi\u00e1 T12/23": 107.97126556071665, "Gi\u00e1 T1/24": 106.1441587259456, "Gi\u00e1 T2/24": 118.67309887193099, "Gi\u00e1 T3/24": 135.42767299270074, "Gi\u00e1 T4/24": 176.45024605175846, "Gi\u00e1 T5/24": 172.0853555408096, "Gi\u00e1 T6/24": 176.750698606503, "Gi\u00e1 T7/24": 175.66854014598542, "Gi\u00e1 T8/24": 181.63745189117455, "Gi\u00e1 T9/24": 167.41556735235568, "Gi\u00e1 T10/24": 188.27812209688125}