{"Gi\u00e1 T10/22": 64.41413122047717, "Gi\u00e1 T11/22": 62.91779835648296, "Gi\u00e1 T12/22": 67.32821738447608, "Gi\u00e1 T1/23": 53.248531609028056, "Gi\u00e1 T2/23": 47.915360874286606, "Gi\u00e1 T3/23": 54.44576333723726, "Gi\u00e1 T4/23": 50.81637834877622, "Gi\u00e1 T5/23": 55.61546962134335, "Gi\u00e1 T6/23": 51.483824446247446, "Gi\u00e1 T7/23": 49.30672568028075, "Gi\u00e1 T8/23": 59.03391934310929, "Gi\u00e1 T9/23": 54.3385287221372, "Gi\u00e1 T10/23": 58.063195821615295, "Gi\u00e1 T11/23": 51.99032690324517, "Gi\u00e1 T12/23": 44.931142436725274, "Gi\u00e1 T1/24": 59.91980971191068, "Gi\u00e1 T2/24": 52.51511654379006, "Gi\u00e1 T3/24": 57.801849350631, "Gi\u00e1 T4/24": 61.21241065705632, "Gi\u00e1 T5/24": 62.87163495131509, "Gi\u00e1 T6/24": 62.90343599847508, "Gi\u00e1 T7/24": 57.958173154279166, "Gi\u00e1 T8/24": 56.94670517995279, "Gi\u00e1 T9/24": 67.24808646009951, "Gi\u00e1 T10/24": 70.0949899516008}