{"Gi\u00e1 T10/22": 85.12266851243487, "Gi\u00e1 T11/22": 83.90589800418059, "Gi\u00e1 T12/22": 89.10887259846973, "Gi\u00e1 T1/23": 69.39728542305986, "Gi\u00e1 T2/23": 63.527693022903996, "Gi\u00e1 T3/23": 71.91665986185868, "Gi\u00e1 T4/23": 66.02879908133457, "Gi\u00e1 T5/23": 70.69252465442726, "Gi\u00e1 T6/23": 66.98348429327358, "Gi\u00e1 T7/23": 61.881458828785796, "Gi\u00e1 T8/23": 76.70460176594901, "Gi\u00e1 T9/23": 71.51664317765872, "Gi\u00e1 T10/23": 76.10475382406705, "Gi\u00e1 T11/23": 69.1452297582366, "Gi\u00e1 T12/23": 56.160160725028774, "Gi\u00e1 T1/24": 79.30276541357746, "Gi\u00e1 T2/24": 69.58684626902894, "Gi\u00e1 T3/24": 74.77236704324199, "Gi\u00e1 T4/24": 81.60848880280696, "Gi\u00e1 T5/24": 83.5571328551931, "Gi\u00e1 T6/24": 84.0166928149914, "Gi\u00e1 T7/24": 76.43894112223138, "Gi\u00e1 T8/24": 75.57700730323452, "Gi\u00e1 T9/24": 89.48875050969879, "Gi\u00e1 T10/24": 91.33353221266863}