{"Gi\u00e1 T10/22": 7.5831022065926454, "Gi\u00e1 T11/22": 7.289494954705564, "Gi\u00e1 T12/22": 7.640216414653782, "Gi\u00e1 T1/23": 7.916953230844789, "Gi\u00e1 T2/23": 7.767654284353321, "Gi\u00e1 T3/23": 8.798878684607635, "Gi\u00e1 T4/23": 8.668684585159086, "Gi\u00e1 T5/23": 8.485345705196382, "Gi\u00e1 T6/23": 8.31850557576333, "Gi\u00e1 T7/23": 8.518422571652787, "Gi\u00e1 T8/23": 8.517099911141031, "Gi\u00e1 T9/23": 7.53089695611256, "Gi\u00e1 T10/23": 7.600180596409484, "Gi\u00e1 T11/23": 7.507159561236937, "Gi\u00e1 T12/23": 7.539214939551857, "Gi\u00e1 T1/24": 7.851509872815111, "Gi\u00e1 T2/24": 7.587527728503686, "Gi\u00e1 T3/24": 8.813959476458981, "Gi\u00e1 T4/24": 8.590592820871306, "Gi\u00e1 T5/24": 10.435304088936336, "Gi\u00e1 T6/24": 9.220391745993215, "Gi\u00e1 T7/24": 9.280158044631207, "Gi\u00e1 T8/24": 9.314106910220325, "Gi\u00e1 T9/24": 9.693250272242853, "Gi\u00e1 T10/24": 11.113770699436976}