{"Gi\u00e1 T10/22": 7.920476856483152, "Gi\u00e1 T11/22": 8.261534808586338, "Gi\u00e1 T12/22": 7.709455347453926, "Gi\u00e1 T1/23": 7.366490035192912, "Gi\u00e1 T2/23": 7.4623822686061185, "Gi\u00e1 T3/23": 7.647729690800983, "Gi\u00e1 T4/23": 7.7437500063212905, "Gi\u00e1 T5/23": 7.4005097026927205, "Gi\u00e1 T6/23": 7.518630161056393, "Gi\u00e1 T7/23": 7.483255744751303, "Gi\u00e1 T8/23": 6.828549275873505, "Gi\u00e1 T9/23": 6.9763833618881685, "Gi\u00e1 T10/23": 6.963151311760803, "Gi\u00e1 T11/23": 7.5799043446924, "Gi\u00e1 T12/23": 7.730536234711694, "Gi\u00e1 T1/24": 8.340887303069518, "Gi\u00e1 T2/24": 8.634152911040436, "Gi\u00e1 T3/24": 9.875739241388958, "Gi\u00e1 T4/24": 8.93057812036319, "Gi\u00e1 T5/24": 8.007900234481792, "Gi\u00e1 T6/24": 8.354805919642132, "Gi\u00e1 T7/24": 9.1946416372305, "Gi\u00e1 T8/24": 9.398273450993495, "Gi\u00e1 T9/24": 8.571544694284416, "Gi\u00e1 T10/24": 9.129420342468281}