{"Gi\u00e1 T10/22": 7.881625798350568, "Gi\u00e1 T11/22": 8.225953215664815, "Gi\u00e1 T12/22": 7.654244067982953, "Gi\u00e1 T1/23": 7.296599232543908, "Gi\u00e1 T2/23": 7.438709807728999, "Gi\u00e1 T3/23": 7.608378975224001, "Gi\u00e1 T4/23": 7.675770466360509, "Gi\u00e1 T5/23": 7.391692439294068, "Gi\u00e1 T6/23": 7.460051686896759, "Gi\u00e1 T7/23": 7.452047786764133, "Gi\u00e1 T8/23": 6.8106136036085365, "Gi\u00e1 T9/23": 6.8995299487366175, "Gi\u00e1 T10/23": 6.844717302778468, "Gi\u00e1 T11/23": 7.4516585009254435, "Gi\u00e1 T12/23": 7.613028188454196, "Gi\u00e1 T1/24": 8.232443618265961, "Gi\u00e1 T2/24": 8.565325656599613, "Gi\u00e1 T3/24": 9.810433497323418, "Gi\u00e1 T4/24": 8.883027241485468, "Gi\u00e1 T5/24": 7.969875715399765, "Gi\u00e1 T6/24": 8.307215359374466, "Gi\u00e1 T7/24": 9.186139578754528, "Gi\u00e1 T8/24": 9.395159382353226, "Gi\u00e1 T9/24": 8.570239728794583, "Gi\u00e1 T10/24": 8.967011614651634}