{"Gi\u00e1 T10/22": 7.918478874904428, "Gi\u00e1 T11/22": 8.252098066984086, "Gi\u00e1 T12/22": 7.732937287235624, "Gi\u00e1 T1/23": 7.405576554365236, "Gi\u00e1 T2/23": 7.442947291729559, "Gi\u00e1 T3/23": 7.648268522744961, "Gi\u00e1 T4/23": 7.782685875081906, "Gi\u00e1 T5/23": 7.363622374411554, "Gi\u00e1 T6/23": 7.540989604589322, "Gi\u00e1 T7/23": 7.471244018199859, "Gi\u00e1 T8/23": 6.8035812590662825, "Gi\u00e1 T9/23": 7.019040039558335, "Gi\u00e1 T10/23": 7.070795842488584, "Gi\u00e1 T11/23": 7.679033132989456, "Gi\u00e1 T12/23": 7.806480615561637, "Gi\u00e1 T1/24": 8.372300347300802, "Gi\u00e1 T2/24": 8.61829862705344, "Gi\u00e1 T3/24": 9.872136968209482, "Gi\u00e1 T4/24": 8.933641084123707, "Gi\u00e1 T5/24": 8.002884095509183, "Gi\u00e1 T6/24": 8.349865652227969, "Gi\u00e1 T7/24": 9.14605141086887, "Gi\u00e1 T8/24": 9.342716589748044, "Gi\u00e1 T9/24": 8.512675315412956, "Gi\u00e1 T10/24": 9.18403017505987}