{"Gi\u00e1 T10/22": 5.212997099282186, "Gi\u00e1 T11/22": 5.018644224397218, "Gi\u00e1 T12/22": 5.200514951803061, "Gi\u00e1 T1/23": 5.361163999204384, "Gi\u00e1 T2/23": 5.047357406224957, "Gi\u00e1 T3/23": 5.042634692721263, "Gi\u00e1 T4/23": 4.726809298513307, "Gi\u00e1 T5/23": 4.88016023016, "Gi\u00e1 T6/23": 4.718832096604814, "Gi\u00e1 T7/23": 5.522274131461747, "Gi\u00e1 T8/23": 5.11533623802907, "Gi\u00e1 T9/23": 5.238541589149269, "Gi\u00e1 T10/23": 4.9446572684919, "Gi\u00e1 T11/23": 5.313477601127822, "Gi\u00e1 T12/23": 5.081299464418944, "Gi\u00e1 T1/24": 5.605013613380221, "Gi\u00e1 T2/24": 6.073217958737651, "Gi\u00e1 T3/24": 5.812848925526824, "Gi\u00e1 T4/24": 5.990189319409537, "Gi\u00e1 T5/24": 5.772937216012174, "Gi\u00e1 T6/24": 6.081383579124122, "Gi\u00e1 T7/24": 6.432114674897188, "Gi\u00e1 T8/24": 6.2594381761118365, "Gi\u00e1 T9/24": 6.619623608078559, "Gi\u00e1 T10/24": 7.054185619122505}