{"Gi\u00e1 T10/22": 5.162674899818129, "Gi\u00e1 T11/22": 4.974501420601027, "Gi\u00e1 T12/22": 5.104786495434305, "Gi\u00e1 T1/23": 5.269953108902304, "Gi\u00e1 T2/23": 5.0771861108770855, "Gi\u00e1 T3/23": 5.050443018022255, "Gi\u00e1 T4/23": 4.742577692715264, "Gi\u00e1 T5/23": 4.880619240189143, "Gi\u00e1 T6/23": 4.724656429071724, "Gi\u00e1 T7/23": 5.498841645633433, "Gi\u00e1 T8/23": 5.035823432386721, "Gi\u00e1 T9/23": 5.1952475928343365, "Gi\u00e1 T10/23": 4.94711968226815, "Gi\u00e1 T11/23": 5.2188373199581175, "Gi\u00e1 T12/23": 4.946279614592853, "Gi\u00e1 T1/24": 5.45270809133088, "Gi\u00e1 T2/24": 5.912226463166327, "Gi\u00e1 T3/24": 5.773377927527691, "Gi\u00e1 T4/24": 5.980217335292673, "Gi\u00e1 T5/24": 5.7941759453648585, "Gi\u00e1 T6/24": 6.071587875302621, "Gi\u00e1 T7/24": 6.42794813506341, "Gi\u00e1 T8/24": 6.411179056536883, "Gi\u00e1 T9/24": 6.759739970951978, "Gi\u00e1 T10/24": 7.1263700189617225}