{"Gi\u00e1 T10/22": 8.050082024303022, "Gi\u00e1 T11/22": 7.412617569037687, "Gi\u00e1 T12/22": 7.828080753511644, "Gi\u00e1 T1/23": 7.7956741845167326, "Gi\u00e1 T2/23": 8.378672894226062, "Gi\u00e1 T3/23": 7.377260713623067, "Gi\u00e1 T4/23": 7.334595431512536, "Gi\u00e1 T5/23": 7.353485850453779, "Gi\u00e1 T6/23": 7.738682659363, "Gi\u00e1 T7/23": 7.4968690400865485, "Gi\u00e1 T8/23": 7.954313065596232, "Gi\u00e1 T9/23": 7.702144787655648, "Gi\u00e1 T10/23": 6.423840390289241, "Gi\u00e1 T11/23": 6.291423084619159, "Gi\u00e1 T12/23": 6.317205670718445, "Gi\u00e1 T1/24": 5.814067219264139, "Gi\u00e1 T2/24": 6.59773191674099, "Gi\u00e1 T3/24": 5.457826834386819, "Gi\u00e1 T4/24": 4.963365235694573, "Gi\u00e1 T5/24": 6.488745687573728, "Gi\u00e1 T6/24": 6.430895974460326, "Gi\u00e1 T7/24": 6.499791290626601, "Gi\u00e1 T8/24": 6.193631745359158, "Gi\u00e1 T9/24": 5.766132455940141, "Gi\u00e1 T10/24": 6.099584249579531}