{"Gi\u00e1 T10/22": 53.67954022988507, "Gi\u00e1 T11/22": 49.53057471264368, "Gi\u00e1 T12/22": 45.568, "Gi\u00e1 T1/23": 50.38119540229884, "Gi\u00e1 T2/23": 53.41182758620689, "Gi\u00e1 T3/23": 57.18079310344827, "Gi\u00e1 T4/23": 55.63912643678161, "Gi\u00e1 T5/23": 55.55167816091954, "Gi\u00e1 T6/23": 52.796505747126446, "Gi\u00e1 T7/23": 50.4941264367816, "Gi\u00e1 T8/23": 54.048229885057474, "Gi\u00e1 T9/23": 48.39264367816092, "Gi\u00e1 T10/23": 54.46110344827586, "Gi\u00e1 T11/23": 68.435, "Gi\u00e1 T12/23": 64.45889655172414, "Gi\u00e1 T1/24": 59.35006896551724, "Gi\u00e1 T2/24": 50.90391954022989, "Gi\u00e1 T3/24": 51.212367816091955, "Gi\u00e1 T4/24": 77.90667816091955, "Gi\u00e1 T5/24": 63.602999999999994, "Gi\u00e1 T6/24": 88.27154022988506, "Gi\u00e1 T7/24": 99.32602298850576, "Gi\u00e1 T8/24": 102.41154022988508, "Gi\u00e1 T9/24": 105.12712643678164, "Gi\u00e1 T10/24": 106.02022988505747}