{"Gi\u00e1 T10/22": 1729.8261956138479, "Gi\u00e1 T11/22": 1582.3852007284333, "Gi\u00e1 T12/22": 1547.080733340526, "Gi\u00e1 T1/23": 1414.6137859045523, "Gi\u00e1 T2/23": 1519.360993824313, "Gi\u00e1 T3/23": 1497.3233108230777, "Gi\u00e1 T4/23": 1396.5620119012187, "Gi\u00e1 T5/23": 1674.5941894229804, "Gi\u00e1 T6/23": 1574.9460573483236, "Gi\u00e1 T7/23": 1428.530202696469, "Gi\u00e1 T8/23": 1521.562292113722, "Gi\u00e1 T9/23": 1385.6994233693954, "Gi\u00e1 T10/23": 1326.1971367282251, "Gi\u00e1 T11/23": 1634.148759799253, "Gi\u00e1 T12/23": 1673.5048367944464, "Gi\u00e1 T1/24": 1726.174529323353, "Gi\u00e1 T2/24": 1758.600335585351, "Gi\u00e1 T3/24": 1781.7404569115613, "Gi\u00e1 T4/24": 1975.4189294446346, "Gi\u00e1 T5/24": 2194.888101965803, "Gi\u00e1 T6/24": 2291.8399974664803, "Gi\u00e1 T7/24": 2401.9946755718092, "Gi\u00e1 T8/24": 2774.449077977351, "Gi\u00e1 T9/24": 2667.923870280808, "Gi\u00e1 T10/24": 2782.0442464173575}