{"Gi\u00e1 T10/22": 33.952846261313745, "Gi\u00e1 T11/22": 36.82791670578742, "Gi\u00e1 T12/22": 35.10712466051404, "Gi\u00e1 T1/23": 38.42341890905757, "Gi\u00e1 T2/23": 35.78787317361595, "Gi\u00e1 T3/23": 39.12569803571889, "Gi\u00e1 T4/23": 36.21216195820399, "Gi\u00e1 T5/23": 37.86716866938757, "Gi\u00e1 T6/23": 38.248146387151536, "Gi\u00e1 T7/23": 36.14103480142899, "Gi\u00e1 T8/23": 38.884027212264, "Gi\u00e1 T9/23": 37.72787461256285, "Gi\u00e1 T10/23": 35.834854793468885, "Gi\u00e1 T11/23": 35.761626834285636, "Gi\u00e1 T12/23": 36.48893070945487, "Gi\u00e1 T1/24": 39.39100295386381, "Gi\u00e1 T2/24": 38.545007149362185, "Gi\u00e1 T3/24": 47.120257461762385, "Gi\u00e1 T4/24": 44.99005011795384, "Gi\u00e1 T5/24": 49.63548839798182, "Gi\u00e1 T6/24": 50.128674617415314, "Gi\u00e1 T7/24": 48.60535161535076, "Gi\u00e1 T8/24": 47.84760423695775, "Gi\u00e1 T9/24": 50.67827786529571, "Gi\u00e1 T10/24": 53.60557524721998}