{"Gi\u00e1 T10/22": 26.69797714541999, "Gi\u00e1 T11/22": 30.407163922004568, "Gi\u00e1 T12/22": 26.419332929453503, "Gi\u00e1 T1/23": 28.086433044960824, "Gi\u00e1 T2/23": 29.512305746521914, "Gi\u00e1 T3/23": 31.566993537692735, "Gi\u00e1 T4/23": 27.651577902461813, "Gi\u00e1 T5/23": 30.089430371646557, "Gi\u00e1 T6/23": 27.980099195179864, "Gi\u00e1 T7/23": 28.425171189332477, "Gi\u00e1 T8/23": 33.31800730016201, "Gi\u00e1 T9/23": 31.87450101819948, "Gi\u00e1 T10/23": 29.803493075356368, "Gi\u00e1 T11/23": 30.014044847995805, "Gi\u00e1 T12/23": 29.894931170565876, "Gi\u00e1 T1/24": 32.314833012984714, "Gi\u00e1 T2/24": 32.71086463204618, "Gi\u00e1 T3/24": 42.61780855069354, "Gi\u00e1 T4/24": 42.963563395698934, "Gi\u00e1 T5/24": 39.400201806169264, "Gi\u00e1 T6/24": 39.06938452997977, "Gi\u00e1 T7/24": 35.52703164434708, "Gi\u00e1 T8/24": 31.1059665879116, "Gi\u00e1 T9/24": 32.67283518334467, "Gi\u00e1 T10/24": 37.83706228838096}