{"Gi\u00e1 T10/22": 27.19506556815767, "Gi\u00e1 T11/22": 35.503374908757095, "Gi\u00e1 T12/22": 30.782521085720287, "Gi\u00e1 T1/23": 32.460924636573175, "Gi\u00e1 T2/23": 36.10664181195177, "Gi\u00e1 T3/23": 35.426441476185374, "Gi\u00e1 T4/23": 30.552546425161342, "Gi\u00e1 T5/23": 34.766241083495515, "Gi\u00e1 T6/23": 32.703207726375865, "Gi\u00e1 T7/23": 33.22323645604814, "Gi\u00e1 T8/23": 38.92866356327722, "Gi\u00e1 T9/23": 37.863477658454805, "Gi\u00e1 T10/23": 37.34133884681081, "Gi\u00e1 T11/23": 37.15712110181405, "Gi\u00e1 T12/23": 34.80926943168005, "Gi\u00e1 T1/24": 37.35615113405432, "Gi\u00e1 T2/24": 37.43659356059848, "Gi\u00e1 T3/24": 47.10474271921898, "Gi\u00e1 T4/24": 47.43404453789097, "Gi\u00e1 T5/24": 44.42311560466456, "Gi\u00e1 T6/24": 43.67257284604615, "Gi\u00e1 T7/24": 41.66187031112942, "Gi\u00e1 T8/24": 37.68052562061091, "Gi\u00e1 T9/24": 37.25805719744867, "Gi\u00e1 T10/24": 43.80415853787977}