{"Gi\u00e1 T10/22": 33.69112531975154, "Gi\u00e1 T11/22": 36.54012648728487, "Gi\u00e1 T12/22": 34.83978755217227, "Gi\u00e1 T1/23": 38.101849559227766, "Gi\u00e1 T2/23": 35.5026546744746, "Gi\u00e1 T3/23": 38.80363409105131, "Gi\u00e1 T4/23": 35.9320456014753, "Gi\u00e1 T5/23": 37.547831790919304, "Gi\u00e1 T6/23": 37.928256298760346, "Gi\u00e1 T7/23": 35.8348269848562, "Gi\u00e1 T8/23": 38.53589258007776, "Gi\u00e1 T9/23": 37.45004580562895, "Gi\u00e1 T10/23": 35.59908797998785, "Gi\u00e1 T11/23": 35.5086103120528, "Gi\u00e1 T12/23": 36.20618730698438, "Gi\u00e1 T1/24": 39.05180373333746, "Gi\u00e1 T2/24": 38.27420230704572, "Gi\u00e1 T3/24": 46.76148468780123, "Gi\u00e1 T4/24": 44.66064933354081, "Gi\u00e1 T5/24": 49.26161612208728, "Gi\u00e1 T6/24": 49.72029252664341, "Gi\u00e1 T7/24": 48.24352087802217, "Gi\u00e1 T8/24": 47.45664128668401, "Gi\u00e1 T9/24": 50.318691181576185, "Gi\u00e1 T10/24": 53.175618372990556}