{"Gi\u00e1 T10/22": 72.68298386178091, "Gi\u00e1 T11/22": 70.7648849439909, "Gi\u00e1 T12/22": 74.10715473704197, "Gi\u00e1 T1/23": 80.05575393962407, "Gi\u00e1 T2/23": 67.10258895006645, "Gi\u00e1 T3/23": 79.12784051642302, "Gi\u00e1 T4/23": 59.36112416935638, "Gi\u00e1 T5/23": 72.39548908296943, "Gi\u00e1 T6/23": 69.27220903740269, "Gi\u00e1 T7/23": 59.134734953483964, "Gi\u00e1 T8/23": 68.59952610594267, "Gi\u00e1 T9/23": 68.07497038162141, "Gi\u00e1 T10/23": 77.11307176760965, "Gi\u00e1 T11/23": 86.64051186633758, "Gi\u00e1 T12/23": 91.75328745016137, "Gi\u00e1 T1/24": 85.40485684450351, "Gi\u00e1 T2/24": 90.33617163470667, "Gi\u00e1 T3/24": 87.8950827795709, "Gi\u00e1 T4/24": 91.84070932219481, "Gi\u00e1 T5/24": 74.19017296373647, "Gi\u00e1 T6/24": 94.97979893677616, "Gi\u00e1 T7/24": 113.3538515283843, "Gi\u00e1 T8/24": 137.12058781089806, "Gi\u00e1 T9/24": 139.0765302828935, "Gi\u00e1 T10/24": 155.51974634516804}