{"Gi\u00e1 T10/22": 6.526150619346569, "Gi\u00e1 T11/22": 6.150862080767635, "Gi\u00e1 T12/22": 6.16440468689707, "Gi\u00e1 T1/23": 6.159342323102026, "Gi\u00e1 T2/23": 6.3035387431973575, "Gi\u00e1 T3/23": 6.596066850486943, "Gi\u00e1 T4/23": 6.464783136048392, "Gi\u00e1 T5/23": 6.711201975938186, "Gi\u00e1 T6/23": 6.285005703566229, "Gi\u00e1 T7/23": 6.104878600119609, "Gi\u00e1 T8/23": 6.387451133901353, "Gi\u00e1 T9/23": 6.238082153725915, "Gi\u00e1 T10/23": 6.590504362020683, "Gi\u00e1 T11/23": 7.0588405207681575, "Gi\u00e1 T12/23": 6.871302589034556, "Gi\u00e1 T1/24": 6.821536155250475, "Gi\u00e1 T2/24": 6.199089342254259, "Gi\u00e1 T3/24": 6.335219356398661, "Gi\u00e1 T4/24": 7.1207697437311825, "Gi\u00e1 T5/24": 6.847420402292849, "Gi\u00e1 T6/24": 7.408978443178919, "Gi\u00e1 T7/24": 7.647252528345624, "Gi\u00e1 T8/24": 8.094530459369725, "Gi\u00e1 T9/24": 8.078920843829252, "Gi\u00e1 T10/24": 8.353444781442958}