{"Gi\u00e1 T10/22": 60.7294174106539, "Gi\u00e1 T11/22": 70.07495604879566, "Gi\u00e1 T12/22": 58.577268394395276, "Gi\u00e1 T1/23": 63.590877606737024, "Gi\u00e1 T2/23": 63.23777308493345, "Gi\u00e1 T3/23": 63.297308053136184, "Gi\u00e1 T4/23": 55.884260648551965, "Gi\u00e1 T5/23": 56.850191931409924, "Gi\u00e1 T6/23": 54.00400361470538, "Gi\u00e1 T7/23": 59.31315042074755, "Gi\u00e1 T8/23": 69.09330854145712, "Gi\u00e1 T9/23": 65.8008790691622, "Gi\u00e1 T10/23": 64.79777874375615, "Gi\u00e1 T11/23": 56.66746670296101, "Gi\u00e1 T12/23": 61.26330282254845, "Gi\u00e1 T1/24": 60.185221831577735, "Gi\u00e1 T2/24": 62.53066213998444, "Gi\u00e1 T3/24": 65.90029172316206, "Gi\u00e1 T4/24": 68.03423275891684, "Gi\u00e1 T5/24": 72.74657154817855, "Gi\u00e1 T6/24": 72.25319143134274, "Gi\u00e1 T7/24": 79.26575755555241, "Gi\u00e1 T8/24": 78.12842100887784, "Gi\u00e1 T9/24": 81.79240122649365, "Gi\u00e1 T10/24": 79.67830977203484}