{"Gi\u00e1 T10/22": 66.70181865554976, "Gi\u00e1 T11/22": 60.59176654507556, "Gi\u00e1 T12/22": 67.83160055150252, "Gi\u00e1 T1/23": 72.80290418186554, "Gi\u00e1 T2/23": 70.2703022407504, "Gi\u00e1 T3/23": 87.22269758554803, "Gi\u00e1 T4/23": 81.95480805975333, "Gi\u00e1 T5/23": 80.86824387701928, "Gi\u00e1 T6/23": 75.35823128365469, "Gi\u00e1 T7/23": 80.8845852874761, "Gi\u00e1 T8/23": 83.37457084853224, "Gi\u00e1 T9/23": 64.65819252648947, "Gi\u00e1 T10/23": 67.093642087893, "Gi\u00e1 T11/23": 66.94327080076428, "Gi\u00e1 T12/23": 68.08066343147473, "Gi\u00e1 T1/24": 81.08633489664756, "Gi\u00e1 T2/24": 75.00159186642347, "Gi\u00e1 T3/24": 90.02679129755082, "Gi\u00e1 T4/24": 85.00137745353484, "Gi\u00e1 T5/24": 122.37774263939549, "Gi\u00e1 T6/24": 94.72554412020148, "Gi\u00e1 T7/24": 92.31343755428173, "Gi\u00e1 T8/24": 98.11964868855308, "Gi\u00e1 T9/24": 109.91466692721906, "Gi\u00e1 T10/24": 135.61811664061145}