{"Gi\u00e1 T10/22": 4.224999999999997, "Gi\u00e1 T11/22": 0.011111111111111427, "Gi\u00e1 T12/22": 1.1111111111111112, "Gi\u00e1 T1/23": 1.4694444444444499, "Gi\u00e1 T2/23": 0.04444444444444413, "Gi\u00e1 T3/23": 0.2777777777777778, "Gi\u00e1 T4/23": 0.33611111111111197, "Gi\u00e1 T5/23": 2.336111111111109, "Gi\u00e1 T6/23": 0.06944444444444445, "Gi\u00e1 T7/23": 0.10000000000000048, "Gi\u00e1 T8/23": 0.5444444444444433, "Gi\u00e1 T9/23": 1.4694444444444408, "Gi\u00e1 T10/23": 8.402777777777779, "Gi\u00e1 T11/23": 0.2777777777777778, "Gi\u00e1 T12/23": 0.002777777777777462, "Gi\u00e1 T1/24": 2.336111111111109, "Gi\u00e1 T2/24": 1.1111111111111112, "Gi\u00e1 T3/24": 4.669444444444448, "Gi\u00e1 T4/24": 10.336111111111116, "Gi\u00e1 T5/24": 3.4027777777777777, "Gi\u00e1 T6/24": 0.04444444444444413, "Gi\u00e1 T7/24": 2.669444444444447, "Gi\u00e1 T8/24": 4.011111111111105, "Gi\u00e1 T9/24": 0.10000000000000048, "Gi\u00e1 T10/24": 0.4000000000000019}