{"Gi\u00e1 T10/22": 27.862752914957994, "Gi\u00e1 T11/22": 23.397179317174114, "Gi\u00e1 T12/22": 34.095131617285176, "Gi\u00e1 T1/23": 28.012711400362523, "Gi\u00e1 T2/23": 17.263487480807573, "Gi\u00e1 T3/23": 36.02880791810909, "Gi\u00e1 T4/23": 17.93622033762966, "Gi\u00e1 T5/23": 31.77923850566592, "Gi\u00e1 T6/23": 31.500476186876906, "Gi\u00e1 T7/23": 16.19737633075184, "Gi\u00e1 T8/23": 27.795827024933075, "Gi\u00e1 T9/23": 29.104930853723054, "Gi\u00e1 T10/23": 35.238941527804144, "Gi\u00e1 T11/23": 24.842866179247515, "Gi\u00e1 T12/23": 38.47492690051535, "Gi\u00e1 T1/24": 69.16944412094114, "Gi\u00e1 T2/24": 60.02228752721776, "Gi\u00e1 T3/24": 50.50046534439065, "Gi\u00e1 T4/24": 31.752133786566226, "Gi\u00e1 T5/24": 23.144286551976496, "Gi\u00e1 T6/24": 53.054971491840426, "Gi\u00e1 T7/24": 50.14312515190891, "Gi\u00e1 T8/24": 92.98985428529288, "Gi\u00e1 T9/24": 49.67667460690179, "Gi\u00e1 T10/24": 42.56410459530425}