{"Gi\u00e1 T10/22": 28.598218392726764, "Gi\u00e1 T11/22": 23.057536728800848, "Gi\u00e1 T12/22": 33.35835013620313, "Gi\u00e1 T1/23": 27.842995186444675, "Gi\u00e1 T2/23": 18.944342037613634, "Gi\u00e1 T3/23": 35.430347497724654, "Gi\u00e1 T4/23": 17.783780732534268, "Gi\u00e1 T5/23": 35.314343504344755, "Gi\u00e1 T6/23": 32.25175521247973, "Gi\u00e1 T7/23": 16.59796315673646, "Gi\u00e1 T8/23": 27.52129045977729, "Gi\u00e1 T9/23": 28.601615006016374, "Gi\u00e1 T10/23": 34.482721691277426, "Gi\u00e1 T11/23": 25.002247518020873, "Gi\u00e1 T12/23": 38.26947683393198, "Gi\u00e1 T1/24": 67.76483495990274, "Gi\u00e1 T2/24": 59.22254236192098, "Gi\u00e1 T3/24": 50.893530321362356, "Gi\u00e1 T4/24": 33.56356442845214, "Gi\u00e1 T5/24": 25.074337098961976, "Gi\u00e1 T6/24": 53.87882789406332, "Gi\u00e1 T7/24": 50.75895417137186, "Gi\u00e1 T8/24": 92.07662957713926, "Gi\u00e1 T9/24": 51.586303091679945, "Gi\u00e1 T10/24": 46.40458721167246}