{"Gi\u00e1 T10/22": 64.9410773140305, "Gi\u00e1 T11/22": 58.633420716815905, "Gi\u00e1 T12/22": 65.89105938263185, "Gi\u00e1 T1/23": 71.09696343314778, "Gi\u00e1 T2/23": 68.65048480781502, "Gi\u00e1 T3/23": 85.59470385690084, "Gi\u00e1 T4/23": 80.79310389210357, "Gi\u00e1 T5/23": 79.42841697652418, "Gi\u00e1 T6/23": 74.26211491496338, "Gi\u00e1 T7/23": 79.5576968603551, "Gi\u00e1 T8/23": 81.44006127477945, "Gi\u00e1 T9/23": 63.175562363864366, "Gi\u00e1 T10/23": 64.60339002442191, "Gi\u00e1 T11/23": 64.8264193307078, "Gi\u00e1 T12/23": 65.72527381135728, "Gi\u00e1 T1/24": 76.94791324723329, "Gi\u00e1 T2/24": 71.97848903214448, "Gi\u00e1 T3/24": 87.28732921167851, "Gi\u00e1 T4/24": 82.23471705793054, "Gi\u00e1 T5/24": 116.82671668390131, "Gi\u00e1 T6/24": 91.45878638533804, "Gi\u00e1 T7/24": 89.13155629139071, "Gi\u00e1 T8/24": 95.64249763481553, "Gi\u00e1 T9/24": 106.10632868363734, "Gi\u00e1 T10/24": 131.15573958768786}