{"Gi\u00e1 T10/22": 0.07000000000000033, "Gi\u00e1 T11/22": 3.764444444444442, "Gi\u00e1 T12/22": 1.3144444444444459, "Gi\u00e1 T1/23": 0.27999999999999803, "Gi\u00e1 T2/23": 0.9411111111111136, "Gi\u00e1 T3/23": 1.1199999999999988, "Gi\u00e1 T4/23": 3.111111111111111, "Gi\u00e1 T5/23": 7.964444444444441, "Gi\u00e1 T6/23": 4.479999999999995, "Gi\u00e1 T7/23": 3.764444444444442, "Gi\u00e1 T8/23": 7.0, "Gi\u00e1 T9/23": 0.2800000000000013, "Gi\u00e1 T10/23": 14.04861111111111, "Gi\u00e1 T11/23": 1.9911111111111146, "Gi\u00e1 T12/23": 1.5244444444444492, "Gi\u00e1 T1/24": 1.9911111111111057, "Gi\u00e1 T2/24": 1.0286111111111085, "Gi\u00e1 T3/24": 0.007777777777777999, "Gi\u00e1 T4/24": 0.2352777777777784, "Gi\u00e1 T5/24": 1.2152777777777777, "Gi\u00e1 T6/24": 0.49777777777777865, "Gi\u00e1 T7/24": 6.097777777777781, "Gi\u00e1 T8/24": 0.04861111111111111, "Gi\u00e1 T9/24": 3.4300000000000046, "Gi\u00e1 T10/24": 3.111111111111111}