{"Apartment": 42.73504273504273, "MiniApartment": 37.03703703703704, "House": 9.971509971509972, "Townhouse": 0.8547008547008548, "StreetHouse": 2.849002849002849, "Shophouse": 0.2849002849002849, "ProjectLand": 0, "Land": 0.0, "FarmResort": 3.418803418803419, "Condotel": 0.0, "Warehouse": 0.0, "OrtherProperty": 2.849002849002849}