{"Gi\u00e1 T10/22": 17.811911589598985, "Gi\u00e1 T11/22": 13.839556488286991, "Gi\u00e1 T12/22": 15.078045205768268, "Gi\u00e1 T1/23": 22.347516954085048, "Gi\u00e1 T2/23": 14.644441147736469, "Gi\u00e1 T3/23": 16.47886713386281, "Gi\u00e1 T4/23": 23.64643163943502, "Gi\u00e1 T5/23": 29.737935312672658, "Gi\u00e1 T6/23": 19.26563016526783, "Gi\u00e1 T7/23": 28.678549866075684, "Gi\u00e1 T8/23": 27.370453102591213, "Gi\u00e1 T9/23": 22.847022943139464, "Gi\u00e1 T10/23": 24.829554974637002, "Gi\u00e1 T11/23": 20.24144782120658, "Gi\u00e1 T12/23": 26.754167682290046, "Gi\u00e1 T1/24": 21.531599678951984, "Gi\u00e1 T2/24": 21.738620063517168, "Gi\u00e1 T3/24": 29.036005612755133, "Gi\u00e1 T4/24": 19.235347543268254, "Gi\u00e1 T5/24": 19.060362890360302, "Gi\u00e1 T6/24": 21.12738455313512, "Gi\u00e1 T7/24": 22.252176486313786, "Gi\u00e1 T8/24": 22.163070771503204, "Gi\u00e1 T9/24": 20.787245656691795, "Gi\u00e1 T10/24": 28.82316181694541}