{"Gi\u00e1 T10/22": 19.255692960862454, "Gi\u00e1 T11/22": 14.198974090726079, "Gi\u00e1 T12/22": 15.217681114694694, "Gi\u00e1 T1/23": 24.994237610830037, "Gi\u00e1 T2/23": 14.884400198605157, "Gi\u00e1 T3/23": 16.78397432820294, "Gi\u00e1 T4/23": 26.00733736055662, "Gi\u00e1 T5/23": 33.00369883161332, "Gi\u00e1 T6/23": 21.706821419465538, "Gi\u00e1 T7/23": 31.941942953999366, "Gi\u00e1 T8/23": 30.968553232402968, "Gi\u00e1 T9/23": 25.48204194751501, "Gi\u00e1 T10/23": 27.56443300263065, "Gi\u00e1 T11/23": 22.060224946903794, "Gi\u00e1 T12/23": 30.117510077982786, "Gi\u00e1 T1/24": 23.740801595088538, "Gi\u00e1 T2/24": 23.920990286364056, "Gi\u00e1 T3/24": 32.69003260637606, "Gi\u00e1 T4/24": 20.833478331930273, "Gi\u00e1 T5/24": 21.095297164151194, "Gi\u00e1 T6/24": 22.642285417969344, "Gi\u00e1 T7/24": 23.76146058189029, "Gi\u00e1 T8/24": 23.296924745673422, "Gi\u00e1 T9/24": 21.642191269531608, "Gi\u00e1 T10/24": 32.07011978631691}