{"Gi\u00e1 T10/22": 18.621513809483282, "Gi\u00e1 T11/22": 14.5462248465594, "Gi\u00e1 T12/22": 15.55028172494009, "Gi\u00e1 T1/23": 23.26330567623708, "Gi\u00e1 T2/23": 15.165337279989247, "Gi\u00e1 T3/23": 16.785256280871927, "Gi\u00e1 T4/23": 24.585707127655017, "Gi\u00e1 T5/23": 31.136633012436945, "Gi\u00e1 T6/23": 20.093685289543426, "Gi\u00e1 T7/23": 30.23731401765898, "Gi\u00e1 T8/23": 28.930291280996368, "Gi\u00e1 T9/23": 24.03854538816483, "Gi\u00e1 T10/23": 26.102734595718392, "Gi\u00e1 T11/23": 21.371649844292154, "Gi\u00e1 T12/23": 28.085317385059724, "Gi\u00e1 T1/24": 22.578768500634883, "Gi\u00e1 T2/24": 23.23908601829925, "Gi\u00e1 T3/24": 30.74382406132199, "Gi\u00e1 T4/24": 20.017680357167272, "Gi\u00e1 T5/24": 19.95738287179167, "Gi\u00e1 T6/24": 21.992625685316238, "Gi\u00e1 T7/24": 22.94390214953926, "Gi\u00e1 T8/24": 22.72338621206303, "Gi\u00e1 T9/24": 21.3872924894072, "Gi\u00e1 T10/24": 30.243773643518953}