{"Gi\u00e1 T10/22": 7.906748061768549, "Gi\u00e1 T11/22": 7.513461486476917, "Gi\u00e1 T12/22": 7.867625870750672, "Gi\u00e1 T1/23": 8.319615692035173, "Gi\u00e1 T2/23": 8.066058408269434, "Gi\u00e1 T3/23": 8.97118848352979, "Gi\u00e1 T4/23": 8.774052155536241, "Gi\u00e1 T5/23": 8.771984112112715, "Gi\u00e1 T6/23": 8.344068068383944, "Gi\u00e1 T7/23": 8.666784749532946, "Gi\u00e1 T8/23": 8.94582682281854, "Gi\u00e1 T9/23": 7.688369890877217, "Gi\u00e1 T10/23": 7.844767056798984, "Gi\u00e1 T11/23": 7.7991284938227485, "Gi\u00e1 T12/23": 7.892637475254357, "Gi\u00e1 T1/24": 8.42870034309467, "Gi\u00e1 T2/24": 8.34685191207471, "Gi\u00e1 T3/24": 8.977099422145647, "Gi\u00e1 T4/24": 8.659198435413042, "Gi\u00e1 T5/24": 9.88132315878906, "Gi\u00e1 T6/24": 9.334486426263913, "Gi\u00e1 T7/24": 9.08737499009072, "Gi\u00e1 T8/24": 9.219934543284793, "Gi\u00e1 T9/24": 9.99188960581215, "Gi\u00e1 T10/24": 10.96415299406174}