{"Gi\u00e1 T10/22": 70.59186345786458, "Gi\u00e1 T11/22": 70.07270793532867, "Gi\u00e1 T12/22": 72.71622948064814, "Gi\u00e1 T1/23": 75.33770780266043, "Gi\u00e1 T2/23": 64.74156429102102, "Gi\u00e1 T3/23": 74.20236445729853, "Gi\u00e1 T4/23": 54.78970450364396, "Gi\u00e1 T5/23": 69.6511983478384, "Gi\u00e1 T6/23": 66.73773995259322, "Gi\u00e1 T7/23": 57.641927669284655, "Gi\u00e1 T8/23": 62.48779642503362, "Gi\u00e1 T9/23": 64.61169766680818, "Gi\u00e1 T10/23": 74.46549980541995, "Gi\u00e1 T11/23": 86.91918873381448, "Gi\u00e1 T12/23": 92.96170615757445, "Gi\u00e1 T1/24": 86.92982023455743, "Gi\u00e1 T2/24": 86.40878781044364, "Gi\u00e1 T3/24": 84.1857109690087, "Gi\u00e1 T4/24": 90.10125884454824, "Gi\u00e1 T5/24": 69.66884357532017, "Gi\u00e1 T6/24": 94.06083280266044, "Gi\u00e1 T7/24": 106.59836694261658, "Gi\u00e1 T8/24": 131.78772235194228, "Gi\u00e1 T9/24": 130.26557976013586, "Gi\u00e1 T10/24": 139.02958819783487}