{"Gi\u00e1 T10/22": 6.71738021008584, "Gi\u00e1 T11/22": 6.391079043119573, "Gi\u00e1 T12/22": 6.368172269055855, "Gi\u00e1 T1/23": 6.303187929139175, "Gi\u00e1 T2/23": 6.487013167512155, "Gi\u00e1 T3/23": 6.7923079123388455, "Gi\u00e1 T4/23": 6.658491835355917, "Gi\u00e1 T5/23": 6.96109543391357, "Gi\u00e1 T6/23": 6.58308454435474, "Gi\u00e1 T7/23": 6.389887540108413, "Gi\u00e1 T8/23": 6.663204608179203, "Gi\u00e1 T9/23": 6.517001991702488, "Gi\u00e1 T10/23": 6.702886854382304, "Gi\u00e1 T11/23": 7.28786753118232, "Gi\u00e1 T12/23": 7.174971154879032, "Gi\u00e1 T1/24": 7.077086647135492, "Gi\u00e1 T2/24": 6.543911554610124, "Gi\u00e1 T3/24": 6.621674435997145, "Gi\u00e1 T4/24": 7.6176244043944115, "Gi\u00e1 T5/24": 7.1663623218913655, "Gi\u00e1 T6/24": 7.967439402714605, "Gi\u00e1 T7/24": 8.287507594503861, "Gi\u00e1 T8/24": 8.71420702466754, "Gi\u00e1 T9/24": 8.64797374413893, "Gi\u00e1 T10/24": 8.650209140334045}