{"Gi\u00e1 T10/22": 45.9058894427079, "Gi\u00e1 T11/22": 42.04558925403396, "Gi\u00e1 T12/22": 42.03453746726367, "Gi\u00e1 T1/23": 41.21628819239108, "Gi\u00e1 T2/23": 43.84412041339303, "Gi\u00e1 T3/23": 47.8297541606826, "Gi\u00e1 T4/23": 46.207227619610826, "Gi\u00e1 T5/23": 50.81956647217517, "Gi\u00e1 T6/23": 44.89700346371547, "Gi\u00e1 T7/23": 42.14196868575934, "Gi\u00e1 T8/23": 45.48629973810932, "Gi\u00e1 T9/23": 43.54709582946129, "Gi\u00e1 T10/23": 45.670482385739625, "Gi\u00e1 T11/23": 55.11669285573485, "Gi\u00e1 T12/23": 52.587699022837995, "Gi\u00e1 T1/24": 50.53271183576919, "Gi\u00e1 T2/24": 43.97173382895442, "Gi\u00e1 T3/24": 44.420849032694086, "Gi\u00e1 T4/24": 60.275140660640375, "Gi\u00e1 T5/24": 52.63882233674073, "Gi\u00e1 T6/24": 66.69878798118893, "Gi\u00e1 T7/24": 73.25095829461294, "Gi\u00e1 T8/24": 79.55472191715245, "Gi\u00e1 T9/24": 77.74708146771424, "Gi\u00e1 T10/24": 79.10053335586157}