{"Gi\u00e1 T10/22": 2581.4114229912857, "Gi\u00e1 T11/22": 2304.800348093977, "Gi\u00e1 T12/22": 2494.9317772275326, "Gi\u00e1 T1/23": 2213.4718419133173, "Gi\u00e1 T2/23": 1943.780507121195, "Gi\u00e1 T3/23": 2026.1029313985182, "Gi\u00e1 T4/23": 1970.6296768589966, "Gi\u00e1 T5/23": 2081.426788497217, "Gi\u00e1 T6/23": 2006.385409228761, "Gi\u00e1 T7/23": 2077.9249412645404, "Gi\u00e1 T8/23": 2005.541558313179, "Gi\u00e1 T9/23": 1910.4505398479787, "Gi\u00e1 T10/23": 1968.927149026834, "Gi\u00e1 T11/23": 2240.2551502936776, "Gi\u00e1 T12/23": 2649.5410909247958, "Gi\u00e1 T1/24": 2294.920654247764, "Gi\u00e1 T2/24": 2421.236970037238, "Gi\u00e1 T3/24": 2899.578028043303, "Gi\u00e1 T4/24": 3456.917625340704, "Gi\u00e1 T5/24": 3652.101330665285, "Gi\u00e1 T6/24": 3937.502965756843, "Gi\u00e1 T7/24": 4264.4912869975815, "Gi\u00e1 T8/24": 4449.744045356828, "Gi\u00e1 T9/24": 4640.652551441514, "Gi\u00e1 T10/24": 4832.052102479942}