{"Gi\u00e1 T10/22": 3437.782409779186, "Gi\u00e1 T11/22": 3374.7527626383935, "Gi\u00e1 T12/22": 3276.7618115276628, "Gi\u00e1 T1/23": 2962.914141735707, "Gi\u00e1 T2/23": 3198.3434236518015, "Gi\u00e1 T3/23": 3279.428717100014, "Gi\u00e1 T4/23": 2637.4488984996565, "Gi\u00e1 T5/23": 2882.9635775723914, "Gi\u00e1 T6/23": 2845.381151188648, "Gi\u00e1 T7/23": 2661.039245426623, "Gi\u00e1 T8/23": 3031.3280741025305, "Gi\u00e1 T9/23": 2848.6618360225752, "Gi\u00e1 T10/23": 2940.867689012153, "Gi\u00e1 T11/23": 3049.7646439898044, "Gi\u00e1 T12/23": 3021.462554473784, "Gi\u00e1 T1/24": 3209.734174750851, "Gi\u00e1 T2/24": 2906.690316224026, "Gi\u00e1 T3/24": 3305.1162850646665, "Gi\u00e1 T4/24": 3723.806977316916, "Gi\u00e1 T5/24": 4186.84436262346, "Gi\u00e1 T6/24": 4285.544746184411, "Gi\u00e1 T7/24": 4340.769668385365, "Gi\u00e1 T8/24": 4658.987248356619, "Gi\u00e1 T9/24": 4763.525782033813, "Gi\u00e1 T10/24": 4984.074766127173}