{"C\u0103n h\u1ed9 chung c\u01b0": 75.59471365638767, "Chung c\u01b0 mini, c\u0103n h\u1ed9 d\u1ecbch v\u1ee5": 12.511013215859032, "Nh\u00e0 ri\u00eang": 5.5506607929515415, "Nh\u00e0 Bi\u1ec7t th\u1ef1, li\u1ec1n k\u1ec1": 0.7048458149779736, "Nh\u00e0 m\u1eb7t ph\u1ed1": 1.4977973568281937, "Shophouse, nh\u00e0 ph\u1ed1 th\u01b0\u01a1ng m\u1ea1i": 0.5286343612334802, "B\u00e1n \u0111\u1ea5t": 0.0, "B\u1ea5t \u0111\u1ed9ng s\u1ea3n kh\u00e1c": 1.8502202643171806, "Trang tr\u1ea1i, khu ngh\u1ec9 d\u01b0\u1ee1ng": 1.4977973568281937, "Condotel": 0.1762114537444934, "Kho, nh\u00e0 x\u01b0\u1edfng": 0.0881057268722467}