{"Gi\u00e1 T10/22": 57.468845101932374, "Gi\u00e1 T11/22": 69.79766195874208, "Gi\u00e1 T12/22": 56.95239194485308, "Gi\u00e1 T1/23": 60.97007438911726, "Gi\u00e1 T2/23": 61.20748719407485, "Gi\u00e1 T3/23": 61.7868489896882, "Gi\u00e1 T4/23": 55.08722172999475, "Gi\u00e1 T5/23": 55.62433760277431, "Gi\u00e1 T6/23": 52.60731624562583, "Gi\u00e1 T7/23": 58.46155589443668, "Gi\u00e1 T8/23": 67.2100681356534, "Gi\u00e1 T9/23": 65.25267315625672, "Gi\u00e1 T10/23": 64.40526657284201, "Gi\u00e1 T11/23": 54.228353248704245, "Gi\u00e1 T12/23": 59.53311323480884, "Gi\u00e1 T1/24": 58.517868747357156, "Gi\u00e1 T2/24": 59.518584115152336, "Gi\u00e1 T3/24": 64.21101477331955, "Gi\u00e1 T4/24": 66.07554195242305, "Gi\u00e1 T5/24": 71.52451976445722, "Gi\u00e1 T6/24": 71.15253989667139, "Gi\u00e1 T7/24": 78.36164561254179, "Gi\u00e1 T8/24": 77.9953152492389, "Gi\u00e1 T9/24": 82.24319595913997, "Gi\u00e1 T10/24": 79.52957437851757}