{"Gi\u00e1 T10/22": 6.7753885086176355, "Gi\u00e1 T11/22": 6.484257031768093, "Gi\u00e1 T12/22": 6.48340477428825, "Gi\u00e1 T1/23": 6.419991292236391, "Gi\u00e1 T2/23": 6.621489289683479, "Gi\u00e1 T3/23": 6.9159058814216525, "Gi\u00e1 T4/23": 6.797589839024625, "Gi\u00e1 T5/23": 7.128784361458493, "Gi\u00e1 T6/23": 6.70052262616249, "Gi\u00e1 T7/23": 6.491684579965306, "Gi\u00e1 T8/23": 6.744353174182779, "Gi\u00e1 T9/23": 6.599022338912128, "Gi\u00e1 T10/23": 6.75799396165309, "Gi\u00e1 T11/23": 7.424061749186549, "Gi\u00e1 T12/23": 7.251737655406322, "Gi\u00e1 T1/24": 7.108636425909626, "Gi\u00e1 T2/24": 6.63111859560319, "Gi\u00e1 T3/24": 6.664896775846876, "Gi\u00e1 T4/24": 7.76370663154143, "Gi\u00e1 T5/24": 7.255261700086409, "Gi\u00e1 T6/24": 8.166932593158151, "Gi\u00e1 T7/24": 8.558677368297799, "Gi\u00e1 T8/24": 8.919345374922559, "Gi\u00e1 T9/24": 8.817430547938228, "Gi\u00e1 T10/24": 8.893848062332838}