{"Gi\u00e1 T10/22": 50.80759217864281, "Gi\u00e1 T11/22": 48.00833623542871, "Gi\u00e1 T12/22": 49.94929205932285, "Gi\u00e1 T1/23": 47.04754873437422, "Gi\u00e1 T2/23": 44.0883262000407, "Gi\u00e1 T3/23": 45.01225312510493, "Gi\u00e1 T4/23": 44.391774878450136, "Gi\u00e1 T5/23": 45.622656526086, "Gi\u00e1 T6/23": 44.79269370364726, "Gi\u00e1 T7/23": 45.58426199100453, "Gi\u00e1 T8/23": 44.783273197848985, "Gi\u00e1 T9/23": 43.70870096271426, "Gi\u00e1 T10/23": 44.37259457172675, "Gi\u00e1 T11/23": 47.33133370499586, "Gi\u00e1 T12/23": 51.47369319297767, "Gi\u00e1 T1/24": 47.90533012356521, "Gi\u00e1 T2/24": 49.206066394675744, "Gi\u00e1 T3/24": 53.84773001755323, "Gi\u00e1 T4/24": 58.79555787081796, "Gi\u00e1 T5/24": 60.4326181020257, "Gi\u00e1 T6/24": 62.7495256217674, "Gi\u00e1 T7/24": 65.30307256934839, "Gi\u00e1 T8/24": 66.70640183188438, "Gi\u00e1 T9/24": 68.12233518781863, "Gi\u00e1 T10/24": 69.51296355702253}