{"Gi\u00e1 T10/22": 79.85529260943181, "Gi\u00e1 T11/22": 80.92729560168324, "Gi\u00e1 T12/22": 77.3188439135416, "Gi\u00e1 T1/23": 78.10968260871634, "Gi\u00e1 T2/23": 83.01590940081519, "Gi\u00e1 T3/23": 84.05111539824304, "Gi\u00e1 T4/23": 69.69778563274645, "Gi\u00e1 T5/23": 67.67434652053446, "Gi\u00e1 T6/23": 70.98757811227102, "Gi\u00e1 T7/23": 70.80837300589653, "Gi\u00e1 T8/23": 74.27100951236685, "Gi\u00e1 T9/23": 74.1370125279524, "Gi\u00e1 T10/23": 77.16009823551478, "Gi\u00e1 T11/23": 75.12470503778091, "Gi\u00e1 T12/23": 77.85399831585475, "Gi\u00e1 T1/24": 74.71393597814232, "Gi\u00e1 T2/24": 68.06619744339659, "Gi\u00e1 T3/24": 76.2842457936112, "Gi\u00e1 T4/24": 79.3348126718206, "Gi\u00e1 T5/24": 88.17060244912284, "Gi\u00e1 T6/24": 89.04768918274623, "Gi\u00e1 T7/24": 90.08589308848039, "Gi\u00e1 T8/24": 91.58157480966378, "Gi\u00e1 T9/24": 91.57982456885935, "Gi\u00e1 T10/24": 92.8143909500385}