{"Gi\u00e1 T10/22": 5.4183831727923515, "Gi\u00e1 T11/22": 5.19797416978098, "Gi\u00e1 T12/22": 5.295235322464994, "Gi\u00e1 T1/23": 5.610808896281198, "Gi\u00e1 T2/23": 5.389303456583849, "Gi\u00e1 T3/23": 5.415797300847128, "Gi\u00e1 T4/23": 4.887030191364502, "Gi\u00e1 T5/23": 4.969541998353341, "Gi\u00e1 T6/23": 4.862140746900382, "Gi\u00e1 T7/23": 5.732899524869382, "Gi\u00e1 T8/23": 5.239246061947225, "Gi\u00e1 T9/23": 5.48370801153295, "Gi\u00e1 T10/23": 5.231592589110626, "Gi\u00e1 T11/23": 5.381522218404541, "Gi\u00e1 T12/23": 5.120693441023851, "Gi\u00e1 T1/24": 5.917899478747665, "Gi\u00e1 T2/24": 6.367937651904467, "Gi\u00e1 T3/24": 6.213037320668901, "Gi\u00e1 T4/24": 6.639462695239351, "Gi\u00e1 T5/24": 6.212648176591897, "Gi\u00e1 T6/24": 6.641900808989323, "Gi\u00e1 T7/24": 6.7420741683333745, "Gi\u00e1 T8/24": 6.855792107832042, "Gi\u00e1 T9/24": 7.090044678151993, "Gi\u00e1 T10/24": 7.536132453833386}