{"Gi\u00e1 T10/22": 6376.867757737975, "Gi\u00e1 T11/22": 6549.227173402219, "Gi\u00e1 T12/22": 5978.203624126609, "Gi\u00e1 T1/23": 6101.122517234404, "Gi\u00e1 T2/23": 6891.641213644357, "Gi\u00e1 T3/23": 7064.589999688769, "Gi\u00e1 T4/23": 4857.781322108277, "Gi\u00e1 T5/23": 4579.817176981373, "Gi\u00e1 T6/23": 5039.2362462457795, "Gi\u00e1 T7/23": 5013.825687742176, "Gi\u00e1 T8/23": 5516.182853986087, "Gi\u00e1 T9/23": 5496.2966265697705, "Gi\u00e1 T10/23": 5953.68075971429, "Gi\u00e1 T11/23": 5643.721307013585, "Gi\u00e1 T12/23": 6061.245053765115, "Gi\u00e1 T1/24": 5582.172229345948, "Gi\u00e1 T2/24": 4633.007234403448, "Gi\u00e1 T3/24": 5819.286156300088, "Gi\u00e1 T4/24": 6294.012501672866, "Gi\u00e1 T5/24": 7774.055136241267, "Gi\u00e1 T6/24": 7929.490948786978, "Gi\u00e1 T7/24": 8115.46813354912, "Gi\u00e1 T8/24": 8387.184844618043, "Gi\u00e1 T9/24": 8386.864268063055, "Gi\u00e1 T10/24": 8614.51116742659}