{"Gi\u00e1 T10/22": 29.358876207199305, "Gi\u00e1 T11/22": 27.018935469710264, "Gi\u00e1 T12/22": 28.03951712028095, "Gi\u00e1 T1/23": 31.481176470588235, "Gi\u00e1 T2/23": 29.04459174714662, "Gi\u00e1 T3/23": 29.330860403863035, "Gi\u00e1 T4/23": 23.883064091308164, "Gi\u00e1 T5/23": 24.69634767339772, "Gi\u00e1 T6/23": 23.640412642669002, "Gi\u00e1 T7/23": 32.86613696224759, "Gi\u00e1 T8/23": 27.4496992976295, "Gi\u00e1 T9/23": 30.071053555750655, "Gi\u00e1 T10/23": 27.36956101843722, "Gi\u00e1 T11/23": 28.960781387181736, "Gi\u00e1 T12/23": 26.22150131694469, "Gi\u00e1 T1/24": 35.02153424056189, "Gi\u00e1 T2/24": 40.55062993854258, "Gi\u00e1 T3/24": 38.60183274802459, "Gi\u00e1 T4/24": 44.08246488147499, "Gi\u00e1 T5/24": 38.59699736611063, "Gi\u00e1 T6/24": 44.11484635645303, "Gi\u00e1 T7/24": 45.45556409130816, "Gi\u00e1 T8/24": 47.00188542581211, "Gi\u00e1 T9/24": 50.2687335381914, "Gi\u00e1 T10/24": 56.793292361720816}