{"Gi\u00e1 T10/22": 66.05649586639294, "Gi\u00e1 T11/22": 59.27079703711923, "Gi\u00e1 T12/22": 66.92413582644399, "Gi\u00e1 T1/23": 71.48952394163013, "Gi\u00e1 T2/23": 68.92687066526106, "Gi\u00e1 T3/23": 87.94013011152417, "Gi\u00e1 T4/23": 82.43817760639182, "Gi\u00e1 T5/23": 80.70756228152916, "Gi\u00e1 T6/23": 76.08569439050103, "Gi\u00e1 T7/23": 80.66303667535925, "Gi\u00e1 T8/23": 82.59512289851858, "Gi\u00e1 T9/23": 64.95138850357874, "Gi\u00e1 T10/23": 66.35007185263275, "Gi\u00e1 T11/23": 66.58005798146813, "Gi\u00e1 T12/23": 67.31466431781612, "Gi\u00e1 T1/24": 79.18959579426289, "Gi\u00e1 T2/24": 73.78826083337955, "Gi\u00e1 T3/24": 90.49731121344948, "Gi\u00e1 T4/24": 85.65014731176832, "Gi\u00e1 T5/24": 119.95279060089882, "Gi\u00e1 T6/24": 94.30582505687177, "Gi\u00e1 T7/24": 91.95136409032901, "Gi\u00e1 T8/24": 99.05208483604285, "Gi\u00e1 T9/24": 109.75765272152252, "Gi\u00e1 T10/24": 136.29840675803143}