{"Gi\u00e1 T10/22": 5.111998350134999, "Gi\u00e1 T11/22": 4.934319948134682, "Gi\u00e1 T12/22": 5.072784199518419, "Gi\u00e1 T1/23": 5.250425026887153, "Gi\u00e1 T2/23": 5.021473955828224, "Gi\u00e1 T3/23": 5.00217831533058, "Gi\u00e1 T4/23": 4.698249348671388, "Gi\u00e1 T5/23": 4.829704576503236, "Gi\u00e1 T6/23": 4.669358927165234, "Gi\u00e1 T7/23": 5.452073525533276, "Gi\u00e1 T8/23": 5.0090969570953, "Gi\u00e1 T9/23": 5.1477578471323975, "Gi\u00e1 T10/23": 4.896358202114184, "Gi\u00e1 T11/23": 5.178167910688429, "Gi\u00e1 T12/23": 4.930540797736039, "Gi\u00e1 T1/24": 5.420417902021774, "Gi\u00e1 T2/24": 5.892922933288235, "Gi\u00e1 T3/24": 5.73442058601951, "Gi\u00e1 T4/24": 5.908210884609639, "Gi\u00e1 T5/24": 5.7215707714772925, "Gi\u00e1 T6/24": 6.012301182066311, "Gi\u00e1 T7/24": 6.3921665393137355, "Gi\u00e1 T8/24": 6.308994986788682, "Gi\u00e1 T9/24": 6.668545843033351, "Gi\u00e1 T10/24": 7.066419965466081}