{"Gi\u00e1 T10/22": 4173.9278245061205, "Gi\u00e1 T11/22": 3978.8586168180577, "Gi\u00e1 T12/22": 4559.9755471521585, "Gi\u00e1 T1/23": 2848.0743331643994, "Gi\u00e1 T2/23": 2309.9843791665044, "Gi\u00e1 T3/23": 2981.9926213402982, "Gi\u00e1 T4/23": 2597.034333944096, "Gi\u00e1 T5/23": 3100.7524821644374, "Gi\u00e1 T6/23": 2662.5929581692726, "Gi\u00e1 T7/23": 2432.322654867257, "Gi\u00e1 T8/23": 3499.586717087053, "Gi\u00e1 T9/23": 2967.4494877392694, "Gi\u00e1 T10/23": 3389.0292109469415, "Gi\u00e1 T11/23": 2715.304588125219, "Gi\u00e1 T12/23": 2026.539317375541, "Gi\u00e1 T1/24": 3599.2668948579008, "Gi\u00e1 T2/24": 2752.1635062960504, "Gi\u00e1 T3/24": 3349.9782207321355, "Gi\u00e1 T4/24": 3755.0124615024747, "Gi\u00e1 T5/24": 3970.8804717165017, "Gi\u00e1 T6/24": 3970.924990448715, "Gi\u00e1 T7/24": 3374.267286265643, "Gi\u00e1 T8/24": 3255.394213480956, "Gi\u00e1 T9/24": 4535.77537444934, "Gi\u00e1 T10/24": 4927.787148259327}