{"Gi\u00e1 T10/22": 65.75024574591372, "Gi\u00e1 T11/22": 60.691684417474534, "Gi\u00e1 T12/22": 63.11832470357422, "Gi\u00e1 T1/23": 60.54595100811503, "Gi\u00e1 T2/23": 56.16771846154474, "Gi\u00e1 T3/23": 57.3368502531346, "Gi\u00e1 T4/23": 56.031331034456194, "Gi\u00e1 T5/23": 57.836386667885385, "Gi\u00e1 T6/23": 56.23554420200838, "Gi\u00e1 T7/23": 57.246041283172374, "Gi\u00e1 T8/23": 55.31523489824949, "Gi\u00e1 T9/23": 54.544692324894434, "Gi\u00e1 T10/23": 55.99183219980271, "Gi\u00e1 T11/23": 60.249885509534465, "Gi\u00e1 T12/23": 65.6230148841829, "Gi\u00e1 T1/24": 60.60227849866782, "Gi\u00e1 T2/24": 62.049796638201364, "Gi\u00e1 T3/24": 66.64148251352944, "Gi\u00e1 T4/24": 72.15262913445098, "Gi\u00e1 T5/24": 73.85569038418593, "Gi\u00e1 T6/24": 77.059452349147, "Gi\u00e1 T7/24": 80.43855913693069, "Gi\u00e1 T8/24": 82.33168025161012, "Gi\u00e1 T9/24": 83.84009333900823, "Gi\u00e1 T10/24": 87.49600195840472}