{"Gi\u00e1 T10/22": 8.866726055599043, "Gi\u00e1 T11/22": 8.589944534236803, "Gi\u00e1 T12/22": 8.654289804839204, "Gi\u00e1 T1/23": 8.912519627554012, "Gi\u00e1 T2/23": 9.173772808722086, "Gi\u00e1 T3/23": 8.239231975929481, "Gi\u00e1 T4/23": 8.15225554282046, "Gi\u00e1 T5/23": 8.091809366904291, "Gi\u00e1 T6/23": 8.647880880969161, "Gi\u00e1 T7/23": 8.092480615307329, "Gi\u00e1 T8/23": 8.622243029879762, "Gi\u00e1 T9/23": 8.402476509522778, "Gi\u00e1 T10/23": 6.785865240749638, "Gi\u00e1 T11/23": 6.789023737402881, "Gi\u00e1 T12/23": 6.857635334435885, "Gi\u00e1 T1/24": 6.304541156873338, "Gi\u00e1 T2/24": 7.288825977273991, "Gi\u00e1 T3/24": 5.80892075981886, "Gi\u00e1 T4/24": 5.334086081332261, "Gi\u00e1 T5/24": 6.939084416465454, "Gi\u00e1 T6/24": 6.793828618047517, "Gi\u00e1 T7/24": 6.651841582218987, "Gi\u00e1 T8/24": 6.268908110323481, "Gi\u00e1 T9/24": 6.045148443975719, "Gi\u00e1 T10/24": 6.19084047722496}