{"Gi\u00e1 T10/22": 8.461086593299298, "Gi\u00e1 T11/22": 8.38298177991205, "Gi\u00e1 T12/22": 8.559878935961311, "Gi\u00e1 T1/23": 8.65030159156282, "Gi\u00e1 T2/23": 8.067197698944621, "Gi\u00e1 T3/23": 8.746627188650947, "Gi\u00e1 T4/23": 7.440697482393554, "Gi\u00e1 T5/23": 8.462882611987892, "Gi\u00e1 T6/23": 8.25984116606323, "Gi\u00e1 T7/23": 7.621043519062187, "Gi\u00e1 T8/23": 7.963148605837527, "Gi\u00e1 T9/23": 8.098559970178556, "Gi\u00e1 T10/23": 8.687187108142314, "Gi\u00e1 T11/23": 9.368627513879416, "Gi\u00e1 T12/23": 9.723015786449642, "Gi\u00e1 T1/24": 9.41260387732964, "Gi\u00e1 T2/24": 9.405940083516692, "Gi\u00e1 T3/24": 9.289290393502665, "Gi\u00e1 T4/24": 9.590040529061172, "Gi\u00e1 T5/24": 8.442473682112208, "Gi\u00e1 T6/24": 9.790162509333292, "Gi\u00e1 T7/24": 10.460741423424304, "Gi\u00e1 T8/24": 11.650386196958678, "Gi\u00e1 T9/24": 11.584913506893136, "Gi\u00e1 T10/24": 11.99535594966285}