{"Gi\u00e1 T10/22": 56.393055127973575, "Gi\u00e1 T11/22": 66.600153798122, "Gi\u00e1 T12/22": 55.23678395589557, "Gi\u00e1 T1/23": 59.0935694373686, "Gi\u00e1 T2/23": 58.96616203495137, "Gi\u00e1 T3/23": 59.4092054073022, "Gi\u00e1 T4/23": 53.10422367418161, "Gi\u00e1 T5/23": 53.51076765382796, "Gi\u00e1 T6/23": 50.47035011181522, "Gi\u00e1 T7/23": 55.81430429885225, "Gi\u00e1 T8/23": 64.21211426260092, "Gi\u00e1 T9/23": 62.26599747536955, "Gi\u00e1 T10/23": 61.24611987292331, "Gi\u00e1 T11/23": 52.43751085584663, "Gi\u00e1 T12/23": 57.465226261857815, "Gi\u00e1 T1/24": 56.36457973100078, "Gi\u00e1 T2/24": 57.489999389789716, "Gi\u00e1 T3/24": 61.400624005815246, "Gi\u00e1 T4/24": 63.5151123178856, "Gi\u00e1 T5/24": 68.38569273623315, "Gi\u00e1 T6/24": 67.85171972444927, "Gi\u00e1 T7/24": 74.27538164722264, "Gi\u00e1 T8/24": 73.63428025944515, "Gi\u00e1 T9/24": 77.525062196313, "Gi\u00e1 T10/24": 75.15883882056671}