{"Gi\u00e1 T10/22": 4.870983073677554, "Gi\u00e1 T11/22": 5.356516461520571, "Gi\u00e1 T12/22": 5.378247341338049, "Gi\u00e1 T1/23": 4.425436908716568, "Gi\u00e1 T2/23": 4.293032383029773, "Gi\u00e1 T3/23": 4.753052319519228, "Gi\u00e1 T4/23": 4.528321844743656, "Gi\u00e1 T5/23": 4.737456772648832, "Gi\u00e1 T6/23": 4.850232467720035, "Gi\u00e1 T7/23": 5.597238105544854, "Gi\u00e1 T8/23": 4.147709810572125, "Gi\u00e1 T9/23": 3.8150896786181008, "Gi\u00e1 T10/23": 4.161147463785201, "Gi\u00e1 T11/23": 4.40892683242443, "Gi\u00e1 T12/23": 4.96935192557275, "Gi\u00e1 T1/24": 5.122871387441677, "Gi\u00e1 T2/24": 4.880509590780325, "Gi\u00e1 T3/24": 4.810129020912241, "Gi\u00e1 T4/24": 5.454925844680373, "Gi\u00e1 T5/24": 6.1917260327285, "Gi\u00e1 T6/24": 5.434344692633558, "Gi\u00e1 T7/24": 5.340997593465656, "Gi\u00e1 T8/24": 5.7357722657523205, "Gi\u00e1 T9/24": 5.665067120603582, "Gi\u00e1 T10/24": 5.005600311926495}