{"Gi\u00e1 T10/22": 8.218634016877688, "Gi\u00e1 T11/22": 8.299894474567719, "Gi\u00e1 T12/22": 8.406418555788541, "Gi\u00e1 T1/23": 8.52217381941825, "Gi\u00e1 T2/23": 7.880907937001405, "Gi\u00e1 T3/23": 8.353851733539905, "Gi\u00e1 T4/23": 7.178391434001563, "Gi\u00e1 T5/23": 8.178052297509506, "Gi\u00e1 T6/23": 8.021643605517816, "Gi\u00e1 T7/23": 7.467211038419862, "Gi\u00e1 T8/23": 7.658390246110191, "Gi\u00e1 T9/23": 7.856029211313066, "Gi\u00e1 T10/23": 8.395595902960544, "Gi\u00e1 T11/23": 9.20995327516019, "Gi\u00e1 T12/23": 9.465190846714002, "Gi\u00e1 T1/24": 9.233975936100892, "Gi\u00e1 T2/24": 9.189382273524222, "Gi\u00e1 T3/24": 8.980543637606058, "Gi\u00e1 T4/24": 9.312218128624242, "Gi\u00e1 T5/24": 8.132680674138399, "Gi\u00e1 T6/24": 9.488393806728784, "Gi\u00e1 T7/24": 10.145151831802647, "Gi\u00e1 T8/24": 11.46137689061033, "Gi\u00e1 T9/24": 11.281497352609327, "Gi\u00e1 T10/24": 11.565442416528422}