{"Gi\u00e1 T10/22": 8.093399914247764, "Gi\u00e1 T11/22": 8.418709636618983, "Gi\u00e1 T12/22": 7.869122456493741, "Gi\u00e1 T1/23": 7.463755307355973, "Gi\u00e1 T2/23": 7.632551153059663, "Gi\u00e1 T3/23": 7.815731081470128, "Gi\u00e1 T4/23": 7.868601329196189, "Gi\u00e1 T5/23": 7.5404077388943795, "Gi\u00e1 T6/23": 7.627042416172835, "Gi\u00e1 T7/23": 7.610246278294126, "Gi\u00e1 T8/23": 6.939642824665881, "Gi\u00e1 T9/23": 7.039761025355736, "Gi\u00e1 T10/23": 6.99953537565981, "Gi\u00e1 T11/23": 7.597894792574762, "Gi\u00e1 T12/23": 7.750938978781237, "Gi\u00e1 T1/24": 8.335737812987993, "Gi\u00e1 T2/24": 8.652002401209092, "Gi\u00e1 T3/24": 9.972000582929319, "Gi\u00e1 T4/24": 9.12287062698038, "Gi\u00e1 T5/24": 8.154540509437691, "Gi\u00e1 T6/24": 8.461211292180337, "Gi\u00e1 T7/24": 9.367994315552785, "Gi\u00e1 T8/24": 9.577491169616, "Gi\u00e1 T9/24": 8.683240909928113, "Gi\u00e1 T10/24": 9.052087207126865}