{"Gi\u00e1 T10/22": 4277.1131435548405, "Gi\u00e1 T11/22": 4263.210366395547, "Gi\u00e1 T12/22": 3850.7274040503808, "Gi\u00e1 T1/23": 4529.896199247158, "Gi\u00e1 T2/23": 4572.358652685844, "Gi\u00e1 T3/23": 4393.856886138748, "Gi\u00e1 T4/23": 4457.113596789671, "Gi\u00e1 T5/23": 4738.5552040177245, "Gi\u00e1 T6/23": 4747.127517587471, "Gi\u00e1 T7/23": 4492.545066863136, "Gi\u00e1 T8/23": 4648.782551788698, "Gi\u00e1 T9/23": 4763.964575839596, "Gi\u00e1 T10/23": 4832.7901160336905, "Gi\u00e1 T11/23": 4967.582028362772, "Gi\u00e1 T12/23": 5123.858080637163, "Gi\u00e1 T1/24": 5683.890672084549, "Gi\u00e1 T2/24": 5620.088001215706, "Gi\u00e1 T3/24": 5847.583247930582, "Gi\u00e1 T4/24": 6705.579127030918, "Gi\u00e1 T5/24": 6931.1699764350005, "Gi\u00e1 T6/24": 7175.534405427825, "Gi\u00e1 T7/24": 7532.737039739899, "Gi\u00e1 T8/24": 7681.939586093049, "Gi\u00e1 T9/24": 7650.006895261678, "Gi\u00e1 T10/24": 8024.530087773357}