{"Gi\u00e1 T10/22": 3302.345968535297, "Gi\u00e1 T11/22": 2993.3034703636336, "Gi\u00e1 T12/22": 3003.6036331324926, "Gi\u00e1 T1/23": 3168.055401887911, "Gi\u00e1 T2/23": 3117.5707154530887, "Gi\u00e1 T3/23": 3022.4828113617973, "Gi\u00e1 T4/23": 3046.4955437048234, "Gi\u00e1 T5/23": 3363.3509925193575, "Gi\u00e1 T6/23": 3260.160993028519, "Gi\u00e1 T7/23": 3272.6728963884757, "Gi\u00e1 T8/23": 3231.1411629520535, "Gi\u00e1 T9/23": 3221.6970725911033, "Gi\u00e1 T10/23": 3554.8595371675274, "Gi\u00e1 T11/23": 3473.6768835619896, "Gi\u00e1 T12/23": 3987.416117405911, "Gi\u00e1 T1/24": 3828.699130021796, "Gi\u00e1 T2/24": 4039.203179914115, "Gi\u00e1 T3/24": 4482.613702703054, "Gi\u00e1 T4/24": 5507.669217450195, "Gi\u00e1 T5/24": 5808.853404435322, "Gi\u00e1 T6/24": 6051.378274605375, "Gi\u00e1 T7/24": 6210.219540752078, "Gi\u00e1 T8/24": 6545.512035613261, "Gi\u00e1 T9/24": 6505.268650124846, "Gi\u00e1 T10/24": 6450.273198334518}