{"Gi\u00e1 T10/22": 11302.712309773657, "Gi\u00e1 T11/22": 11243.969417676188, "Gi\u00e1 T12/22": 10794.418000459604, "Gi\u00e1 T1/23": 12029.362517756785, "Gi\u00e1 T2/23": 12026.336112858698, "Gi\u00e1 T3/23": 12023.603651042467, "Gi\u00e1 T4/23": 11776.72302919488, "Gi\u00e1 T5/23": 9278.16372425191, "Gi\u00e1 T6/23": 12583.495382860881, "Gi\u00e1 T7/23": 12252.210563821403, "Gi\u00e1 T8/23": 12005.796848695672, "Gi\u00e1 T9/23": 13228.343695088797, "Gi\u00e1 T10/23": 12933.445617649655, "Gi\u00e1 T11/23": 13122.690483247377, "Gi\u00e1 T12/23": 13060.42327822069, "Gi\u00e1 T1/24": 13727.740129067417, "Gi\u00e1 T2/24": 13357.869281623123, "Gi\u00e1 T3/24": 14357.214248407568, "Gi\u00e1 T4/24": 15261.397582394144, "Gi\u00e1 T5/24": 15290.054542940252, "Gi\u00e1 T6/24": 15380.874914592387, "Gi\u00e1 T7/24": 16032.148852013252, "Gi\u00e1 T8/24": 16152.145931436156, "Gi\u00e1 T9/24": 16016.701940140234, "Gi\u00e1 T10/24": 16521.151843602387}