{"Gi\u00e1 T10/22": 3299.561517995431, "Gi\u00e1 T11/22": 2989.833784215405, "Gi\u00e1 T12/22": 3000.771558299941, "Gi\u00e1 T1/23": 3166.516122256527, "Gi\u00e1 T2/23": 3115.198429058369, "Gi\u00e1 T3/23": 3020.244188515915, "Gi\u00e1 T4/23": 3043.876179012751, "Gi\u00e1 T5/23": 3360.180180212624, "Gi\u00e1 T6/23": 3258.0192049603306, "Gi\u00e1 T7/23": 3270.616412460677, "Gi\u00e1 T8/23": 3229.1517829162012, "Gi\u00e1 T9/23": 3218.1893871116076, "Gi\u00e1 T10/23": 3551.871505207763, "Gi\u00e1 T11/23": 3469.936796806003, "Gi\u00e1 T12/23": 3983.767168246878, "Gi\u00e1 T1/24": 3824.685307217879, "Gi\u00e1 T2/24": 4035.7537367287805, "Gi\u00e1 T3/24": 4476.1497839088515, "Gi\u00e1 T4/24": 5499.923129460539, "Gi\u00e1 T5/24": 5799.781557044531, "Gi\u00e1 T6/24": 6039.960020977031, "Gi\u00e1 T7/24": 6197.4898490588075, "Gi\u00e1 T8/24": 6531.555071667871, "Gi\u00e1 T9/24": 6488.257565073317, "Gi\u00e1 T10/24": 6433.555971724072}