{"Gi\u00e1 T10/22": 117.30434661473268, "Gi\u00e1 T11/22": 117.1285229226938, "Gi\u00e1 T12/22": 115.95733179123951, "Gi\u00e1 T1/23": 114.57084707288425, "Gi\u00e1 T2/23": 109.28710221225856, "Gi\u00e1 T3/23": 112.34791216311373, "Gi\u00e1 T4/23": 113.41826855078178, "Gi\u00e1 T5/23": 102.73482009313858, "Gi\u00e1 T6/23": 116.17230858363861, "Gi\u00e1 T7/23": 115.50072792560525, "Gi\u00e1 T8/23": 120.58563226965023, "Gi\u00e1 T9/23": 123.64837664791854, "Gi\u00e1 T10/23": 116.46958683361352, "Gi\u00e1 T11/23": 118.50917682815414, "Gi\u00e1 T12/23": 130.91482814811522, "Gi\u00e1 T1/24": 130.77402731225038, "Gi\u00e1 T2/24": 120.27459227937331, "Gi\u00e1 T3/24": 122.31008623687923, "Gi\u00e1 T4/24": 121.63192954155774, "Gi\u00e1 T5/24": 123.65386508923412, "Gi\u00e1 T6/24": 127.94484351237949, "Gi\u00e1 T7/24": 124.87322806650458, "Gi\u00e1 T8/24": 123.53538577924004, "Gi\u00e1 T9/24": 131.05642192222234, "Gi\u00e1 T10/24": 136.2634115059874}