{"Gi\u00e1 T10/22": 73.30434363751586, "Gi\u00e1 T11/22": 77.18198584224055, "Gi\u00e1 T12/22": 74.46358224738269, "Gi\u00e1 T1/23": 69.49848618714461, "Gi\u00e1 T2/23": 65.33152004878485, "Gi\u00e1 T3/23": 71.45735468092856, "Gi\u00e1 T4/23": 66.90674243559444, "Gi\u00e1 T5/23": 73.10317019524174, "Gi\u00e1 T6/23": 73.50298918713771, "Gi\u00e1 T7/23": 71.39957729535318, "Gi\u00e1 T8/23": 70.60984389998218, "Gi\u00e1 T9/23": 76.1643892330956, "Gi\u00e1 T10/23": 73.1563124977893, "Gi\u00e1 T11/23": 72.85738350160612, "Gi\u00e1 T12/23": 75.24853356206809, "Gi\u00e1 T1/24": 76.72526982640154, "Gi\u00e1 T2/24": 80.35360935314311, "Gi\u00e1 T3/24": 76.7523060804389, "Gi\u00e1 T4/24": 81.07305047153082, "Gi\u00e1 T5/24": 83.08686017818383, "Gi\u00e1 T6/24": 85.28257136476503, "Gi\u00e1 T7/24": 81.7888375483445, "Gi\u00e1 T8/24": 81.52855974468233, "Gi\u00e1 T9/24": 88.85838017791073, "Gi\u00e1 T10/24": 92.51400820578374}