{"Gi\u00e1 T10/22": 118.71169459567999, "Gi\u00e1 T11/22": 119.83622052607068, "Gi\u00e1 T12/22": 117.21785841307398, "Gi\u00e1 T1/23": 120.65756748618995, "Gi\u00e1 T2/23": 119.90774295376627, "Gi\u00e1 T3/23": 120.85586043857651, "Gi\u00e1 T4/23": 120.56549258520087, "Gi\u00e1 T5/23": 96.24712188443864, "Gi\u00e1 T6/23": 122.60138439493082, "Gi\u00e1 T7/23": 122.73122583575834, "Gi\u00e1 T8/23": 122.85649698553894, "Gi\u00e1 T9/23": 126.04043398671497, "Gi\u00e1 T10/23": 123.57462619879061, "Gi\u00e1 T11/23": 125.10954290134934, "Gi\u00e1 T12/23": 126.03851806749815, "Gi\u00e1 T1/24": 128.42101789789362, "Gi\u00e1 T2/24": 124.64822502850225, "Gi\u00e1 T3/24": 129.1215585284454, "Gi\u00e1 T4/24": 131.48354080433, "Gi\u00e1 T5/24": 133.1270007015189, "Gi\u00e1 T6/24": 134.10234504659255, "Gi\u00e1 T7/24": 136.08256298193535, "Gi\u00e1 T8/24": 135.28785151619098, "Gi\u00e1 T9/24": 137.38590081243376, "Gi\u00e1 T10/24": 139.95630708635085}