{"Gi\u00e1 T10/22": 125.36343352610442, "Gi\u00e1 T11/22": 125.82559477822868, "Gi\u00e1 T12/22": 125.40879204551229, "Gi\u00e1 T1/23": 122.30873746465997, "Gi\u00e1 T2/23": 115.37556185280211, "Gi\u00e1 T3/23": 120.76110892181327, "Gi\u00e1 T4/23": 123.03303422949037, "Gi\u00e1 T5/23": 117.96011917430216, "Gi\u00e1 T6/23": 125.20886635812468, "Gi\u00e1 T7/23": 127.03047092510462, "Gi\u00e1 T8/23": 132.03440370471176, "Gi\u00e1 T9/23": 135.4626700837781, "Gi\u00e1 T10/23": 125.05241589524218, "Gi\u00e1 T11/23": 126.08892833489135, "Gi\u00e1 T12/23": 142.08234588690286, "Gi\u00e1 T1/24": 143.40988685148244, "Gi\u00e1 T2/24": 131.54563469082902, "Gi\u00e1 T3/24": 132.92898793311272, "Gi\u00e1 T4/24": 130.6717596927362, "Gi\u00e1 T5/24": 133.24891205827134, "Gi\u00e1 T6/24": 138.20656159563816, "Gi\u00e1 T7/24": 134.3487562060358, "Gi\u00e1 T8/24": 132.4177804910048, "Gi\u00e1 T9/24": 139.44116161516394, "Gi\u00e1 T10/24": 146.1313282974028}