{"Gi\u00e1 T10/22": 26.4773906553217, "Gi\u00e1 T11/22": 24.353326615912817, "Gi\u00e1 T12/22": 25.886167898193765, "Gi\u00e1 T1/23": 28.049544521570382, "Gi\u00e1 T2/23": 25.25782057023436, "Gi\u00e1 T3/23": 25.177829340200027, "Gi\u00e1 T4/23": 21.438489140170173, "Gi\u00e1 T5/23": 22.632877854903718, "Gi\u00e1 T6/23": 21.25945962083893, "Gi\u00e1 T7/23": 29.439239998507244, "Gi\u00e1 T8/23": 25.05377052545156, "Gi\u00e1 T9/23": 26.814972197342883, "Gi\u00e1 T10/23": 24.04245689655172, "Gi\u00e1 T11/23": 26.995064748469918, "Gi\u00e1 T12/23": 24.479295230631436, "Gi\u00e1 T1/24": 31.046308404239433, "Gi\u00e1 T2/24": 36.64518416927899, "Gi\u00e1 T3/24": 33.77938181071802, "Gi\u00e1 T4/24": 36.27480220928498, "Gi\u00e1 T5/24": 32.763629646215854, "Gi\u00e1 T6/24": 36.74903847589192, "Gi\u00e1 T7/24": 40.188243021346466, "Gi\u00e1 T8/24": 38.72999552171966, "Gi\u00e1 T9/24": 43.204557210031346, "Gi\u00e1 T10/24": 48.94423570682192}