{"Gi\u00e1 T10/22": 9194.52458523592, "Gi\u00e1 T11/22": 9275.009356925419, "Gi\u00e1 T12/22": 8848.839699391172, "Gi\u00e1 T1/23": 9244.305742009132, "Gi\u00e1 T2/23": 9764.874033485541, "Gi\u00e1 T3/23": 9959.719303652968, "Gi\u00e1 T4/23": 7232.777747336378, "Gi\u00e1 T5/23": 6922.658679604262, "Gi\u00e1 T6/23": 7608.7320662100465, "Gi\u00e1 T7/23": 7535.104151445967, "Gi\u00e1 T8/23": 8285.076929223744, "Gi\u00e1 T9/23": 8472.344098173517, "Gi\u00e1 T10/23": 8750.50346651446, "Gi\u00e1 T11/23": 8408.54454718417, "Gi\u00e1 T12/23": 8960.729718417047, "Gi\u00e1 T1/24": 8384.47608066971, "Gi\u00e1 T2/24": 7410.059121004566, "Gi\u00e1 T3/24": 8584.723474124808, "Gi\u00e1 T4/24": 9766.336575342468, "Gi\u00e1 T5/24": 11779.163025114156, "Gi\u00e1 T6/24": 12369.230711567732, "Gi\u00e1 T7/24": 12821.038801369863, "Gi\u00e1 T8/24": 12657.110894216134, "Gi\u00e1 T9/24": 13048.558626331811, "Gi\u00e1 T10/24": 13840.704535768646}