{"Gi\u00e1 T10/22": 9236.042745945946, "Gi\u00e1 T11/22": 9329.756875675675, "Gi\u00e1 T12/22": 8945.372252252253, "Gi\u00e1 T1/23": 9340.226605405405, "Gi\u00e1 T2/23": 9812.477592792793, "Gi\u00e1 T3/23": 10024.55063063063, "Gi\u00e1 T4/23": 7226.132781981982, "Gi\u00e1 T5/23": 6956.622187387387, "Gi\u00e1 T6/23": 7655.054443243244, "Gi\u00e1 T7/23": 7554.67907027027, "Gi\u00e1 T8/23": 8299.925232432432, "Gi\u00e1 T9/23": 8489.733971171172, "Gi\u00e1 T10/23": 8790.073268468468, "Gi\u00e1 T11/23": 8403.744533333333, "Gi\u00e1 T12/23": 9004.914054054054, "Gi\u00e1 T1/24": 8387.39009009009, "Gi\u00e1 T2/24": 7447.439819819819, "Gi\u00e1 T3/24": 8606.186486486486, "Gi\u00e1 T4/24": 9674.518100900903, "Gi\u00e1 T5/24": 11697.363430630632, "Gi\u00e1 T6/24": 12255.59081081081, "Gi\u00e1 T7/24": 12709.722335135135, "Gi\u00e1 T8/24": 12508.925135135136, "Gi\u00e1 T9/24": 13050.144144144144, "Gi\u00e1 T10/24": 13762.593524324326}