{"Gi\u00e1 T10/22": 26.253043066322146, "Gi\u00e1 T11/22": 24.327126399655466, "Gi\u00e1 T12/22": 25.840081826012064, "Gi\u00e1 T1/23": 27.757880921619293, "Gi\u00e1 T2/23": 25.140211670973297, "Gi\u00e1 T3/23": 24.728030146425493, "Gi\u00e1 T4/23": 21.87793604651163, "Gi\u00e1 T5/23": 23.237384797588287, "Gi\u00e1 T6/23": 21.58259926787252, "Gi\u00e1 T7/23": 29.36043906115418, "Gi\u00e1 T8/23": 24.96483527131783, "Gi\u00e1 T9/23": 26.375889534883715, "Gi\u00e1 T10/23": 23.90313673557278, "Gi\u00e1 T11/23": 26.747634797588283, "Gi\u00e1 T12/23": 24.41776550387597, "Gi\u00e1 T1/24": 29.552075581395346, "Gi\u00e1 T2/24": 35.373749999999994, "Gi\u00e1 T3/24": 33.01682665805341, "Gi\u00e1 T4/24": 35.04621511627908, "Gi\u00e1 T5/24": 32.58495004306633, "Gi\u00e1 T6/24": 35.90254069767442, "Gi\u00e1 T7/24": 40.627880921619294, "Gi\u00e1 T8/24": 39.51290611541774, "Gi\u00e1 T9/24": 44.19990697674419, "Gi\u00e1 T10/24": 49.29394810508183}