{"Gi\u00e1 T10/22": 214.21785714285716, "Gi\u00e1 T11/22": 223.62576623376623, "Gi\u00e1 T12/22": 400.82446428571416, "Gi\u00e1 T1/23": 311.74763311688315, "Gi\u00e1 T2/23": 339.8563636363635, "Gi\u00e1 T3/23": 235.0181525974026, "Gi\u00e1 T4/23": 239.57908766233757, "Gi\u00e1 T5/23": 191.12147727272725, "Gi\u00e1 T6/23": 344.2225324675324, "Gi\u00e1 T7/23": 345.7766103896104, "Gi\u00e1 T8/23": 318.9898051948051, "Gi\u00e1 T9/23": 302.55780519480516, "Gi\u00e1 T10/23": 511.84246428571424, "Gi\u00e1 T11/23": 329.4733733766234, "Gi\u00e1 T12/23": 366.83420454545467, "Gi\u00e1 T1/24": 349.6724025974026, "Gi\u00e1 T2/24": 286.05542532467535, "Gi\u00e1 T3/24": 360.9556363636365, "Gi\u00e1 T4/24": 852.4330876623377, "Gi\u00e1 T5/24": 704.5664285714287, "Gi\u00e1 T6/24": 957.7366753246754, "Gi\u00e1 T7/24": 919.0254025974027, "Gi\u00e1 T8/24": 763.9573506493507, "Gi\u00e1 T9/24": 727.6824642857141, "Gi\u00e1 T10/24": 517.5854025974025}