{"Gi\u00e1 T10/22": 66.30822259534258, "Gi\u00e1 T11/22": 61.793984709019114, "Gi\u00e1 T12/22": 64.61226230194939, "Gi\u00e1 T1/23": 61.92290449292843, "Gi\u00e1 T2/23": 57.87304244652088, "Gi\u00e1 T3/23": 58.83421659219069, "Gi\u00e1 T4/23": 58.176390958755725, "Gi\u00e1 T5/23": 59.963605722175195, "Gi\u00e1 T6/23": 58.45847452420803, "Gi\u00e1 T7/23": 60.10690946826605, "Gi\u00e1 T8/23": 56.22395842877447, "Gi\u00e1 T9/23": 56.42803125650047, "Gi\u00e1 T10/23": 57.92263852088654, "Gi\u00e1 T11/23": 61.538705408103304, "Gi\u00e1 T12/23": 64.91673686723784, "Gi\u00e1 T1/24": 62.5159610992014, "Gi\u00e1 T2/24": 63.83524767664316, "Gi\u00e1 T3/24": 68.01862401493545, "Gi\u00e1 T4/24": 74.1420253970175, "Gi\u00e1 T5/24": 75.47326892436058, "Gi\u00e1 T6/24": 78.16476372711304, "Gi\u00e1 T7/24": 81.96736955806809, "Gi\u00e1 T8/24": 83.63932660645992, "Gi\u00e1 T9/24": 83.60839241914154, "Gi\u00e1 T10/24": 88.02922892800018}