{"Gi\u00e1 T10/22": 6.584196039930832, "Gi\u00e1 T11/22": 6.2592571791317795, "Gi\u00e1 T12/22": 6.2720222568614075, "Gi\u00e1 T1/23": 6.199508675792707, "Gi\u00e1 T2/23": 6.33252577425187, "Gi\u00e1 T3/23": 6.644614365188791, "Gi\u00e1 T4/23": 6.494529618044127, "Gi\u00e1 T5/23": 6.760624386228188, "Gi\u00e1 T6/23": 6.3947076193469226, "Gi\u00e1 T7/23": 6.246753992580763, "Gi\u00e1 T8/23": 6.52200141696779, "Gi\u00e1 T9/23": 6.413121127396683, "Gi\u00e1 T10/23": 6.615341043347755, "Gi\u00e1 T11/23": 7.050179525869497, "Gi\u00e1 T12/23": 7.006797178733706, "Gi\u00e1 T1/24": 6.98020709746679, "Gi\u00e1 T2/24": 6.3857864164427385, "Gi\u00e1 T3/24": 6.591990018365822, "Gi\u00e1 T4/24": 7.106496162631569, "Gi\u00e1 T5/24": 6.924572247218756, "Gi\u00e1 T6/24": 7.303853391446821, "Gi\u00e1 T7/24": 7.415524235658176, "Gi\u00e1 T8/24": 8.066130516833162, "Gi\u00e1 T9/24": 8.028054858087934, "Gi\u00e1 T10/24": 8.195208437909443}