{"Gi\u00e1 T10/22": 65.57415154705873, "Gi\u00e1 T11/22": 61.089427539916215, "Gi\u00e1 T12/22": 63.80729524423867, "Gi\u00e1 T1/23": 60.212081543942865, "Gi\u00e1 T2/23": 56.34331615581606, "Gi\u00e1 T3/23": 57.459509831340355, "Gi\u00e1 T4/23": 56.37169656204881, "Gi\u00e1 T5/23": 57.570160838243915, "Gi\u00e1 T6/23": 56.85994167538664, "Gi\u00e1 T7/23": 58.2745751523007, "Gi\u00e1 T8/23": 55.76218024483591, "Gi\u00e1 T9/23": 55.226903754085534, "Gi\u00e1 T10/23": 56.419128929655955, "Gi\u00e1 T11/23": 60.01124034152578, "Gi\u00e1 T12/23": 65.66588448686666, "Gi\u00e1 T1/24": 60.707748877552554, "Gi\u00e1 T2/24": 62.413920302102916, "Gi\u00e1 T3/24": 67.0104883831619, "Gi\u00e1 T4/24": 73.15331046571056, "Gi\u00e1 T5/24": 74.68235862522221, "Gi\u00e1 T6/24": 77.49291079932533, "Gi\u00e1 T7/24": 80.64799500306805, "Gi\u00e1 T8/24": 82.58578950775184, "Gi\u00e1 T9/24": 84.01225499195785, "Gi\u00e1 T10/24": 87.27060046511522}