{"Gi\u00e1 T10/22": 6.775198269337308, "Gi\u00e1 T11/22": 6.441161379823447, "Gi\u00e1 T12/22": 6.480318552328968, "Gi\u00e1 T1/23": 6.4135131154335685, "Gi\u00e1 T2/23": 6.56623149880306, "Gi\u00e1 T3/23": 6.880801817706925, "Gi\u00e1 T4/23": 6.76428468642485, "Gi\u00e1 T5/23": 7.11252307692427, "Gi\u00e1 T6/23": 6.67398433944691, "Gi\u00e1 T7/23": 6.484546454687844, "Gi\u00e1 T8/23": 6.738391715079808, "Gi\u00e1 T9/23": 6.604829103170308, "Gi\u00e1 T10/23": 6.815039311000113, "Gi\u00e1 T11/23": 7.445431797939674, "Gi\u00e1 T12/23": 7.259385139044864, "Gi\u00e1 T1/24": 7.134664869293699, "Gi\u00e1 T2/24": 6.599940715265632, "Gi\u00e1 T3/24": 6.682191516952837, "Gi\u00e1 T4/24": 7.722027513560659, "Gi\u00e1 T5/24": 7.245668388959537, "Gi\u00e1 T6/24": 8.077117525860503, "Gi\u00e1 T7/24": 8.441172541300407, "Gi\u00e1 T8/24": 8.842202278934042, "Gi\u00e1 T9/24": 8.77663276425118, "Gi\u00e1 T10/24": 8.824900217552903}