{"Gi\u00e1 T10/22": 26.65321212121213, "Gi\u00e1 T11/22": 24.74566438356164, "Gi\u00e1 T12/22": 26.058845163968456, "Gi\u00e1 T1/23": 27.772405770029057, "Gi\u00e1 T2/23": 25.777818804483186, "Gi\u00e1 T3/23": 25.506974678289744, "Gi\u00e1 T4/23": 22.492043171440432, "Gi\u00e1 T5/23": 23.820444167704444, "Gi\u00e1 T6/23": 22.322378372768778, "Gi\u00e1 T7/23": 30.2372594437526, "Gi\u00e1 T8/23": 25.359517642175177, "Gi\u00e1 T9/23": 26.99059755085097, "Gi\u00e1 T10/23": 24.473993150684926, "Gi\u00e1 T11/23": 27.236262972187625, "Gi\u00e1 T12/23": 24.46568202573682, "Gi\u00e1 T1/24": 29.732025529265254, "Gi\u00e1 T2/24": 34.954421751764215, "Gi\u00e1 T3/24": 33.33189269406393, "Gi\u00e1 T4/24": 35.762999377335, "Gi\u00e1 T5/24": 33.57247488584475, "Gi\u00e1 T6/24": 36.86417932752179, "Gi\u00e1 T7/24": 41.31851722706517, "Gi\u00e1 T8/24": 41.103216894977166, "Gi\u00e1 T9/24": 45.69408447488585, "Gi\u00e1 T10/24": 50.7851496471565}