{"Gi\u00e1 T10/22": 8.457803085253246, "Gi\u00e1 T11/22": 8.405667069944245, "Gi\u00e1 T12/22": 8.572381918330613, "Gi\u00e1 T1/23": 8.676745490903699, "Gi\u00e1 T2/23": 8.077994598482844, "Gi\u00e1 T3/23": 8.704248632107497, "Gi\u00e1 T4/23": 7.432997339979236, "Gi\u00e1 T5/23": 8.427440825811503, "Gi\u00e1 T6/23": 8.236764915586752, "Gi\u00e1 T7/23": 7.6227733462394776, "Gi\u00e1 T8/23": 7.940194281533427, "Gi\u00e1 T9/23": 8.081710552718423, "Gi\u00e1 T10/23": 8.679649068903217, "Gi\u00e1 T11/23": 9.378004031708455, "Gi\u00e1 T12/23": 9.71395772970388, "Gi\u00e1 T1/24": 9.404145509796463, "Gi\u00e1 T2/24": 9.372282940223323, "Gi\u00e1 T3/24": 9.252378826508068, "Gi\u00e1 T4/24": 9.571329519809431, "Gi\u00e1 T5/24": 8.416330289271414, "Gi\u00e1 T6/24": 9.786955075124192, "Gi\u00e1 T7/24": 10.436839582281275, "Gi\u00e1 T8/24": 11.617911332435321, "Gi\u00e1 T9/24": 11.550383213057888, "Gi\u00e1 T10/24": 11.94613921867121}