{"area_name": "6th Element", "under_50": 0.0, "between_50_75": 4.3478260869565215, "between_75_100": 52.17391304347826, "between_100_125": 43.47826086956522, "over_125": 0.0}