{"area_name": "A10-A14 Nam Trung Y\u00ean", "under_50": 0.0, "between_50_75": 61.53846153846154, "between_75_100": 38.46153846153847, "between_100_125": 0.0, "over_125": 0.0}