{"area_name": "Avenue Garden", "under_50": 0.0, "between_50_75": 0.0, "between_75_100": 33.33333333333333, "between_100_125": 0.0, "over_125": 66.66666666666666}