{"area_name": "Bamboo Airways Tower", "under_50": 3.7037037037037033, "between_50_75": 55.55555555555556, "between_75_100": 40.74074074074074, "between_100_125": 0.0, "over_125": 0.0}