{"area_name": "Berriver Jardin Long Bi\u00ean", "under_50": 4.761904761904762, "between_50_75": 95.23809523809523, "between_75_100": 0.0, "between_100_125": 0.0, "over_125": 0.0}