{"area_name": "C14 - B\u1ed9 C\u00f4ng An", "under_50": 38.46153846153847, "between_50_75": 61.53846153846154, "between_75_100": 0.0, "between_100_125": 0.0, "over_125": 0.0}