{"area_name": "C37 B\u1ed9 C\u00f4ng An - B\u1eafc H\u00e0 Tower", "under_50": 42.857142857142854, "between_50_75": 42.857142857142854, "between_75_100": 0.0, "between_100_125": 0.0, "over_125": 14.285714285714285}