{"area_name": "C\u1ea7u Gi\u1ea5y Center Point", "under_50": 0.0, "between_50_75": 50.0, "between_75_100": 46.42857142857143, "between_100_125": 0.0, "over_125": 3.571428571428571}