{"area_name": "Chung c\u01b0 The Senique Hanoi", "under_50": 0.0, "between_50_75": 54.54545454545454, "between_75_100": 45.45454545454545, "between_100_125": 0.0, "over_125": 0.0}