{"area_name": "Chung c\u01b0 The Senique Hanoi", "under_50": 0.0, "between_50_75": 63.1578947368421, "between_75_100": 36.84210526315789, "between_100_125": 0.0, "over_125": 0.0}