{"area_name": "Chung c\u01b0 D2 Gi\u1ea3ng V\u00f5", "under_50": 0.0, "between_50_75": 11.11111111111111, "between_75_100": 77.77777777777779, "between_100_125": 0.0, "over_125": 11.11111111111111}