{"area_name": "Chung c\u01b0 N\u00e0ng H\u01b0\u01a1ng - 583 Nguy\u1ec5n Tr\u00e3i", "under_50": 0.0, "between_50_75": 66.66666666666666, "between_75_100": 0.0, "between_100_125": 0.0, "over_125": 33.33333333333333}