{"area_name": "Chung c\u01b0 187 T\u00e2y S\u01a1n", "under_50": 0.0, "between_50_75": 33.33333333333333, "between_75_100": 66.66666666666666, "between_100_125": 0.0, "over_125": 0.0}