{"area_name": "Chung c\u01b0 XpHomes T\u00e2n T\u00e2y \u0110\u00f4", "under_50": 66.66666666666666, "between_50_75": 33.33333333333333, "between_75_100": 0.0, "between_100_125": 0.0, "over_125": 0.0}