{"area_name": "CT2 Xu\u00e2n Ph\u01b0\u01a1ng", "under_50": 33.33333333333333, "between_50_75": 66.66666666666666, "between_75_100": 0.0, "between_100_125": 0.0, "over_125": 0.0}