{"area_name": "Diamond Flower Tower", "under_50": 0.0, "between_50_75": 71.42857142857143, "between_75_100": 28.57142857142857, "between_100_125": 0.0, "over_125": 0.0}