{"area_name": "Dolphin Plaza", "under_50": 41.17647058823529, "between_50_75": 58.82352941176471, "between_75_100": 0.0, "between_100_125": 0.0, "over_125": 0.0}