{"area_name": "D\u2019. El Dorado II", "under_50": 0.0, "between_50_75": 28.57142857142857, "between_75_100": 42.857142857142854, "between_100_125": 0.0, "over_125": 28.57142857142857}