{"area_name": "D\u2019. Le Roi Soleil", "under_50": 0.0, "between_50_75": 5.405405405405405, "between_75_100": 16.216216216216218, "between_100_125": 32.432432432432435, "over_125": 45.94594594594595}