{"area_name": "D\u2019. El Dorado", "under_50": 0.0, "between_50_75": 0.0, "between_75_100": 41.17647058823529, "between_100_125": 35.294117647058826, "over_125": 23.52941176470588}