{"area_name": "Eco City Vi\u1ec7t H\u01b0ng", "under_50": 27.77777777777778, "between_50_75": 72.22222222222221, "between_75_100": 0.0, "between_100_125": 0.0, "over_125": 0.0}