{"area_name": "Eco Green City", "under_50": 6.0606060606060606, "between_50_75": 93.93939393939394, "between_75_100": 0.0, "between_100_125": 0.0, "over_125": 0.0}