{"area_name": "Ecohome Ph\u00fac L\u1ee3i", "under_50": 66.66666666666666, "between_50_75": 33.33333333333333, "between_75_100": 0.0, "between_100_125": 0.0, "over_125": 0.0}