{"area_name": "Eurowindow River Park", "under_50": 34.04255319148936, "between_50_75": 53.191489361702125, "between_75_100": 6.382978723404255, "between_100_125": 0.0, "over_125": 6.382978723404255}