{"area_name": "Eurowindow River Park", "under_50": 14.285714285714285, "between_50_75": 35.714285714285715, "between_75_100": 0.0, "between_100_125": 0.0, "over_125": 50.0}