{"area_name": "Goldsilk Complex", "under_50": 9.090909090909092, "between_50_75": 90.9090909090909, "between_75_100": 0.0, "between_100_125": 0.0, "over_125": 0.0}