{"area_name": "Goldmark City", "under_50": 14.285714285714285, "between_50_75": 82.14285714285714, "between_75_100": 0.0, "between_100_125": 3.571428571428571, "over_125": 0.0}