{"area_name": "Golden Palace", "under_50": 28.57142857142857, "between_50_75": 71.42857142857143, "between_75_100": 0.0, "between_100_125": 0.0, "over_125": 0.0}