{"area_name": "Golden Land", "under_50": 14.285714285714285, "between_50_75": 85.71428571428571, "between_75_100": 0.0, "between_100_125": 0.0, "over_125": 0.0}