{"area_name": "Grandeur Palace Gi\u1ea3ng V\u00f5", "under_50": 0.0, "between_50_75": 0.0, "between_75_100": 0.0, "between_100_125": 33.33333333333333, "over_125": 66.66666666666666}