{"area_name": "Green Pearl 378 Minh Khai", "under_50": 0.0, "between_50_75": 33.33333333333333, "between_75_100": 66.66666666666666, "between_100_125": 0.0, "over_125": 0.0}