{"area_name": "H\u00e0 N\u1ed9i Center Point", "under_50": 4.166666666666666, "between_50_75": 16.666666666666664, "between_75_100": 79.16666666666666, "between_100_125": 0.0, "over_125": 0.0}