{"area_name": "H\u00e0 N\u1ed9i Aqua Central", "under_50": 0.0, "between_50_75": 0.0, "between_75_100": 0.0, "between_100_125": 42.857142857142854, "over_125": 57.14285714285714}