{"area_name": "H\u00e0 N\u1ed9i Melody Residences", "under_50": 8.571428571428571, "between_50_75": 91.42857142857143, "between_75_100": 0.0, "between_100_125": 0.0, "over_125": 0.0}