{"area_name": "Hapulico Complex", "under_50": 0.0, "between_50_75": 77.77777777777779, "between_75_100": 11.11111111111111, "between_100_125": 0.0, "over_125": 11.11111111111111}