{"area_name": "Hateco Laroma", "under_50": 0.0, "between_50_75": 0.0, "between_75_100": 38.46153846153847, "between_100_125": 53.84615384615385, "over_125": 7.6923076923076925}