{"area_name": "Heritage West Lake", "under_50": 0.0, "between_50_75": 5.555555555555555, "between_75_100": 16.666666666666664, "between_100_125": 5.555555555555555, "over_125": 72.22222222222221}