{"area_name": "HH3 Linh \u0110\u00e0m", "under_50": 83.33333333333334, "between_50_75": 0.0, "between_75_100": 0.0, "between_100_125": 0.0, "over_125": 16.666666666666664}