{"area_name": "Hinode City", "under_50": 0.0, "between_50_75": 0.0, "between_75_100": 90.9090909090909, "between_100_125": 9.090909090909092, "over_125": 0.0}