{"area_name": "H\u1ed3 G\u01b0\u01a1m Plaza", "under_50": 23.809523809523807, "between_50_75": 76.19047619047619, "between_75_100": 0.0, "between_100_125": 0.0, "over_125": 0.0}