{"area_name": "Ho\u00e0ng Th\u00e0nh Tower", "under_50": 0.0, "between_50_75": 33.33333333333333, "between_75_100": 0.0, "between_100_125": 0.0, "over_125": 66.66666666666666}