{"area_name": "Ho\u00e0ng Th\u00e0nh Pearl", "under_50": 0.0, "between_50_75": 85.71428571428571, "between_75_100": 14.285714285714285, "between_100_125": 0.0, "over_125": 0.0}