{"area_name": "Home City Trung K\u00ednh", "under_50": 0.0, "between_50_75": 72.22222222222221, "between_75_100": 27.77777777777778, "between_100_125": 0.0, "over_125": 0.0}