{"area_name": "Hope Residence", "under_50": 81.81818181818183, "between_50_75": 18.181818181818183, "between_75_100": 0.0, "between_100_125": 0.0, "over_125": 0.0}