{"area_name": "HPC Landmark 105", "under_50": 16.666666666666664, "between_50_75": 83.33333333333334, "between_75_100": 0.0, "between_100_125": 0.0, "over_125": 0.0}