{"area_name": "IA20 Ciputra", "under_50": 16.666666666666664, "between_50_75": 66.66666666666666, "between_75_100": 0.0, "between_100_125": 0.0, "over_125": 16.666666666666664}