{"area_name": "Imperia Sky Garden", "under_50": 0.0, "between_50_75": 45.45454545454545, "between_75_100": 54.54545454545454, "between_100_125": 0.0, "over_125": 0.0}