{"area_name": "Imperia Smart City", "under_50": 0.0, "between_50_75": 66.66666666666666, "between_75_100": 0.0, "between_100_125": 0.0, "over_125": 33.33333333333333}