{"area_name": "Imperia Smart City", "under_50": 0.0, "between_50_75": 95.34883720930233, "between_75_100": 4.651162790697675, "between_100_125": 0.0, "over_125": 0.0}