{"area_name": "Imperia Garden", "under_50": 0.0, "between_50_75": 23.076923076923077, "between_75_100": 76.92307692307693, "between_100_125": 0.0, "over_125": 0.0}