{"area_name": "Imperia Sola Park", "under_50": 0.0, "between_50_75": 93.33333333333333, "between_75_100": 0.0, "between_100_125": 0.0, "over_125": 6.666666666666667}