{"area_name": "Indochina Plaza Hanoi", "under_50": 0.0, "between_50_75": 9.090909090909092, "between_75_100": 63.63636363636363, "between_100_125": 9.090909090909092, "over_125": 18.181818181818183}