{"area_name": "Iris Garden", "under_50": 17.142857142857142, "between_50_75": 60.0, "between_75_100": 20.0, "between_100_125": 0.0, "over_125": 2.857142857142857}