{"area_name": "K\u0110T T\u00e2y H\u1ed3 T\u00e2y - Starlake H\u00e0 N\u1ed9i", "under_50": 0.0, "between_50_75": 3.7037037037037033, "between_75_100": 3.7037037037037033, "between_100_125": 11.11111111111111, "over_125": 81.48148148148148}