{"area_name": "Keangnam Hanoi Landmark Tower", "under_50": 0.0, "between_50_75": 64.28571428571429, "between_75_100": 35.714285714285715, "between_100_125": 0.0, "over_125": 0.0}