{"area_name": "Kh\u00f4ng ph\u1ea3i d\u1ef1 \u00e1n", "under_50": 7.156890261015998, "between_50_75": 5.725512208812798, "between_75_100": 3.578445130507999, "between_100_125": 4.78529329216952, "over_125": 78.75385910749368}