{"area_name": "Kh\u00f4ng ph\u1ea3i d\u1ef1 \u00e1n", "under_50": 5.582922824302135, "between_50_75": 4.707170224411604, "between_75_100": 3.3388067870826497, "between_100_125": 5.11767925561029, "over_125": 81.25342090859333}