{"area_name": "Kh\u00f4ng ph\u1ea3i d\u1ef1 \u00e1n", "under_50": 5.4149953717988275, "between_50_75": 3.856834310398025, "between_75_100": 2.9929034248688677, "between_100_125": 4.659055846960815, "over_125": 83.07621104597347}