{"area_name": "Khu \u0111\u00f4 th\u1ecb m\u1edbi D\u1ecbch V\u1ecdng", "under_50": 0.0, "between_50_75": 82.85714285714286, "between_75_100": 5.714285714285714, "between_100_125": 0.0, "over_125": 11.428571428571429}