{"area_name": "Khu \u0111\u00f4 th\u1ecb Nam Th\u0103ng Long - Ciputra", "under_50": 0.0, "between_50_75": 18.181818181818183, "between_75_100": 9.090909090909092, "between_100_125": 0.0, "over_125": 72.72727272727273}