{"area_name": "Khu \u0111\u00f4 th\u1ecb m\u1edbi Ngh\u0129a \u0110\u00f4", "under_50": 0.0, "between_50_75": 66.66666666666666, "between_75_100": 0.0, "between_100_125": 0.0, "over_125": 33.33333333333333}