{"area_name": "Khu \u0111\u00f4 th\u1ecb M\u1ec5 Tr\u00ec H\u1ea1", "under_50": 0.0, "between_50_75": 16.666666666666664, "between_75_100": 0.0, "between_100_125": 0.0, "over_125": 83.33333333333334}