{"area_name": "Khu \u0111\u00f4 th\u1ecb M\u1ef9 \u0110\u00ecnh S\u00f4ng \u0110\u00e0 - Sudico", "under_50": 14.705882352941178, "between_50_75": 79.41176470588235, "between_75_100": 0.0, "between_100_125": 0.0, "over_125": 5.88235294117647}