{"area_name": "Khu nh\u00e0 \u1edf s\u1ed1 6 \u0110\u1ed9i Nh\u00e2n", "under_50": 0.0, "between_50_75": 71.42857142857143, "between_75_100": 0.0, "between_100_125": 0.0, "over_125": 28.57142857142857}