{"area_name": "Khu \u0111\u00f4 th\u1ecb S\u00e0i \u0110\u1ed3ng", "under_50": 48.148148148148145, "between_50_75": 0.0, "between_75_100": 0.0, "between_100_125": 0.0, "over_125": 51.85185185185185}