{"area_name": "Khu \u0111\u00f4 th\u1ecb m\u1edbi Resco", "under_50": 33.33333333333333, "between_50_75": 44.44444444444444, "between_75_100": 0.0, "between_100_125": 0.0, "over_125": 22.22222222222222}