{"area_name": "Khu \u0111\u00f4 th\u1ecb Vi\u1ec7t H\u01b0ng", "under_50": 31.57894736842105, "between_50_75": 3.9473684210526314, "between_75_100": 0.0, "between_100_125": 0.0, "over_125": 64.47368421052632}