{"area_name": "Khu \u0111\u00f4 th\u1ecb m\u1edbi Xa La", "under_50": 77.77777777777779, "between_50_75": 3.1746031746031744, "between_75_100": 0.0, "between_100_125": 0.0, "over_125": 19.047619047619047}