{"area_name": "Khu \u0111\u00f4 th\u1ecb Thanh H\u00e0 M\u01b0\u1eddng Thanh", "under_50": 61.53846153846154, "between_50_75": 15.384615384615385, "between_75_100": 0.0, "between_100_125": 7.6923076923076925, "over_125": 15.384615384615385}