{"area_name": "Khu \u0111\u00f4 th\u1ecb V\u0103n Kh\u00ea", "under_50": 17.857142857142858, "between_50_75": 0.0, "between_75_100": 0.0, "between_100_125": 0.0, "over_125": 82.14285714285714}