{"area_name": "Khu \u0111\u00f4 th\u1ecb m\u1edbi Lideco - B\u1eafc Qu\u1ed1c l\u1ed9 32", "under_50": 0.0, "between_50_75": 0.0, "between_75_100": 6.666666666666667, "between_100_125": 33.33333333333333, "over_125": 60.0}