{"area_name": "Khu \u0111\u00f4 th\u1ecb Kim V\u0103n - Kim L\u0169 (Golden Silk)", "under_50": 42.857142857142854, "between_50_75": 57.14285714285714, "between_75_100": 0.0, "between_100_125": 0.0, "over_125": 0.0}