{"area_name": "Khu \u0111\u00f4 th\u1ecb Geleximco - L\u00ea Tr\u1ecdng T\u1ea5n", "under_50": 0.0, "between_50_75": 0.0, "between_75_100": 0.0, "between_100_125": 7.4074074074074066, "over_125": 92.5925925925926}