{"area_name": "Khu \u0111\u00f4 th\u1ecb m\u1edbi La Kh\u00ea", "under_50": 0.0, "between_50_75": 33.33333333333333, "between_75_100": 0.0, "between_100_125": 0.0, "over_125": 66.66666666666666}