{"area_name": "Khu \u0111\u00f4 th\u1ecb m\u1edbi Linh \u0110\u00e0m", "under_50": 22.058823529411764, "between_50_75": 33.82352941176471, "between_75_100": 0.0, "between_100_125": 2.941176470588235, "over_125": 41.17647058823529}