{"area_name": "Khu nh\u00e0 \u1edf 90 Nguy\u1ec5n Tu\u00e2n", "under_50": 0.0, "between_50_75": 36.36363636363637, "between_75_100": 39.39393939393939, "between_100_125": 0.0, "over_125": 24.242424242424242}