{"area_name": "Khu \u0111\u00f4 th\u1ecb M\u1ef9 \u0110\u00ecnh II", "under_50": 0.0, "between_50_75": 28.57142857142857, "between_75_100": 0.0, "between_100_125": 0.0, "over_125": 71.42857142857143}