{"area_name": "Khu \u0111\u00f4 th\u1ecb m\u1edbi T\u00e2n T\u00e2y \u0110\u00f4", "under_50": 53.333333333333336, "between_50_75": 0.0, "between_75_100": 6.666666666666667, "between_100_125": 6.666666666666667, "over_125": 33.33333333333333}