{"area_name": "Khu \u0111\u00f4 th\u1ecb Trung H\u00f2a - Nh\u00e2n Ch\u00ednh", "under_50": 2.4390243902439024, "between_50_75": 92.6829268292683, "between_75_100": 0.0, "between_100_125": 0.0, "over_125": 4.878048780487805}