{"area_name": "Khu \u0111\u00f4 th\u1ecb Nam Trung Y\u00ean", "under_50": 0.0, "between_50_75": 85.71428571428571, "between_75_100": 0.0, "between_100_125": 0.0, "over_125": 14.285714285714285}