{"area_name": "Khu \u0111\u00f4 th\u1ecb \u0110\u1eb7ng X\u00e1 1", "under_50": 66.66666666666666, "between_50_75": 0.0, "between_75_100": 0.0, "between_100_125": 33.33333333333333, "over_125": 0.0}