{"area_name": "Khu \u0111\u00f4 th\u1ecb Y\u00ean H\u00f2a", "under_50": 0.0, "between_50_75": 44.827586206896555, "between_75_100": 0.0, "between_100_125": 0.0, "over_125": 55.172413793103445}