{"area_name": "Khu \u0111\u00f4 th\u1ecb m\u1edbi \u0110\u1ea1i Kim - \u0110\u1ecbnh C\u00f4ng", "under_50": 0.0, "between_50_75": 22.22222222222222, "between_75_100": 0.0, "between_100_125": 0.0, "over_125": 77.77777777777779}