{"area_name": "Khu \u0111\u00f4 th\u1ecb \u0110\u1ea1i Kim", "under_50": 0.0, "between_50_75": 8.333333333333332, "between_75_100": 0.0, "between_100_125": 0.0, "over_125": 91.66666666666666}