{"area_name": "King Palace", "under_50": 0.0, "between_50_75": 42.857142857142854, "between_75_100": 57.14285714285714, "between_100_125": 0.0, "over_125": 0.0}