{"area_name": "Lancaster H\u00e0 N\u1ed9i", "under_50": 0.0, "between_50_75": 7.6923076923076925, "between_75_100": 69.23076923076923, "between_100_125": 15.384615384615385, "over_125": 7.6923076923076925}