{"area_name": "Lancaster Luminaire", "under_50": 0.0, "between_50_75": 11.11111111111111, "between_75_100": 33.33333333333333, "between_100_125": 44.44444444444444, "over_125": 11.11111111111111}