{"area_name": "L\u00e0ng Vi\u1ec7t Ki\u1ec1u Ch\u00e2u \u00c2u Euroland", "under_50": 6.666666666666667, "between_50_75": 16.666666666666664, "between_75_100": 0.0, "between_100_125": 0.0, "over_125": 76.66666666666667}