{"area_name": "Licogi 13 Tower", "under_50": 0.0, "between_50_75": 88.88888888888889, "between_75_100": 0.0, "between_100_125": 0.0, "over_125": 11.11111111111111}