{"area_name": "L\u1ed9c Ninh Singashine", "under_50": 50.0, "between_50_75": 0.0, "between_75_100": 5.88235294117647, "between_100_125": 38.23529411764706, "over_125": 5.88235294117647}