{"area_name": "Mailand Hanoi City", "under_50": 0.0, "between_50_75": 7.6923076923076925, "between_75_100": 0.0, "between_100_125": 0.0, "over_125": 92.3076923076923}