{"area_name": "Mandarin Garden", "under_50": 0.0, "between_50_75": 9.090909090909092, "between_75_100": 81.81818181818183, "between_100_125": 9.090909090909092, "over_125": 0.0}