{"area_name": "Masteri Waterfront", "under_50": 0.0, "between_50_75": 72.41379310344827, "between_75_100": 27.586206896551722, "between_100_125": 0.0, "over_125": 0.0}