{"area_name": "Mipec City View", "under_50": 16.666666666666664, "between_50_75": 75.0, "between_75_100": 0.0, "between_100_125": 0.0, "over_125": 8.333333333333332}