{"area_name": "Mipec Rubik 360", "under_50": 0.0, "between_50_75": 8.695652173913043, "between_75_100": 82.6086956521739, "between_100_125": 8.695652173913043, "over_125": 0.0}