{"area_name": "Momota -151A Nguy\u1ec5n \u0110\u1ee9c C\u1ea3nh", "under_50": 42.857142857142854, "between_50_75": 57.14285714285714, "between_75_100": 0.0, "between_100_125": 0.0, "over_125": 0.0}