{"area_name": "Mon City", "under_50": 0.0, "between_50_75": 72.72727272727273, "between_75_100": 22.727272727272727, "between_100_125": 0.0, "over_125": 4.545454545454546}