{"area_name": "Mulberry Lane", "under_50": 14.893617021276595, "between_50_75": 85.1063829787234, "between_75_100": 0.0, "between_100_125": 0.0, "over_125": 0.0}