{"area_name": "M\u1ef9 \u0110\u00ecnh Pearl", "under_50": 0.0, "between_50_75": 47.82608695652174, "between_75_100": 39.130434782608695, "between_100_125": 13.043478260869565, "over_125": 0.0}