{"area_name": "Park Kiara", "under_50": 0.0, "between_50_75": 0.0, "between_75_100": 57.14285714285714, "between_100_125": 42.857142857142854, "over_125": 0.0}