{"area_name": "PentStudio", "under_50": 0.0, "between_50_75": 33.33333333333333, "between_75_100": 50.0, "between_100_125": 16.666666666666664, "over_125": 0.0}