{"area_name": "Rivera Park H\u00e0 N\u1ed9i", "under_50": 0.0, "between_50_75": 22.727272727272727, "between_75_100": 77.27272727272727, "between_100_125": 0.0, "over_125": 0.0}