{"area_name": "Roman Plaza", "under_50": 2.083333333333333, "between_50_75": 93.75, "between_75_100": 2.083333333333333, "between_100_125": 0.0, "over_125": 2.083333333333333}