{"area_name": "Royal City", "under_50": 0.0, "between_50_75": 18.181818181818183, "between_75_100": 54.54545454545454, "between_100_125": 21.21212121212121, "over_125": 6.0606060606060606}