{"area_name": "S\u00e0i \u0110\u1ed3ng Lake View", "under_50": 66.66666666666666, "between_50_75": 0.0, "between_75_100": 0.0, "between_100_125": 33.33333333333333, "over_125": 0.0}