{"area_name": "SDU - 143 Tr\u1ea7n Ph\u00fa", "under_50": 85.71428571428571, "between_50_75": 14.285714285714285, "between_75_100": 0.0, "between_100_125": 0.0, "over_125": 0.0}