{"area_name": "Seasons Avenue", "under_50": 0.0, "between_50_75": 92.85714285714286, "between_75_100": 7.142857142857142, "between_100_125": 0.0, "over_125": 0.0}