{"area_name": "Sky Park Residence", "under_50": 0.0, "between_50_75": 14.285714285714285, "between_75_100": 85.71428571428571, "between_100_125": 0.0, "over_125": 0.0}