{"area_name": "S\u01a1n \u0110\u1ed3ng Center", "under_50": 0.0, "between_50_75": 0.0, "between_75_100": 0.0, "between_100_125": 33.33333333333333, "over_125": 66.66666666666666}