{"area_name": "Sunshine Golden River", "under_50": 0.0, "between_50_75": 0.0, "between_75_100": 53.84615384615385, "between_100_125": 38.46153846153847, "over_125": 7.6923076923076925}