{"area_name": "Sunshine City", "under_50": 0.0, "between_50_75": 32.25806451612903, "between_75_100": 64.51612903225806, "between_100_125": 0.0, "over_125": 3.225806451612903}