{"area_name": "Sunshine Riverside", "under_50": 0.0, "between_50_75": 57.89473684210527, "between_75_100": 42.10526315789473, "between_100_125": 0.0, "over_125": 0.0}