{"area_name": "T\u00e2y H\u1ed3 Residence", "under_50": 0.0, "between_50_75": 0.0, "between_75_100": 9.090909090909092, "between_100_125": 63.63636363636363, "over_125": 27.27272727272727}