{"area_name": "T\u00e2y H\u00e0 Tower", "under_50": 47.05882352941176, "between_50_75": 52.94117647058824, "between_75_100": 0.0, "between_100_125": 0.0, "over_125": 0.0}