{"area_name": "T\u00e2y Nam H\u1ed3 Linh \u0110\u00e0m", "under_50": 0.0, "between_50_75": 21.428571428571427, "between_75_100": 0.0, "between_100_125": 7.142857142857142, "over_125": 71.42857142857143}