{"area_name": "Th\u00e0nh ph\u1ed1 Giao L\u01b0u", "under_50": 0.0, "between_50_75": 8.695652173913043, "between_75_100": 0.0, "between_100_125": 0.0, "over_125": 91.30434782608695}