{"area_name": "Th\u00e0nh C\u00f4ng Tower 57 L\u00e1ng H\u1ea1", "under_50": 0.0, "between_50_75": 29.411764705882355, "between_75_100": 70.58823529411765, "between_100_125": 0.0, "over_125": 0.0}