{"area_name": "Th\u0103ng Long Number One", "under_50": 6.0606060606060606, "between_50_75": 84.84848484848484, "between_75_100": 9.090909090909092, "between_100_125": 0.0, "over_125": 0.0}