{"area_name": "The Canopy Residences - Vinhomes Smart City", "under_50": 0.0, "between_50_75": 89.47368421052632, "between_75_100": 10.526315789473683, "between_100_125": 0.0, "over_125": 0.0}