{"area_name": "The Zenpark", "under_50": 10.714285714285714, "between_50_75": 89.28571428571429, "between_75_100": 0.0, "between_100_125": 0.0, "over_125": 0.0}