{"area_name": "The Zenpark", "under_50": 6.896551724137931, "between_50_75": 93.10344827586206, "between_75_100": 0.0, "between_100_125": 0.0, "over_125": 0.0}