{"area_name": "The Tonkin - Vinhomes Smart City", "under_50": 10.526315789473683, "between_50_75": 73.68421052631578, "between_75_100": 15.789473684210526, "between_100_125": 0.0, "over_125": 0.0}