{"area_name": "The Nelson Private Residences", "under_50": 2.857142857142857, "between_50_75": 0.0, "between_75_100": 2.857142857142857, "between_100_125": 31.428571428571427, "over_125": 62.857142857142854}