{"area_name": "The Golden Palm L\u00ea V\u0103n L\u01b0\u01a1ng", "under_50": 0.0, "between_50_75": 61.904761904761905, "between_75_100": 33.33333333333333, "between_100_125": 0.0, "over_125": 4.761904761904762}