{"area_name": "The Garden Hills - 99 Tr\u1ea7n B\u00ecnh", "under_50": 4.166666666666666, "between_50_75": 95.83333333333334, "between_75_100": 0.0, "between_100_125": 0.0, "over_125": 0.0}