{"area_name": "The Emerald", "under_50": 6.666666666666667, "between_50_75": 93.33333333333333, "between_75_100": 0.0, "between_100_125": 0.0, "over_125": 0.0}