{"area_name": "The Zei M\u1ef9 \u0110\u00ecnh", "under_50": 8.333333333333332, "between_50_75": 16.666666666666664, "between_75_100": 66.66666666666666, "between_100_125": 0.0, "over_125": 8.333333333333332}