{"area_name": "The Matrix One", "under_50": 0.0, "between_50_75": 0.0, "between_75_100": 66.66666666666666, "between_100_125": 0.0, "over_125": 33.33333333333333}