{"area_name": "The Sapphire 2 - Vinhomes Ocean Park", "under_50": 21.052631578947366, "between_50_75": 78.94736842105263, "between_75_100": 0.0, "between_100_125": 0.0, "over_125": 0.0}