{"area_name": "The Pride", "under_50": 47.82608695652174, "between_50_75": 52.17391304347826, "between_75_100": 0.0, "between_100_125": 0.0, "over_125": 0.0}