{"area_name": "The Sapphire 1 - Vinhomes Ocean Park", "under_50": 26.31578947368421, "between_50_75": 73.68421052631578, "between_75_100": 0.0, "between_100_125": 0.0, "over_125": 0.0}