{"area_name": "The Sapphire-Vinhomes Smart City", "under_50": 8.955223880597014, "between_50_75": 89.55223880597015, "between_75_100": 0.0, "between_100_125": 0.0, "over_125": 1.4925373134328357}