{"area_name": "The Matrix One", "under_50": 0.0, "between_50_75": 12.903225806451612, "between_75_100": 54.83870967741935, "between_100_125": 22.58064516129032, "over_125": 9.67741935483871}