{"area_name": "The Sapphire 2 - Vinhomes Ocean Park", "under_50": 36.84210526315789, "between_50_75": 57.89473684210527, "between_75_100": 0.0, "between_100_125": 0.0, "over_125": 5.263157894736842}