{"area_name": "Times City", "under_50": 0.0, "between_50_75": 16.666666666666664, "between_75_100": 80.55555555555556, "between_100_125": 0.0, "over_125": 2.7777777777777777}