{"area_name": "T\u00f2a nh\u00e0 197 Tr\u1ea7n Ph\u00fa", "under_50": 35.714285714285715, "between_50_75": 64.28571428571429, "between_75_100": 0.0, "between_100_125": 0.0, "over_125": 0.0}