{"area_name": "To\u00e0 nh\u00e0 93 L\u00f2 \u0110\u00fac - Kinh \u0110\u00f4 Tower", "under_50": 0.0, "between_50_75": 33.33333333333333, "between_75_100": 66.66666666666666, "between_100_125": 0.0, "over_125": 0.0}