{"area_name": "T\u1ee9 Hi\u1ec7p Plaza", "under_50": 83.33333333333334, "between_50_75": 16.666666666666664, "between_75_100": 0.0, "between_100_125": 0.0, "over_125": 0.0}