{"area_name": "Udic Westlake", "under_50": 0.0, "between_50_75": 91.66666666666666, "between_75_100": 8.333333333333332, "between_100_125": 0.0, "over_125": 0.0}