{"area_name": "Vinhomes C\u1ed5 Loa", "under_50": 0.0, "between_50_75": 0.0, "between_75_100": 1.4285714285714286, "between_100_125": 0.0, "over_125": 98.57142857142858}