{"area_name": "Vinhomes Gardenia", "under_50": 0.0, "between_50_75": 31.70731707317073, "between_75_100": 24.390243902439025, "between_100_125": 0.0, "over_125": 43.90243902439025}