{"area_name": "Vinhomes Times City - Park Hill", "under_50": 0.0, "between_50_75": 12.121212121212121, "between_75_100": 78.78787878787878, "between_100_125": 9.090909090909092, "over_125": 0.0}