{"area_name": "Vinhomes Gardenia", "under_50": 0.0, "between_50_75": 22.22222222222222, "between_75_100": 0.0, "between_100_125": 0.0, "over_125": 77.77777777777779}