{"area_name": "Vinhomes Ocean Park Gia L\u00e2m", "under_50": 54.24528301886793, "between_50_75": 18.39622641509434, "between_75_100": 0.0, "between_100_125": 0.4716981132075472, "over_125": 26.88679245283019}