{"area_name": "Vinhomes West Point", "under_50": 0.0, "between_50_75": 32.142857142857146, "between_75_100": 39.285714285714285, "between_100_125": 28.57142857142857, "over_125": 0.0}