{"area_name": "Vinhomes Smart City", "under_50": 4.761904761904762, "between_50_75": 88.09523809523809, "between_75_100": 4.761904761904762, "between_100_125": 0.0, "over_125": 2.380952380952381}