{"area_name": "Vinhomes Metropolis - Li\u1ec5u Giai", "under_50": 0.0, "between_50_75": 0.0, "between_75_100": 2.564102564102564, "between_100_125": 5.128205128205128, "over_125": 92.3076923076923}