{"area_name": "Vinhomes D'Capitale", "under_50": 2.380952380952381, "between_50_75": 19.047619047619047, "between_75_100": 64.28571428571429, "between_100_125": 14.285714285714285, "over_125": 0.0}