{"area_name": "Vinhomes Th\u0103ng Long", "under_50": 0.0, "between_50_75": 0.0, "between_75_100": 0.0, "between_100_125": 9.090909090909092, "over_125": 90.9090909090909}