{"area_name": "Vinhomes Green Bay M\u1ec5 Tr\u00ec", "under_50": 7.4074074074074066, "between_50_75": 55.55555555555556, "between_75_100": 24.074074074074073, "between_100_125": 0.0, "over_125": 12.962962962962962}