{"area_name": "Vinhomes C\u1ed5 Loa", "under_50": 0.0, "between_50_75": 0.0, "between_75_100": 13.23529411764706, "between_100_125": 1.4705882352941175, "over_125": 85.29411764705883}