{"area_name": "Vinhomes Ocean Park Gia L\u00e2m", "under_50": 63.372093023255815, "between_50_75": 22.093023255813954, "between_75_100": 0.0, "between_100_125": 0.5813953488372093, "over_125": 13.953488372093023}