{"area_name": "Wyndham Sky Lake Resort & Villas", "under_50": 33.33333333333333, "between_50_75": 66.66666666666666, "between_75_100": 0.0, "between_100_125": 0.0, "over_125": 0.0}