{"area_name": "Xu\u00e2n Ph\u01b0\u01a1ng Residence", "under_50": 14.285714285714285, "between_50_75": 71.42857142857143, "between_75_100": 0.0, "between_100_125": 0.0, "over_125": 14.285714285714285}