{"area_name": "Xu\u00e2n Mai Complex", "under_50": 57.14285714285714, "between_50_75": 42.857142857142854, "between_75_100": 0.0, "between_100_125": 0.0, "over_125": 0.0}