{"Gi\u00e1 T10/22": 14.636183148036142, "Gi\u00e1 T11/22": 14.95412204824363, "Gi\u00e1 T12/22": 20.0206009971158, "Gi\u00e1 T1/23": 17.656376556838698, "Gi\u00e1 T2/23": 18.43519361537501, "Gi\u00e1 T3/23": 15.330301777766888, "Gi\u00e1 T4/23": 15.478342536019081, "Gi\u00e1 T5/23": 13.824669155995279, "Gi\u00e1 T6/23": 18.553235094385357, "Gi\u00e1 T7/23": 18.595069518278507, "Gi\u00e1 T8/23": 17.860285697457506, "Gi\u00e1 T9/23": 17.394188834056195, "Gi\u00e1 T10/23": 22.623935649787246, "Gi\u00e1 T11/23": 18.151401416326603, "Gi\u00e1 T12/23": 19.15291634570189, "Gi\u00e1 T1/24": 18.699529475294362, "Gi\u00e1 T2/24": 16.91317312997994, "Gi\u00e1 T3/24": 18.998832500015272, "Gi\u00e1 T4/24": 29.19645676554499, "Gi\u00e1 T5/24": 26.543670216671785, "Gi\u00e1 T6/24": 30.947320971687926, "Gi\u00e1 T7/24": 30.315431756737404, "Gi\u00e1 T8/24": 27.639778411726653, "Gi\u00e1 T9/24": 26.975590156393505, "Gi\u00e1 T10/24": 22.75050334822073}