{"Gi\u00e1 T10/22": 5.342751195607396, "Gi\u00e1 T11/22": 5.150521290628491, "Gi\u00e1 T12/22": 5.603889694680378, "Gi\u00e1 T1/23": 5.593286175545275, "Gi\u00e1 T2/23": 5.402615666383029, "Gi\u00e1 T3/23": 5.503743565675546, "Gi\u00e1 T4/23": 5.0421608932510225, "Gi\u00e1 T5/23": 4.987478039858185, "Gi\u00e1 T6/23": 5.085312753125558, "Gi\u00e1 T7/23": 6.31571615348576, "Gi\u00e1 T8/23": 5.537255899680881, "Gi\u00e1 T9/23": 5.686626399436073, "Gi\u00e1 T10/23": 5.4250839838553695, "Gi\u00e1 T11/23": 5.862307339520435, "Gi\u00e1 T12/23": 5.362893173316601, "Gi\u00e1 T1/24": 5.678000600674153, "Gi\u00e1 T2/24": 6.162733959459264, "Gi\u00e1 T3/24": 5.726092495384656, "Gi\u00e1 T4/24": 6.259635278227089, "Gi\u00e1 T5/24": 6.036174765288149, "Gi\u00e1 T6/24": 6.322489954681869, "Gi\u00e1 T7/24": 6.742924722731607, "Gi\u00e1 T8/24": 6.744052667114307, "Gi\u00e1 T9/24": 6.524097657266168, "Gi\u00e1 T10/24": 6.867138368489504}