{"Gi\u00e1 T10/22": 26.582327534292414, "Gi\u00e1 T11/22": 24.581836065573764, "Gi\u00e1 T12/22": 25.97368584810974, "Gi\u00e1 T1/23": 27.956770491803276, "Gi\u00e1 T2/23": 25.538904984944796, "Gi\u00e1 T3/23": 25.35208832385413, "Gi\u00e1 T4/23": 21.707426229508197, "Gi\u00e1 T5/23": 23.10131549013048, "Gi\u00e1 T6/23": 21.504722315155565, "Gi\u00e1 T7/23": 29.480626296420212, "Gi\u00e1 T8/23": 25.145, "Gi\u00e1 T9/23": 26.75633221813315, "Gi\u00e1 T10/23": 24.353491803278683, "Gi\u00e1 T11/23": 27.012100368016053, "Gi\u00e1 T12/23": 24.51167179658749, "Gi\u00e1 T1/24": 30.5528487788558, "Gi\u00e1 T2/24": 36.07816393442622, "Gi\u00e1 T3/24": 33.85093409166946, "Gi\u00e1 T4/24": 36.2275536968886, "Gi\u00e1 T5/24": 33.08055704248913, "Gi\u00e1 T6/24": 36.96311575777852, "Gi\u00e1 T7/24": 40.64037571094011, "Gi\u00e1 T8/24": 39.93483606557377, "Gi\u00e1 T9/24": 44.381452994312475, "Gi\u00e1 T10/24": 49.8248193375711}