{"Gi\u00e1 T10/22": 26.34621059075605, "Gi\u00e1 T11/22": 24.250191136958808, "Gi\u00e1 T12/22": 25.6231894704622, "Gi\u00e1 T1/23": 27.63141346121144, "Gi\u00e1 T2/23": 24.99200489745944, "Gi\u00e1 T3/23": 24.900250994796448, "Gi\u00e1 T4/23": 21.21502329694249, "Gi\u00e1 T5/23": 22.603446587082953, "Gi\u00e1 T6/23": 20.97564976362956, "Gi\u00e1 T7/23": 28.929048056320788, "Gi\u00e1 T8/23": 24.795955854844745, "Gi\u00e1 T9/23": 26.357878787878782, "Gi\u00e1 T10/23": 23.845863007176135, "Gi\u00e1 T11/23": 26.65599156548651, "Gi\u00e1 T12/23": 24.392886440159167, "Gi\u00e1 T1/24": 30.309899330000338, "Gi\u00e1 T2/24": 36.00222528313437, "Gi\u00e1 T3/24": 33.34950413223141, "Gi\u00e1 T4/24": 35.536630275822205, "Gi\u00e1 T5/24": 32.36339999319797, "Gi\u00e1 T6/24": 36.38767098595381, "Gi\u00e1 T7/24": 40.06445668809305, "Gi\u00e1 T8/24": 38.65406523143896, "Gi\u00e1 T9/24": 43.093707104717204, "Gi\u00e1 T10/24": 48.776587082950726}