{"Gi\u00e1 T10/22": 1155.4832219792027, "Gi\u00e1 T11/22": 1119.595406315951, "Gi\u00e1 T12/22": 1142.9285868539196, "Gi\u00e1 T1/23": 1310.8495353209778, "Gi\u00e1 T2/23": 1310.2642233989486, "Gi\u00e1 T3/23": 1211.963024903112, "Gi\u00e1 T4/23": 1342.290070910556, "Gi\u00e1 T5/23": 1278.5666279114387, "Gi\u00e1 T6/23": 1265.3654482176432, "Gi\u00e1 T7/23": 1362.2593964161008, "Gi\u00e1 T8/23": 1347.1233015617206, "Gi\u00e1 T9/23": 1481.0419376846628, "Gi\u00e1 T10/23": 1405.6218428302827, "Gi\u00e1 T11/23": 1452.9993370169987, "Gi\u00e1 T12/23": 1574.0094783776524, "Gi\u00e1 T1/24": 1463.548386477879, "Gi\u00e1 T2/24": 1693.7685402709028, "Gi\u00e1 T3/24": 1866.2662265454126, "Gi\u00e1 T4/24": 1691.1180646789167, "Gi\u00e1 T5/24": 1940.6645864702045, "Gi\u00e1 T6/24": 2100.235044856299, "Gi\u00e1 T7/24": 2303.797999846514, "Gi\u00e1 T8/24": 2157.2021401327656, "Gi\u00e1 T9/24": 2258.4776300986146, "Gi\u00e1 T10/24": 2244.4597740685317}