{"Gi\u00e1 T10/22": 13847.839156864684, "Gi\u00e1 T11/22": 14968.327026566945, "Gi\u00e1 T12/22": 14651.74859422534, "Gi\u00e1 T1/23": 14728.628106707083, "Gi\u00e1 T2/23": 13982.64117327271, "Gi\u00e1 T3/23": 13989.727309918399, "Gi\u00e1 T4/23": 12883.284998846826, "Gi\u00e1 T5/23": 3096.907283200505, "Gi\u00e1 T6/23": 14093.299229569591, "Gi\u00e1 T7/23": 14345.531599727632, "Gi\u00e1 T8/23": 14314.225195765104, "Gi\u00e1 T9/23": 17780.428220377144, "Gi\u00e1 T10/23": 17543.36483970874, "Gi\u00e1 T11/23": 15628.558520861476, "Gi\u00e1 T12/23": 16177.231700218554, "Gi\u00e1 T1/24": 16213.081554149781, "Gi\u00e1 T2/24": 15119.217540882782, "Gi\u00e1 T3/24": 15900.002218488133, "Gi\u00e1 T4/24": 19940.449915428395, "Gi\u00e1 T5/24": 17799.000593061184, "Gi\u00e1 T6/24": 16777.66126322032, "Gi\u00e1 T7/24": 17476.635330521785, "Gi\u00e1 T8/24": 17206.551818720964, "Gi\u00e1 T9/24": 17400.93637771408, "Gi\u00e1 T10/24": 18164.23084082897}