{"Gi\u00e1 T10/22": 17177.016903879674, "Gi\u00e1 T11/22": 16944.428611714935, "Gi\u00e1 T12/22": 16616.504355362154, "Gi\u00e1 T1/23": 17994.10064719717, "Gi\u00e1 T2/23": 17703.04626372896, "Gi\u00e1 T3/23": 18038.412364232714, "Gi\u00e1 T4/23": 17130.6851367611, "Gi\u00e1 T5/23": 11379.153810315274, "Gi\u00e1 T6/23": 18736.686974370838, "Gi\u00e1 T7/23": 18274.03965887169, "Gi\u00e1 T8/23": 17571.300477802994, "Gi\u00e1 T9/23": 20071.268543789745, "Gi\u00e1 T10/23": 19380.484642086496, "Gi\u00e1 T11/23": 19375.554599049923, "Gi\u00e1 T12/23": 19000.057440354398, "Gi\u00e1 T1/24": 20434.743482930953, "Gi\u00e1 T2/24": 18822.759479772012, "Gi\u00e1 T3/24": 20209.571959832534, "Gi\u00e1 T4/24": 22037.155743176747, "Gi\u00e1 T5/24": 21269.820487003275, "Gi\u00e1 T6/24": 21074.825558817312, "Gi\u00e1 T7/24": 21669.42474580237, "Gi\u00e1 T8/24": 22150.986386895718, "Gi\u00e1 T9/24": 21823.10195069873, "Gi\u00e1 T10/24": 22523.704089232084}