{"Gi\u00e1 T10/22": 1339.5441581849377, "Gi\u00e1 T11/22": 1304.2917179457281, "Gi\u00e1 T12/22": 1330.1914087721345, "Gi\u00e1 T1/23": 1507.3631280505072, "Gi\u00e1 T2/23": 1528.273878662691, "Gi\u00e1 T3/23": 1427.640275690893, "Gi\u00e1 T4/23": 1569.5821620496076, "Gi\u00e1 T5/23": 1479.0253052589496, "Gi\u00e1 T6/23": 1480.3966374040078, "Gi\u00e1 T7/23": 1575.5599576885277, "Gi\u00e1 T8/23": 1567.7519734803684, "Gi\u00e1 T9/23": 1705.0715598607385, "Gi\u00e1 T10/23": 1607.0725583448552, "Gi\u00e1 T11/23": 1659.8073280471756, "Gi\u00e1 T12/23": 1793.3418247238926, "Gi\u00e1 T1/24": 1681.1304612616816, "Gi\u00e1 T2/24": 1954.9859777448319, "Gi\u00e1 T3/24": 2129.1650698805615, "Gi\u00e1 T4/24": 1969.462233727067, "Gi\u00e1 T5/24": 2286.611817560927, "Gi\u00e1 T6/24": 2431.159710149756, "Gi\u00e1 T7/24": 2665.215324582299, "Gi\u00e1 T8/24": 2491.140806416685, "Gi\u00e1 T9/24": 2628.967063850344, "Gi\u00e1 T10/24": 2615.738550249038}