{"Gi\u00e1 T10/22": 26.543932601205864, "Gi\u00e1 T11/22": 24.580753660637377, "Gi\u00e1 T12/22": 26.012939707149012, "Gi\u00e1 T1/23": 27.749672480620156, "Gi\u00e1 T2/23": 25.473979112833764, "Gi\u00e1 T3/23": 25.25057019810508, "Gi\u00e1 T4/23": 22.130346037898363, "Gi\u00e1 T5/23": 23.422137596899226, "Gi\u00e1 T6/23": 21.93167248062015, "Gi\u00e1 T7/23": 30.231162790697677, "Gi\u00e1 T8/23": 25.31688350559862, "Gi\u00e1 T9/23": 26.783730404823423, "Gi\u00e1 T10/23": 24.332037898363474, "Gi\u00e1 T11/23": 27.0721754952627, "Gi\u00e1 T12/23": 24.325718992248063, "Gi\u00e1 T1/24": 29.488676787252366, "Gi\u00e1 T2/24": 34.81818583118001, "Gi\u00e1 T3/24": 32.90547093023257, "Gi\u00e1 T4/24": 35.443992248062024, "Gi\u00e1 T5/24": 33.05152713178295, "Gi\u00e1 T6/24": 36.3096976744186, "Gi\u00e1 T7/24": 40.95076916451335, "Gi\u00e1 T8/24": 40.647304048234275, "Gi\u00e1 T9/24": 44.556323643410856, "Gi\u00e1 T10/24": 49.167492678725246}