{"Gi\u00e1 T10/22": 209.83647798742138, "Gi\u00e1 T11/22": 220.12477987421383, "Gi\u00e1 T12/22": 392.74440251572315, "Gi\u00e1 T1/23": 302.67194968553457, "Gi\u00e1 T2/23": 335.0852830188678, "Gi\u00e1 T3/23": 229.64553459119497, "Gi\u00e1 T4/23": 235.01610062893073, "Gi\u00e1 T5/23": 188.32477987421382, "Gi\u00e1 T6/23": 338.7361006289308, "Gi\u00e1 T7/23": 340.73660377358493, "Gi\u00e1 T8/23": 314.5267924528301, "Gi\u00e1 T9/23": 298.51874213836476, "Gi\u00e1 T10/23": 499.1972327044025, "Gi\u00e1 T11/23": 323.1645283018868, "Gi\u00e1 T12/23": 361.8362264150945, "Gi\u00e1 T1/24": 344.9308176100629, "Gi\u00e1 T2/24": 281.45433962264156, "Gi\u00e1 T3/24": 354.40301886792463, "Gi\u00e1 T4/24": 840.6191194968554, "Gi\u00e1 T5/24": 694.8538364779876, "Gi\u00e1 T6/24": 942.8568553459121, "Gi\u00e1 T7/24": 906.3406289308177, "Gi\u00e1 T8/24": 749.4953459119498, "Gi\u00e1 T9/24": 711.1766037735847, "Gi\u00e1 T10/24": 509.90289308176096}