{"Gi\u00e1 T10/22": 190.93384615384616, "Gi\u00e1 T11/22": 200.2928, "Gi\u00e1 T12/22": 357.3155846153845, "Gi\u00e1 T1/23": 277.45564615384615, "Gi\u00e1 T2/23": 305.73304615384603, "Gi\u00e1 T3/23": 209.27164615384615, "Gi\u00e1 T4/23": 213.72826153846148, "Gi\u00e1 T5/23": 171.57933846153844, "Gi\u00e1 T6/23": 317.1201846153846, "Gi\u00e1 T7/23": 316.72338461538465, "Gi\u00e1 T8/23": 291.23058461538454, "Gi\u00e1 T9/23": 273.68879999999996, "Gi\u00e1 T10/23": 482.7340461538461, "Gi\u00e1 T11/23": 293.9008153846154, "Gi\u00e1 T12/23": 330.7426615384617, "Gi\u00e1 T1/24": 315.42615384615385, "Gi\u00e1 T2/24": 256.01958461538464, "Gi\u00e1 T3/24": 322.2454153846155, "Gi\u00e1 T4/24": 777.5555846153846, "Gi\u00e1 T5/24": 642.3278153846155, "Gi\u00e1 T6/24": 880.9730461538462, "Gi\u00e1 T7/24": 837.9512615384616, "Gi\u00e1 T8/24": 710.4946461538462, "Gi\u00e1 T9/24": 683.1985384615383, "Gi\u00e1 T10/24": 474.7010461538461}