{"C\u0103n h\u1ed9 chung c\u01b0": 0.3215434083601286, "Chung c\u01b0 mini, c\u0103n h\u1ed9 d\u1ecbch v\u1ee5": 0.964630225080386, "Nh\u00e0 ri\u00eang": 61.2540192926045, "Nh\u00e0 Bi\u1ec7t th\u1ef1, li\u1ec1n k\u1ec1": 9.003215434083602, "Nh\u00e0 m\u1eb7t ph\u1ed1": 27.813504823151124, "Shophouse, nh\u00e0 ph\u1ed1 th\u01b0\u01a1ng m\u1ea1i": 0.1607717041800643, "B\u00e1n \u0111\u1ea5t": 0.482315112540193, "B\u1ea5t \u0111\u1ed9ng s\u1ea3n kh\u00e1c": 0.0, "Trang tr\u1ea1i, khu ngh\u1ec9 d\u01b0\u1ee1ng": 0.0, "Condotel": 0.0, "Kho, nh\u00e0 x\u01b0\u1edfng": 0.0}