{"C\u0103n h\u1ed9 chung c\u01b0": 1.978366068886991, "Chung c\u01b0 mini, c\u0103n h\u1ed9 d\u1ecbch v\u1ee5": 0.7970395673213778, "Nh\u00e0 ri\u00eang": 57.05949331056077, "Nh\u00e0 Bi\u1ec7t th\u1ef1, li\u1ec1n k\u1ec1": 16.766296612581836, "Nh\u00e0 m\u1eb7t ph\u1ed1": 21.676629661258183, "Shophouse, nh\u00e0 ph\u1ed1 th\u01b0\u01a1ng m\u1ea1i": 1.3236549957301451, "B\u00e1n \u0111\u1ea5t": 0.25619128949615716, "B\u1ea5t \u0111\u1ed9ng s\u1ea3n kh\u00e1c": 0.1138627953316254, "Trang tr\u1ea1i, khu ngh\u1ec9 d\u01b0\u1ee1ng": 0.014232849416453175, "Condotel": 0.0, "Kho, nh\u00e0 x\u01b0\u1edfng": 0.014232849416453175}