{"Gi\u00e1 T10/22": 9.473297154336445, "Gi\u00e1 T11/22": 8.841352431642617, "Gi\u00e1 T12/22": 9.366547129449845, "Gi\u00e1 T1/23": 9.035434162939849, "Gi\u00e1 T2/23": 8.86078077245092, "Gi\u00e1 T3/23": 10.248036397281188, "Gi\u00e1 T4/23": 8.400774918468489, "Gi\u00e1 T5/23": 9.578114744107111, "Gi\u00e1 T6/23": 9.260171123190393, "Gi\u00e1 T7/23": 8.291144488131716, "Gi\u00e1 T8/23": 9.087522792973921, "Gi\u00e1 T9/23": 8.975213375079454, "Gi\u00e1 T10/23": 9.71697431012297, "Gi\u00e1 T11/23": 10.036987685300396, "Gi\u00e1 T12/23": 10.843956133044093, "Gi\u00e1 T1/24": 10.406124614244224, "Gi\u00e1 T2/24": 10.298759883025001, "Gi\u00e1 T3/24": 10.475484200301636, "Gi\u00e1 T4/24": 10.802295280787938, "Gi\u00e1 T5/24": 9.631781992911506, "Gi\u00e1 T6/24": 11.14773490848, "Gi\u00e1 T7/24": 11.798391893900257, "Gi\u00e1 T8/24": 12.743025996146345, "Gi\u00e1 T9/24": 13.078821939812979, "Gi\u00e1 T10/24": 13.675435351435144}