{"Gi\u00e1 T10/22": 37.12765052394297, "Gi\u00e1 T11/22": 37.64285584746338, "Gi\u00e1 T12/22": 34.66169178292488, "Gi\u00e1 T1/23": 34.32903968989423, "Gi\u00e1 T2/23": 37.110550606621516, "Gi\u00e1 T3/23": 36.68908007656211, "Gi\u00e1 T4/23": 34.33437289662101, "Gi\u00e1 T5/23": 38.46106126062458, "Gi\u00e1 T6/23": 36.97923022576703, "Gi\u00e1 T7/23": 34.714777616735056, "Gi\u00e1 T8/23": 37.74114545639437, "Gi\u00e1 T9/23": 35.85507444598612, "Gi\u00e1 T10/23": 34.61892913914747, "Gi\u00e1 T11/23": 37.079128961203985, "Gi\u00e1 T12/23": 36.512427485010924, "Gi\u00e1 T1/24": 39.13269068044921, "Gi\u00e1 T2/24": 38.974603911342086, "Gi\u00e1 T3/24": 37.656269420267584, "Gi\u00e1 T4/24": 38.041517826408054, "Gi\u00e1 T5/24": 40.8465558682467, "Gi\u00e1 T6/24": 41.39961609506515, "Gi\u00e1 T7/24": 42.50424038962714, "Gi\u00e1 T8/24": 47.282599501271115, "Gi\u00e1 T9/24": 45.14388258542787, "Gi\u00e1 T10/24": 45.39243371262066}