{"Gi\u00e1 T10/22": 4556.728744939272, "Gi\u00e1 T11/22": 4255.511470985155, "Gi\u00e1 T12/22": 7067.0985155195685, "Gi\u00e1 T1/23": 2002.7543859649122, "Gi\u00e1 T2/23": 5069.304993252362, "Gi\u00e1 T3/23": 3063.78677462888, "Gi\u00e1 T4/23": 3288.932523616734, "Gi\u00e1 T5/23": 4859.734143049933, "Gi\u00e1 T6/23": 4472.892037786774, "Gi\u00e1 T7/23": 4401.218623481781, "Gi\u00e1 T8/23": 5567.361673414305, "Gi\u00e1 T9/23": 6572.65721997301, "Gi\u00e1 T10/23": 4331.40620782726, "Gi\u00e1 T11/23": 3552.098515519568, "Gi\u00e1 T12/23": 6547.716599190283, "Gi\u00e1 T1/24": 5161.677462887989, "Gi\u00e1 T2/24": 5339.236167341431, "Gi\u00e1 T3/24": 3582.7300944669364, "Gi\u00e1 T4/24": 5706.288798920378, "Gi\u00e1 T5/24": 6789.041835357625, "Gi\u00e1 T6/24": 5781.0202429149795, "Gi\u00e1 T7/24": 4044.8313090418355, "Gi\u00e1 T8/24": 3512.25641025641, "Gi\u00e1 T9/24": 3786.304993252362, "Gi\u00e1 T10/24": 4528.1255060728745}