{"Gi\u00e1 T10/22": 19425.638477854416, "Gi\u00e1 T11/22": 20422.8617137028, "Gi\u00e1 T12/22": 19461.008493123096, "Gi\u00e1 T1/23": 20005.208266050726, "Gi\u00e1 T2/23": 19818.431291449106, "Gi\u00e1 T3/23": 20506.306661832914, "Gi\u00e1 T4/23": 20622.209803696824, "Gi\u00e1 T5/23": 12662.451132623215, "Gi\u00e1 T6/23": 21206.58626596634, "Gi\u00e1 T7/23": 21192.14960235512, "Gi\u00e1 T8/23": 21573.481890142863, "Gi\u00e1 T9/23": 21407.2802361749, "Gi\u00e1 T10/23": 19811.48246977288, "Gi\u00e1 T11/23": 21012.333656434952, "Gi\u00e1 T12/23": 22040.957135476026, "Gi\u00e1 T1/24": 21859.938429773978, "Gi\u00e1 T2/24": 21116.725852009564, "Gi\u00e1 T3/24": 23032.950017346546, "Gi\u00e1 T4/24": 22123.04371932224, "Gi\u00e1 T5/24": 23259.097815170655, "Gi\u00e1 T6/24": 23587.18416799366, "Gi\u00e1 T7/24": 23731.62175736824, "Gi\u00e1 T8/24": 23128.35082894281, "Gi\u00e1 T9/24": 25061.40069794649, "Gi\u00e1 T10/24": 25524.502407898686}