{"Gi\u00e1 T10/22": 60628.28221153846, "Gi\u00e1 T11/22": 77671.83413461539, "Gi\u00e1 T12/22": 72102.30338528461, "Gi\u00e1 T1/23": 68128.93902225961, "Gi\u00e1 T2/23": 70786.84274841346, "Gi\u00e1 T3/23": 77330.47259615385, "Gi\u00e1 T4/23": 66954.93653846154, "Gi\u00e1 T5/23": 5655.68438538206, "Gi\u00e1 T6/23": 73634.20096153846, "Gi\u00e1 T7/23": 73670.60721153846, "Gi\u00e1 T8/23": 74230.94471153847, "Gi\u00e1 T9/23": 73124.54471153846, "Gi\u00e1 T10/23": 68808.13365384615, "Gi\u00e1 T11/23": 72438.09759615385, "Gi\u00e1 T12/23": 74447.77788461538, "Gi\u00e1 T1/24": 66963.40721153846, "Gi\u00e1 T2/24": 73467.18028846153, "Gi\u00e1 T3/24": 75010.07836538462, "Gi\u00e1 T4/24": 64744.84038461538, "Gi\u00e1 T5/24": 76268.50384615385, "Gi\u00e1 T6/24": 80647.05384615385, "Gi\u00e1 T7/24": 73125.46634615384, "Gi\u00e1 T8/24": 65537.91971153846, "Gi\u00e1 T9/24": 81429.46634615384, "Gi\u00e1 T10/24": 80910.49759615384}