{"Gi\u00e1 T10/22": 1886.1198978701846, "Gi\u00e1 T11/22": 1721.7907047573808, "Gi\u00e1 T12/22": 1679.7983123897195, "Gi\u00e1 T1/23": 1540.2476615497455, "Gi\u00e1 T2/23": 1654.8693929673502, "Gi\u00e1 T3/23": 1631.3238787499897, "Gi\u00e1 T4/23": 1519.4661747124178, "Gi\u00e1 T5/23": 1825.8360801948033, "Gi\u00e1 T6/23": 1714.0774239309567, "Gi\u00e1 T7/23": 1552.1036113287525, "Gi\u00e1 T8/23": 1658.4635191823118, "Gi\u00e1 T9/23": 1506.6691138162332, "Gi\u00e1 T10/23": 1442.8929598517796, "Gi\u00e1 T11/23": 1782.1833447447136, "Gi\u00e1 T12/23": 1824.8443466711803, "Gi\u00e1 T1/24": 1882.9115867824548, "Gi\u00e1 T2/24": 1918.1990535106377, "Gi\u00e1 T3/24": 1939.8118385790194, "Gi\u00e1 T4/24": 2144.660821965178, "Gi\u00e1 T5/24": 2387.245593642023, "Gi\u00e1 T6/24": 2492.5400719262757, "Gi\u00e1 T7/24": 2612.359152227267, "Gi\u00e1 T8/24": 3022.7751117978564, "Gi\u00e1 T9/24": 2908.041949789927, "Gi\u00e1 T10/24": 3032.8358852965184}