{"Gi\u00e1 T10/22": 7597.677142076503, "Gi\u00e1 T11/22": 7574.826426229508, "Gi\u00e1 T12/22": 7580.085721311475, "Gi\u00e1 T1/23": 8046.824098360656, "Gi\u00e1 T2/23": 7924.488540983607, "Gi\u00e1 T3/23": 8031.836704918033, "Gi\u00e1 T4/23": 6146.60906010929, "Gi\u00e1 T5/23": 6027.8817049180325, "Gi\u00e1 T6/23": 6568.584677595629, "Gi\u00e1 T7/23": 6428.638945355191, "Gi\u00e1 T8/23": 7146.2718087431695, "Gi\u00e1 T9/23": 7400.618371584699, "Gi\u00e1 T10/23": 7373.069502732241, "Gi\u00e1 T11/23": 7132.1744590163935, "Gi\u00e1 T12/23": 7685.901841530055, "Gi\u00e1 T1/24": 7237.815054644809, "Gi\u00e1 T2/24": 6718.790901639344, "Gi\u00e1 T3/24": 7374.610792349726, "Gi\u00e1 T4/24": 8473.551131147542, "Gi\u00e1 T5/24": 10055.775819672132, "Gi\u00e1 T6/24": 10855.271633879782, "Gi\u00e1 T7/24": 11320.228180327867, "Gi\u00e1 T8/24": 10803.082098360655, "Gi\u00e1 T9/24": 11637.893475409835, "Gi\u00e1 T10/24": 12557.883792349727}