{"Gi\u00e1 T10/22": 6782.817102206736, "Gi\u00e1 T11/22": 6691.5717363530775, "Gi\u00e1 T12/22": 6914.985603948897, "Gi\u00e1 T1/23": 7421.068321718932, "Gi\u00e1 T2/23": 6915.509018583043, "Gi\u00e1 T3/23": 6997.637677119628, "Gi\u00e1 T4/23": 5597.4417015098725, "Gi\u00e1 T5/23": 5562.452921022067, "Gi\u00e1 T6/23": 6061.249715447155, "Gi\u00e1 T7/23": 5877.459912891986, "Gi\u00e1 T8/23": 6558.244140534262, "Gi\u00e1 T9/23": 6838.844854819977, "Gi\u00e1 T10/23": 6604.016010452961, "Gi\u00e1 T11/23": 6467.596492450639, "Gi\u00e1 T12/23": 6981.019628339141, "Gi\u00e1 T1/24": 6638.375360046458, "Gi\u00e1 T2/24": 6408.374216027874, "Gi\u00e1 T3/24": 6735.390801393728, "Gi\u00e1 T4/24": 7759.302537746807, "Gi\u00e1 T5/24": 9087.838774680604, "Gi\u00e1 T6/24": 10016.571968641116, "Gi\u00e1 T7/24": 10485.429732868757, "Gi\u00e1 T8/24": 9706.247642276423, "Gi\u00e1 T9/24": 10817.452224157954, "Gi\u00e1 T10/24": 11847.12887921022}