{"Gi\u00e1 T10/22": 70.94263261205874, "Gi\u00e1 T11/22": 70.26007948084303, "Gi\u00e1 T12/22": 73.15769883270046, "Gi\u00e1 T1/23": 76.33520655777228, "Gi\u00e1 T2/23": 65.31928364776084, "Gi\u00e1 T3/23": 74.78657569364917, "Gi\u00e1 T4/23": 55.55988003536054, "Gi\u00e1 T5/23": 70.45018562272719, "Gi\u00e1 T6/23": 67.2020807264983, "Gi\u00e1 T7/23": 58.16001930765677, "Gi\u00e1 T8/23": 63.01752138709743, "Gi\u00e1 T9/23": 65.26470608562876, "Gi\u00e1 T10/23": 74.99181725031644, "Gi\u00e1 T11/23": 87.15454853032769, "Gi\u00e1 T12/23": 93.65975546983303, "Gi\u00e1 T1/24": 87.80968551222551, "Gi\u00e1 T2/24": 87.7314558696482, "Gi\u00e1 T3/24": 85.26328533542281, "Gi\u00e1 T4/24": 90.64794255921888, "Gi\u00e1 T5/24": 70.1860387157696, "Gi\u00e1 T6/24": 94.33589562614269, "Gi\u00e1 T7/24": 107.637439334579, "Gi\u00e1 T8/24": 133.45458375022605, "Gi\u00e1 T9/24": 131.94579189520422, "Gi\u00e1 T10/24": 141.33514244670806}