{"Gi\u00e1 T10/22": 69.00958189743591, "Gi\u00e1 T11/22": 68.41187651282051, "Gi\u00e1 T12/22": 71.52364425641026, "Gi\u00e1 T1/23": 75.90040728205128, "Gi\u00e1 T2/23": 64.02290035897437, "Gi\u00e1 T3/23": 71.3008435897436, "Gi\u00e1 T4/23": 54.05207805128206, "Gi\u00e1 T5/23": 67.59729656410256, "Gi\u00e1 T6/23": 65.05143846153845, "Gi\u00e1 T7/23": 57.02674117948718, "Gi\u00e1 T8/23": 61.30711153846155, "Gi\u00e1 T9/23": 63.877470512820516, "Gi\u00e1 T10/23": 73.20887246153846, "Gi\u00e1 T11/23": 85.46252138461539, "Gi\u00e1 T12/23": 91.63924984615383, "Gi\u00e1 T1/24": 85.06444369230769, "Gi\u00e1 T2/24": 85.13543333333334, "Gi\u00e1 T3/24": 83.10707435897434, "Gi\u00e1 T4/24": 86.47175246153849, "Gi\u00e1 T5/24": 67.68518333333333, "Gi\u00e1 T6/24": 91.21161153846154, "Gi\u00e1 T7/24": 104.29994682051283, "Gi\u00e1 T8/24": 129.4423947692308, "Gi\u00e1 T9/24": 127.93690574358975, "Gi\u00e1 T10/24": 137.24550707692308}