{"Gi\u00e1 T10/22": 70.86163304762889, "Gi\u00e1 T11/22": 71.228576411598, "Gi\u00e1 T12/22": 73.57742200497975, "Gi\u00e1 T1/23": 77.10536028593393, "Gi\u00e1 T2/23": 66.24050101545558, "Gi\u00e1 T3/23": 74.46340602159421, "Gi\u00e1 T4/23": 57.315586612050076, "Gi\u00e1 T5/23": 70.66594156253944, "Gi\u00e1 T6/23": 67.16221363578993, "Gi\u00e1 T7/23": 58.551641366332774, "Gi\u00e1 T8/23": 65.14597638635504, "Gi\u00e1 T9/23": 66.6935438252269, "Gi\u00e1 T10/23": 76.17603117505996, "Gi\u00e1 T11/23": 87.48334652851882, "Gi\u00e1 T12/23": 92.3909577983546, "Gi\u00e1 T1/24": 85.78929268068799, "Gi\u00e1 T2/24": 86.72070525397864, "Gi\u00e1 T3/24": 85.75151681525591, "Gi\u00e1 T4/24": 89.63926984728009, "Gi\u00e1 T5/24": 70.37325376062786, "Gi\u00e1 T6/24": 91.49604855828257, "Gi\u00e1 T7/24": 108.13070714720091, "Gi\u00e1 T8/24": 132.5647576675502, "Gi\u00e1 T9/24": 132.20843212511332, "Gi\u00e1 T10/24": 145.16944316317282}