{"Gi\u00e1 T10/22": 6.8808312718982565, "Gi\u00e1 T11/22": 6.529912440490096, "Gi\u00e1 T12/22": 6.530743650791047, "Gi\u00e1 T1/23": 6.479045703172983, "Gi\u00e1 T2/23": 6.6786729327852195, "Gi\u00e1 T3/23": 6.98177319823573, "Gi\u00e1 T4/23": 6.8368454985423135, "Gi\u00e1 T5/23": 7.272901595292177, "Gi\u00e1 T6/23": 6.798414570455234, "Gi\u00e1 T7/23": 6.602231387319919, "Gi\u00e1 T8/23": 6.868226976707886, "Gi\u00e1 T9/23": 6.658970320155891, "Gi\u00e1 T10/23": 6.833667914052254, "Gi\u00e1 T11/23": 7.522457190039478, "Gi\u00e1 T12/23": 7.437753299965659, "Gi\u00e1 T1/24": 7.29589901161829, "Gi\u00e1 T2/24": 6.682922413867851, "Gi\u00e1 T3/24": 6.761979485116591, "Gi\u00e1 T4/24": 7.976100573450339, "Gi\u00e1 T5/24": 7.387119845582407, "Gi\u00e1 T6/24": 8.380523065370982, "Gi\u00e1 T7/24": 8.796970108851141, "Gi\u00e1 T8/24": 9.150581612559924, "Gi\u00e1 T9/24": 9.112368494732296, "Gi\u00e1 T10/24": 9.06948206507991}