{"Gi\u00e1 T10/22": 8.39476846102739, "Gi\u00e1 T11/22": 8.375315437239657, "Gi\u00e1 T12/22": 8.533596917732316, "Gi\u00e1 T1/23": 8.680005842954538, "Gi\u00e1 T2/23": 8.045684691089322, "Gi\u00e1 T3/23": 8.587989211114726, "Gi\u00e1 T4/23": 7.374425119228921, "Gi\u00e1 T5/23": 8.312696355458586, "Gi\u00e1 T6/23": 8.174629968634788, "Gi\u00e1 T7/23": 7.584772989549118, "Gi\u00e1 T8/23": 7.896600907488417, "Gi\u00e1 T9/23": 8.01270226893157, "Gi\u00e1 T10/23": 8.60367080896389, "Gi\u00e1 T11/23": 9.31860156304596, "Gi\u00e1 T12/23": 9.627580540498897, "Gi\u00e1 T1/24": 9.345667767891772, "Gi\u00e1 T2/24": 9.333550988295976, "Gi\u00e1 T3/24": 9.195728674909205, "Gi\u00e1 T4/24": 9.51462006462973, "Gi\u00e1 T5/24": 8.358874909410916, "Gi\u00e1 T6/24": 9.722335710789652, "Gi\u00e1 T7/24": 10.383674060055899, "Gi\u00e1 T8/24": 11.583908819787673, "Gi\u00e1 T9/24": 11.482192579429423, "Gi\u00e1 T10/24": 11.879021622968748}