{"Gi\u00e1 T10/22": 59.051750630611394, "Gi\u00e1 T11/22": 72.16312817647808, "Gi\u00e1 T12/22": 58.585080229903824, "Gi\u00e1 T1/23": 62.42931974413568, "Gi\u00e1 T2/23": 62.98668161570278, "Gi\u00e1 T3/23": 63.69257720033709, "Gi\u00e1 T4/23": 57.69436179700756, "Gi\u00e1 T5/23": 57.640228705019105, "Gi\u00e1 T6/23": 54.604166640594265, "Gi\u00e1 T7/23": 60.64720010838867, "Gi\u00e1 T8/23": 69.1334855506589, "Gi\u00e1 T9/23": 67.28902210889643, "Gi\u00e1 T10/23": 66.51587291603632, "Gi\u00e1 T11/23": 56.1333612505346, "Gi\u00e1 T12/23": 61.72627735738306, "Gi\u00e1 T1/24": 61.02203907228857, "Gi\u00e1 T2/24": 61.63264024830332, "Gi\u00e1 T3/24": 66.39971513351033, "Gi\u00e1 T4/24": 68.70651816681352, "Gi\u00e1 T5/24": 74.10703209612291, "Gi\u00e1 T6/24": 73.55036844308265, "Gi\u00e1 T7/24": 80.76476265545793, "Gi\u00e1 T8/24": 80.6892982043001, "Gi\u00e1 T9/24": 85.09642400718063, "Gi\u00e1 T10/24": 82.26314250856586}