{"Gi\u00e1 T10/22": 8.11142637941337, "Gi\u00e1 T11/22": 8.120006015159214, "Gi\u00e1 T12/22": 8.212916719712435, "Gi\u00e1 T1/23": 8.441178670680463, "Gi\u00e1 T2/23": 7.720419461447391, "Gi\u00e1 T3/23": 8.049403070848461, "Gi\u00e1 T4/23": 6.922533360668736, "Gi\u00e1 T5/23": 7.906723617431064, "Gi\u00e1 T6/23": 7.850301505605677, "Gi\u00e1 T7/23": 7.307664111695924, "Gi\u00e1 T8/23": 7.302745229449791, "Gi\u00e1 T9/23": 7.579252907642394, "Gi\u00e1 T10/23": 8.145412649976292, "Gi\u00e1 T11/23": 8.980573317944295, "Gi\u00e1 T12/23": 9.30786083503491, "Gi\u00e1 T1/24": 8.959371066095269, "Gi\u00e1 T2/24": 8.909553652708485, "Gi\u00e1 T3/24": 8.741034677281473, "Gi\u00e1 T4/24": 8.909431919233194, "Gi\u00e1 T5/24": 7.854150689266721, "Gi\u00e1 T6/24": 9.336721070712747, "Gi\u00e1 T7/24": 9.866613877787318, "Gi\u00e1 T8/24": 11.207766157541194, "Gi\u00e1 T9/24": 10.946685647635974, "Gi\u00e1 T10/24": 11.23564011128228}