{"Gi\u00e1 T10/22": 5.155805226566692, "Gi\u00e1 T11/22": 4.9580072675999345, "Gi\u00e1 T12/22": 5.096438545505061, "Gi\u00e1 T1/23": 5.287416239696216, "Gi\u00e1 T2/23": 5.053603168526868, "Gi\u00e1 T3/23": 5.0350857315297155, "Gi\u00e1 T4/23": 4.659122903455993, "Gi\u00e1 T5/23": 4.806382786475759, "Gi\u00e1 T6/23": 4.637318440128472, "Gi\u00e1 T7/23": 5.429606458705844, "Gi\u00e1 T8/23": 5.014479035752368, "Gi\u00e1 T9/23": 5.1726523388038705, "Gi\u00e1 T10/23": 4.934925714058792, "Gi\u00e1 T11/23": 5.197316650735845, "Gi\u00e1 T12/23": 4.950926357419133, "Gi\u00e1 T1/24": 5.527463141338511, "Gi\u00e1 T2/24": 6.0065101293867995, "Gi\u00e1 T3/24": 5.818155557534489, "Gi\u00e1 T4/24": 6.018932936732939, "Gi\u00e1 T5/24": 5.751569963278646, "Gi\u00e1 T6/24": 6.079729908291857, "Gi\u00e1 T7/24": 6.374980447886888, "Gi\u00e1 T8/24": 6.319401559133093, "Gi\u00e1 T9/24": 6.661940632752027, "Gi\u00e1 T10/24": 7.058669799443171}