{"Gi\u00e1 T10/22": 5.132855987728084, "Gi\u00e1 T11/22": 4.9244483078776256, "Gi\u00e1 T12/22": 5.061935348309202, "Gi\u00e1 T1/23": 5.256559089481582, "Gi\u00e1 T2/23": 4.999200425814056, "Gi\u00e1 T3/23": 4.990015129716186, "Gi\u00e1 T4/23": 4.605976910161675, "Gi\u00e1 T5/23": 4.754308213303272, "Gi\u00e1 T6/23": 4.579918095733761, "Gi\u00e1 T7/23": 5.378573050198424, "Gi\u00e1 T8/23": 4.979553780696092, "Gi\u00e1 T9/23": 5.133992480309918, "Gi\u00e1 T10/23": 4.883222604712603, "Gi\u00e1 T11/23": 5.162944079252313, "Gi\u00e1 T12/23": 4.938915512555278, "Gi\u00e1 T1/24": 5.505442700637283, "Gi\u00e1 T2/24": 6.000185437395612, "Gi\u00e1 T3/24": 5.774902954356152, "Gi\u00e1 T4/24": 5.961260795823498, "Gi\u00e1 T5/24": 5.68888389696942, "Gi\u00e1 T6/24": 6.032219407975294, "Gi\u00e1 T7/24": 6.32964901776497, "Gi\u00e1 T8/24": 6.217239357740618, "Gi\u00e1 T9/24": 6.56457973557464, "Gi\u00e1 T10/24": 6.984023702920167}