{"C\u0103n h\u1ed9 chung c\u01b0": 29.026217228464418, "Chung c\u01b0 mini, c\u0103n h\u1ed9 d\u1ecbch v\u1ee5": 0.7490636704119851, "Nh\u00e0 ri\u00eang": 58.98876404494382, "Nh\u00e0 Bi\u1ec7t th\u1ef1, li\u1ec1n k\u1ec1": 4.868913857677903, "Nh\u00e0 m\u1eb7t ph\u1ed1": 5.056179775280898, "Shophouse, nh\u00e0 ph\u1ed1 th\u01b0\u01a1ng m\u1ea1i": 0.5617977528089888, "B\u00e1n \u0111\u1ea5t": 0.0, "B\u1ea5t \u0111\u1ed9ng s\u1ea3n kh\u00e1c": 0.37453183520599254, "Trang tr\u1ea1i, khu ngh\u1ec9 d\u01b0\u1ee1ng": 0.37453183520599254, "Condotel": 0.0, "Kho, nh\u00e0 x\u01b0\u1edfng": 0.0}