{"Gi\u00e1 T10/22": 7826.249958333333, "Gi\u00e1 T11/22": 7965.380291666666, "Gi\u00e1 T12/22": 7907.603291666666, "Gi\u00e1 T1/23": 8181.965166666667, "Gi\u00e1 T2/23": 8245.156625, "Gi\u00e1 T3/23": 8350.043625, "Gi\u00e1 T4/23": 6310.449291666667, "Gi\u00e1 T5/23": 6183.392625, "Gi\u00e1 T6/23": 6618.458500000001, "Gi\u00e1 T7/23": 6461.271833333333, "Gi\u00e1 T8/23": 7081.012624999999, "Gi\u00e1 T9/23": 7302.393625000001, "Gi\u00e1 T10/23": 7405.332291666667, "Gi\u00e1 T11/23": 7024.495625, "Gi\u00e1 T12/23": 7658.691625, "Gi\u00e1 T1/24": 7106.631833333333, "Gi\u00e1 T2/24": 6525.012624999999, "Gi\u00e1 T3/24": 7343.556624999999, "Gi\u00e1 T4/24": 8256.478500000001, "Gi\u00e1 T5/24": 9869.601625000001, "Gi\u00e1 T6/24": 10504.007625, "Gi\u00e1 T7/24": 10922.722, "Gi\u00e1 T8/24": 10602.7745, "Gi\u00e1 T9/24": 11508.148, "Gi\u00e1 T10/24": 12280.904625000001}