{"Gi\u00e1 T10/22": 33.645464157234365, "Gi\u00e1 T11/22": 35.732378111198855, "Gi\u00e1 T12/22": 35.87062574946623, "Gi\u00e1 T1/23": 37.82735471322864, "Gi\u00e1 T2/23": 40.86019083969467, "Gi\u00e1 T3/23": 41.99195358427656, "Gi\u00e1 T4/23": 45.72472405018866, "Gi\u00e1 T5/23": 48.8692632564125, "Gi\u00e1 T6/23": 50.22494457605801, "Gi\u00e1 T7/23": 38.39800371442777, "Gi\u00e1 T8/23": 46.1005580415899, "Gi\u00e1 T9/23": 44.92130385189085, "Gi\u00e1 T10/23": 42.47084671404756, "Gi\u00e1 T11/23": 46.26919437863765, "Gi\u00e1 T12/23": 45.806935158375005, "Gi\u00e1 T1/24": 44.876010207364516, "Gi\u00e1 T2/24": 49.993231113450896, "Gi\u00e1 T3/24": 58.270950250065795, "Gi\u00e1 T4/24": 68.69534745985786, "Gi\u00e1 T5/24": 65.86261077476529, "Gi\u00e1 T6/24": 70.58813503553567, "Gi\u00e1 T7/24": 59.34392559445469, "Gi\u00e1 T8/24": 74.38099046532714, "Gi\u00e1 T9/24": 81.49588371208799, "Gi\u00e1 T10/24": 77.40697215641545}