{"Gi\u00e1 T10/22": 55.032763719410426, "Gi\u00e1 T11/22": 57.155723143539504, "Gi\u00e1 T12/22": 57.53798726067505, "Gi\u00e1 T1/23": 57.538195090915494, "Gi\u00e1 T2/23": 60.54488231058277, "Gi\u00e1 T3/23": 58.82181755409816, "Gi\u00e1 T4/23": 55.5007192523013, "Gi\u00e1 T5/23": 53.86189754505036, "Gi\u00e1 T6/23": 60.41394953041793, "Gi\u00e1 T7/23": 58.8787319513988, "Gi\u00e1 T8/23": 59.39446922064645, "Gi\u00e1 T9/23": 61.49580258913719, "Gi\u00e1 T10/23": 67.90260206706411, "Gi\u00e1 T11/23": 63.25837774419257, "Gi\u00e1 T12/23": 62.31241773388107, "Gi\u00e1 T1/24": 59.53859960302381, "Gi\u00e1 T2/24": 60.606424345654624, "Gi\u00e1 T3/24": 61.11825024327948, "Gi\u00e1 T4/24": 62.830659465495174, "Gi\u00e1 T5/24": 64.1185248854211, "Gi\u00e1 T6/24": 66.40083560469319, "Gi\u00e1 T7/24": 68.0441570540062, "Gi\u00e1 T8/24": 63.48190381887544, "Gi\u00e1 T9/24": 68.2676319016403, "Gi\u00e1 T10/24": 71.925022985137}