{"Gi\u00e1 T10/22": 56.97450483440747, "Gi\u00e1 T11/22": 56.89713752458386, "Gi\u00e1 T12/22": 55.98263279992254, "Gi\u00e1 T1/23": 57.24182329609886, "Gi\u00e1 T2/23": 59.3210232528679, "Gi\u00e1 T3/23": 59.935220151735116, "Gi\u00e1 T4/23": 56.63956194392343, "Gi\u00e1 T5/23": 56.219861787773326, "Gi\u00e1 T6/23": 59.16483113045811, "Gi\u00e1 T7/23": 59.23218402318739, "Gi\u00e1 T8/23": 59.29182879743366, "Gi\u00e1 T9/23": 60.659655004246716, "Gi\u00e1 T10/23": 64.99787635218597, "Gi\u00e1 T11/23": 62.44496030239219, "Gi\u00e1 T12/23": 61.2928284744897, "Gi\u00e1 T1/24": 61.23942693095188, "Gi\u00e1 T2/24": 61.24240400877632, "Gi\u00e1 T3/24": 63.35914174158465, "Gi\u00e1 T4/24": 68.01549992078063, "Gi\u00e1 T5/24": 72.21820899532827, "Gi\u00e1 T6/24": 74.82333551740285, "Gi\u00e1 T7/24": 74.65128747551584, "Gi\u00e1 T8/24": 72.86887408338548, "Gi\u00e1 T9/24": 76.19097582155675, "Gi\u00e1 T10/24": 80.61594301865404}