{"Gi\u00e1 T10/22": 55.27411307591007, "Gi\u00e1 T11/22": 57.38851843446534, "Gi\u00e1 T12/22": 57.6306480604973, "Gi\u00e1 T1/23": 57.662473609096274, "Gi\u00e1 T2/23": 60.66550202455299, "Gi\u00e1 T3/23": 59.02836981040322, "Gi\u00e1 T4/23": 55.714367698490285, "Gi\u00e1 T5/23": 54.11858106311642, "Gi\u00e1 T6/23": 60.48764304243238, "Gi\u00e1 T7/23": 59.07529015429025, "Gi\u00e1 T8/23": 59.573615652912245, "Gi\u00e1 T9/23": 61.66018696018636, "Gi\u00e1 T10/23": 67.98390325329615, "Gi\u00e1 T11/23": 63.36366008212176, "Gi\u00e1 T12/23": 62.434028890801244, "Gi\u00e1 T1/24": 59.80735936808816, "Gi\u00e1 T2/24": 60.75057743354289, "Gi\u00e1 T3/24": 61.350892074283145, "Gi\u00e1 T4/24": 63.224549033512204, "Gi\u00e1 T5/24": 64.68357873057374, "Gi\u00e1 T6/24": 66.998998229531, "Gi\u00e1 T7/24": 68.52739310515054, "Gi\u00e1 T8/24": 64.05942488983933, "Gi\u00e1 T9/24": 68.8148343385473, "Gi\u00e1 T10/24": 72.46475090920507}