{"Gi\u00e1 T10/22": 57.31542461105927, "Gi\u00e1 T11/22": 57.32932093366248, "Gi\u00e1 T12/22": 56.34810359421273, "Gi\u00e1 T1/23": 57.62525461893045, "Gi\u00e1 T2/23": 59.726665101944576, "Gi\u00e1 T3/23": 60.32480567422171, "Gi\u00e1 T4/23": 56.988188521629425, "Gi\u00e1 T5/23": 56.566494297660384, "Gi\u00e1 T6/23": 59.541968628454285, "Gi\u00e1 T7/23": 59.61811783951902, "Gi\u00e1 T8/23": 59.712208731930914, "Gi\u00e1 T9/23": 61.08824199337336, "Gi\u00e1 T10/23": 65.44397423454976, "Gi\u00e1 T11/23": 62.82097160248409, "Gi\u00e1 T12/23": 61.68359346483212, "Gi\u00e1 T1/24": 61.60446493089473, "Gi\u00e1 T2/24": 61.602195395987195, "Gi\u00e1 T3/24": 63.747054221730004, "Gi\u00e1 T4/24": 68.39034234788755, "Gi\u00e1 T5/24": 72.62129024980115, "Gi\u00e1 T6/24": 75.2425625891551, "Gi\u00e1 T7/24": 75.11815945457136, "Gi\u00e1 T8/24": 73.30041216383091, "Gi\u00e1 T9/24": 76.67497328766493, "Gi\u00e1 T10/24": 81.08788555657318}