{"Gi\u00e1 T10/22": 6.779566715032568, "Gi\u00e1 T11/22": 6.457316087307848, "Gi\u00e1 T12/22": 6.478191768758524, "Gi\u00e1 T1/23": 6.410819941123526, "Gi\u00e1 T2/23": 6.573350249689377, "Gi\u00e1 T3/23": 6.888779253074915, "Gi\u00e1 T4/23": 6.769956227646874, "Gi\u00e1 T5/23": 7.108134354753855, "Gi\u00e1 T6/23": 6.684321669186499, "Gi\u00e1 T7/23": 6.478745067667183, "Gi\u00e1 T8/23": 6.735177557729496, "Gi\u00e1 T9/23": 6.600151606352942, "Gi\u00e1 T10/23": 6.808140906544279, "Gi\u00e1 T11/23": 7.434342128960901, "Gi\u00e1 T12/23": 7.254891403048582, "Gi\u00e1 T1/24": 7.140737488919348, "Gi\u00e1 T2/24": 6.634366088567106, "Gi\u00e1 T3/24": 6.716539754156854, "Gi\u00e1 T4/24": 7.7332746852403655, "Gi\u00e1 T5/24": 7.258394697425139, "Gi\u00e1 T6/24": 8.087103925880188, "Gi\u00e1 T7/24": 8.446623564364712, "Gi\u00e1 T8/24": 8.82995126723081, "Gi\u00e1 T9/24": 8.761133821167967, "Gi\u00e1 T10/24": 8.835315870233872}