{"Gi\u00e1 T10/22": 8.2109893186937, "Gi\u00e1 T11/22": 8.230222031706278, "Gi\u00e1 T12/22": 8.343196534558562, "Gi\u00e1 T1/23": 8.599948982703772, "Gi\u00e1 T2/23": 7.922115165211188, "Gi\u00e1 T3/23": 8.273138027625283, "Gi\u00e1 T4/23": 7.230373201765351, "Gi\u00e1 T5/23": 8.079953156689799, "Gi\u00e1 T6/23": 7.956807868144965, "Gi\u00e1 T7/23": 7.449979237108588, "Gi\u00e1 T8/23": 7.739599430198827, "Gi\u00e1 T9/23": 7.868954923950163, "Gi\u00e1 T10/23": 8.423391434539226, "Gi\u00e1 T11/23": 9.120628593673642, "Gi\u00e1 T12/23": 9.357034704426717, "Gi\u00e1 T1/24": 9.016103196359225, "Gi\u00e1 T2/24": 9.042252530138503, "Gi\u00e1 T3/24": 8.941965032658823, "Gi\u00e1 T4/24": 9.093072853094101, "Gi\u00e1 T5/24": 8.104570264375695, "Gi\u00e1 T6/24": 9.365427564135029, "Gi\u00e1 T7/24": 10.078883031001054, "Gi\u00e1 T8/24": 11.216793974896703, "Gi\u00e1 T9/24": 11.144420489487954, "Gi\u00e1 T10/24": 11.606116777142322}