{"Gi\u00e1 T10/22": 14234.413533947152, "Gi\u00e1 T11/22": 12305.090830151958, "Gi\u00e1 T12/22": 12749.755737704918, "Gi\u00e1 T1/23": 14425.498532824313, "Gi\u00e1 T2/23": 13786.498240886294, "Gi\u00e1 T3/23": 14105.082992738977, "Gi\u00e1 T4/23": 12893.527329889961, "Gi\u00e1 T5/23": 10446.649748844686, "Gi\u00e1 T6/23": 15149.784205404596, "Gi\u00e1 T7/23": 14128.155730219329, "Gi\u00e1 T8/23": 13017.997724380568, "Gi\u00e1 T9/23": 13618.82629687851, "Gi\u00e1 T10/23": 12556.940639269407, "Gi\u00e1 T11/23": 14772.851620630287, "Gi\u00e1 T12/23": 13560.680477580658, "Gi\u00e1 T1/24": 16771.514903810166, "Gi\u00e1 T2/24": 12176.165611198443, "Gi\u00e1 T3/24": 13740.07022232203, "Gi\u00e1 T4/24": 13352.417014746612, "Gi\u00e1 T5/24": 13831.073830376525, "Gi\u00e1 T6/24": 15357.156044614117, "Gi\u00e1 T7/24": 15571.595867954189, "Gi\u00e1 T8/24": 16674.522853507, "Gi\u00e1 T9/24": 15428.756314095366, "Gi\u00e1 T10/24": 15954.18777603114}