{"Gi\u00e1 T10/22": 1716.933746796925, "Gi\u00e1 T11/22": 2106.133159633248, "Gi\u00e1 T12/22": 2035.0203361226777, "Gi\u00e1 T1/23": 2229.1745163356823, "Gi\u00e1 T2/23": 2408.981728859705, "Gi\u00e1 T3/23": 2200.858615470852, "Gi\u00e1 T4/23": 2464.886803331198, "Gi\u00e1 T5/23": 2222.740650224215, "Gi\u00e1 T6/23": 1893.977459961563, "Gi\u00e1 T7/23": 2333.88684477098, "Gi\u00e1 T8/23": 2562.4244568786035, "Gi\u00e1 T9/23": 2805.8065847213325, "Gi\u00e1 T10/23": 3052.338334401025, "Gi\u00e1 T11/23": 2853.7447333440105, "Gi\u00e1 T12/23": 1989.3184366992311, "Gi\u00e1 T1/24": 1853.7611755285075, "Gi\u00e1 T2/24": 1984.7787842328635, "Gi\u00e1 T3/24": 2448.6181165919284, "Gi\u00e1 T4/24": 2715.8300696668803, "Gi\u00e1 T5/24": 3488.3145946108266, "Gi\u00e1 T6/24": 3352.571995315503, "Gi\u00e1 T7/24": 3091.3859120755924, "Gi\u00e1 T8/24": 2948.9042775064063, "Gi\u00e1 T9/24": 3257.9903523382445, "Gi\u00e1 T10/24": 3499.682251561499}