{"Gi\u00e1 T10/22": 20302.581726676046, "Gi\u00e1 T11/22": 20525.18771630176, "Gi\u00e1 T12/22": 19805.408585867048, "Gi\u00e1 T1/23": 20380.179137691615, "Gi\u00e1 T2/23": 20483.931689680718, "Gi\u00e1 T3/23": 21002.392367350854, "Gi\u00e1 T4/23": 21241.757930200485, "Gi\u00e1 T5/23": 13285.892145234266, "Gi\u00e1 T6/23": 21544.138966796454, "Gi\u00e1 T7/23": 21608.982472455384, "Gi\u00e1 T8/23": 21604.691187747885, "Gi\u00e1 T9/23": 21630.017972457976, "Gi\u00e1 T10/23": 20432.335150469287, "Gi\u00e1 T11/23": 21768.70392047774, "Gi\u00e1 T12/23": 22066.443254027094, "Gi\u00e1 T1/24": 23086.24649195445, "Gi\u00e1 T2/24": 21037.11007895369, "Gi\u00e1 T3/24": 22761.193703670484, "Gi\u00e1 T4/24": 22392.186275987093, "Gi\u00e1 T5/24": 23515.884948121726, "Gi\u00e1 T6/24": 24251.177398971387, "Gi\u00e1 T7/24": 24900.534340441343, "Gi\u00e1 T8/24": 24558.92263253336, "Gi\u00e1 T9/24": 25698.776564341053, "Gi\u00e1 T10/24": 26657.644421005698}