{"Gi\u00e1 T10/22": 395.2363235294118, "Gi\u00e1 T11/22": 291.55485294117636, "Gi\u00e1 T12/22": 239.39382352941172, "Gi\u00e1 T1/23": 325.4951470588236, "Gi\u00e1 T2/23": 374.7811764705884, "Gi\u00e1 T3/23": 382.0261764705884, "Gi\u00e1 T4/23": 397.4563235294118, "Gi\u00e1 T5/23": 349.2622058823529, "Gi\u00e1 T6/23": 312.68970588235294, "Gi\u00e1 T7/23": 380.9077941176472, "Gi\u00e1 T8/23": 332.7194117647059, "Gi\u00e1 T9/23": 369.5276470588234, "Gi\u00e1 T10/23": 269.0426470588235, "Gi\u00e1 T11/23": 234.84808823529414, "Gi\u00e1 T12/23": 296.0223529411765, "Gi\u00e1 T1/24": 331.4151470588235, "Gi\u00e1 T2/24": 188.59367647058826, "Gi\u00e1 T3/24": 216.0144117647059, "Gi\u00e1 T4/24": 360.3305882352942, "Gi\u00e1 T5/24": 266.5022058823529, "Gi\u00e1 T6/24": 321.4775, "Gi\u00e1 T7/24": 214.45985294117648, "Gi\u00e1 T8/24": 211.79382352941178, "Gi\u00e1 T9/24": 333.50999999999993, "Gi\u00e1 T10/24": 366.1080882352942}