{"Gi\u00e1 T10/22": 8.537719956414948, "Gi\u00e1 T11/22": 8.543910273844194, "Gi\u00e1 T12/22": 8.757734187294599, "Gi\u00e1 T1/23": 9.096398686794323, "Gi\u00e1 T2/23": 8.251260459543731, "Gi\u00e1 T3/23": 8.793716454937172, "Gi\u00e1 T4/23": 7.757733851606251, "Gi\u00e1 T5/23": 8.482247586762107, "Gi\u00e1 T6/23": 8.323505247392728, "Gi\u00e1 T7/23": 7.800532169738375, "Gi\u00e1 T8/23": 8.338781978787068, "Gi\u00e1 T9/23": 8.34651758838315, "Gi\u00e1 T10/23": 8.883205216133598, "Gi\u00e1 T11/23": 9.475099588371641, "Gi\u00e1 T12/23": 9.716872166815335, "Gi\u00e1 T1/24": 9.344448670523349, "Gi\u00e1 T2/24": 9.541602007101375, "Gi\u00e1 T3/24": 9.472641392786995, "Gi\u00e1 T4/24": 9.666440740378171, "Gi\u00e1 T5/24": 8.623508036404283, "Gi\u00e1 T6/24": 9.76578188278603, "Gi\u00e1 T7/24": 10.70619259764377, "Gi\u00e1 T8/24": 11.85882448719704, "Gi\u00e1 T9/24": 11.858442367967465, "Gi\u00e1 T10/24": 12.495839177266856}