{"Gi\u00e1 T10/22": 71.67950172331338, "Gi\u00e1 T11/22": 70.39792616962681, "Gi\u00e1 T12/22": 73.26668946552549, "Gi\u00e1 T1/23": 74.82260785138277, "Gi\u00e1 T2/23": 65.1377973333993, "Gi\u00e1 T3/23": 76.46577920150399, "Gi\u00e1 T4/23": 55.39080632926005, "Gi\u00e1 T5/23": 71.6919288741569, "Gi\u00e1 T6/23": 68.2121413199426, "Gi\u00e1 T7/23": 58.03855043783704, "Gi\u00e1 T8/23": 63.28788861128977, "Gi\u00e1 T9/23": 65.49536168967167, "Gi\u00e1 T10/23": 75.33149425287357, "Gi\u00e1 T11/23": 87.60638908128433, "Gi\u00e1 T12/23": 94.22145859100577, "Gi\u00e1 T1/24": 88.30351774435594, "Gi\u00e1 T2/24": 88.28671296525339, "Gi\u00e1 T3/24": 86.04726739392139, "Gi\u00e1 T4/24": 91.7328300268804, "Gi\u00e1 T5/24": 71.14832385098698, "Gi\u00e1 T6/24": 95.6065415409225, "Gi\u00e1 T7/24": 109.50912234700442, "Gi\u00e1 T8/24": 135.90590498688965, "Gi\u00e1 T9/24": 134.41702604759314, "Gi\u00e1 T10/24": 144.37136030442454}