{"Gi\u00e1 T10/22": 3251.160909090909, "Gi\u00e1 T11/22": 4731.688181818182, "Gi\u00e1 T12/22": 3177.0181818181823, "Gi\u00e1 T1/23": 3674.8560412262154, "Gi\u00e1 T2/23": 3670.827188160677, "Gi\u00e1 T3/23": 3750.6281395348838, "Gi\u00e1 T4/23": 2911.1507399577163, "Gi\u00e1 T5/23": 3009.6646247357294, "Gi\u00e1 T6/23": 2695.6377748414375, "Gi\u00e1 T7/23": 3322.147711416491, "Gi\u00e1 T8/23": 4434.261057082453, "Gi\u00e1 T9/23": 4161.312304439746, "Gi\u00e1 T10/23": 4059.2555338266384, "Gi\u00e1 T11/23": 2890.6385782241014, "Gi\u00e1 T12/23": 3456.3101268498945, "Gi\u00e1 T1/24": 3323.2004386892177, "Gi\u00e1 T2/24": 3485.98532769556, "Gi\u00e1 T3/24": 4054.2981131078222, "Gi\u00e1 T4/24": 4256.013927061311, "Gi\u00e1 T5/24": 5002.392785412262, "Gi\u00e1 T6/24": 4963.03371564482, "Gi\u00e1 T7/24": 6062.692362579281, "Gi\u00e1 T8/24": 6032.320613107823, "Gi\u00e1 T9/24": 6662.523356236786, "Gi\u00e1 T10/24": 6236.2184090909095}