{"Gi\u00e1 T10/22": 67.85662291771833, "Gi\u00e1 T11/22": 67.77762640143088, "Gi\u00e1 T12/22": 69.83756912894722, "Gi\u00e1 T1/23": 73.7300335283963, "Gi\u00e1 T2/23": 62.640525548264065, "Gi\u00e1 T3/23": 69.14464804531943, "Gi\u00e1 T4/23": 52.21069219311858, "Gi\u00e1 T5/23": 66.11732427194147, "Gi\u00e1 T6/23": 63.72475405238656, "Gi\u00e1 T7/23": 55.70645808015655, "Gi\u00e1 T8/23": 59.53670711263174, "Gi\u00e1 T9/23": 62.24534129788547, "Gi\u00e1 T10/23": 71.46777316606529, "Gi\u00e1 T11/23": 83.88417995650033, "Gi\u00e1 T12/23": 89.01125494668486, "Gi\u00e1 T1/24": 82.50666205495416, "Gi\u00e1 T2/24": 82.30334573510075, "Gi\u00e1 T3/24": 80.35464411913173, "Gi\u00e1 T4/24": 83.3039020696618, "Gi\u00e1 T5/24": 65.85331974747758, "Gi\u00e1 T6/24": 88.87950330609931, "Gi\u00e1 T7/24": 101.75134450115605, "Gi\u00e1 T8/24": 125.87017861037886, "Gi\u00e1 T9/24": 124.31589513962895, "Gi\u00e1 T10/24": 133.69928923539055}