{"Gi\u00e1 T10/22": 8.430582190813421, "Gi\u00e1 T11/22": 8.361456388875661, "Gi\u00e1 T12/22": 8.525271384595884, "Gi\u00e1 T1/23": 8.657110643106968, "Gi\u00e1 T2/23": 8.047225591364853, "Gi\u00e1 T3/23": 8.698800389091263, "Gi\u00e1 T4/23": 7.433720053189366, "Gi\u00e1 T5/23": 8.424507994773604, "Gi\u00e1 T6/23": 8.21414693438441, "Gi\u00e1 T7/23": 7.5969672181010095, "Gi\u00e1 T8/23": 7.935876245502185, "Gi\u00e1 T9/23": 8.066335951393253, "Gi\u00e1 T10/23": 8.646704477869324, "Gi\u00e1 T11/23": 9.309231562177926, "Gi\u00e1 T12/23": 9.655938948002127, "Gi\u00e1 T1/24": 9.337894263515643, "Gi\u00e1 T2/24": 9.348583534799138, "Gi\u00e1 T3/24": 9.232623051649496, "Gi\u00e1 T4/24": 9.52896789293816, "Gi\u00e1 T5/24": 8.394121450626884, "Gi\u00e1 T6/24": 9.71407856149915, "Gi\u00e1 T7/24": 10.392454444910848, "Gi\u00e1 T8/24": 11.559968359505842, "Gi\u00e1 T9/24": 11.504751319341493, "Gi\u00e1 T10/24": 11.925162802245634}