{"Gi\u00e1 T10/22": 9.188938486672996, "Gi\u00e1 T11/22": 8.86330714141996, "Gi\u00e1 T12/22": 9.168733440822889, "Gi\u00e1 T1/23": 8.556487780980431, "Gi\u00e1 T2/23": 8.433368195809571, "Gi\u00e1 T3/23": 10.11115136977347, "Gi\u00e1 T4/23": 8.022275868627279, "Gi\u00e1 T5/23": 9.607940237402246, "Gi\u00e1 T6/23": 9.106418213773448, "Gi\u00e1 T7/23": 8.050716269961681, "Gi\u00e1 T8/23": 8.687356174543025, "Gi\u00e1 T9/23": 8.654437424874805, "Gi\u00e1 T10/23": 9.399881065468, "Gi\u00e1 T11/23": 9.953921303353685, "Gi\u00e1 T12/23": 10.75459713567002, "Gi\u00e1 T1/24": 10.749803354471199, "Gi\u00e1 T2/24": 10.705852646981295, "Gi\u00e1 T3/24": 10.404211670011668, "Gi\u00e1 T4/24": 11.357527820888102, "Gi\u00e1 T5/24": 9.562013183939756, "Gi\u00e1 T6/24": 11.131044697373708, "Gi\u00e1 T7/24": 11.57640530563135, "Gi\u00e1 T8/24": 13.161119108182834, "Gi\u00e1 T9/24": 12.991147470844847, "Gi\u00e1 T10/24": 13.138409492591036}