{"Gi\u00e1 T10/22": 31.668129032258072, "Gi\u00e1 T11/22": 34.525426895684966, "Gi\u00e1 T12/22": 35.03665856723921, "Gi\u00e1 T1/23": 37.85456807708422, "Gi\u00e1 T2/23": 41.06671135316298, "Gi\u00e1 T3/23": 42.03001927105152, "Gi\u00e1 T4/23": 47.17893338919147, "Gi\u00e1 T5/23": 51.575594470046084, "Gi\u00e1 T6/23": 52.332615835777105, "Gi\u00e1 T7/23": 38.77690155006284, "Gi\u00e1 T8/23": 47.46900544616675, "Gi\u00e1 T9/23": 45.66700879765396, "Gi\u00e1 T10/23": 42.245239212400506, "Gi\u00e1 T11/23": 47.1856866359447, "Gi\u00e1 T12/23": 46.151988269794714, "Gi\u00e1 T1/24": 45.718867197318815, "Gi\u00e1 T2/24": 51.6696589861751, "Gi\u00e1 T3/24": 58.98655048177628, "Gi\u00e1 T4/24": 71.73734394637621, "Gi\u00e1 T5/24": 68.91834687892754, "Gi\u00e1 T6/24": 73.94527188940093, "Gi\u00e1 T7/24": 61.5425957268538, "Gi\u00e1 T8/24": 77.40246585672394, "Gi\u00e1 T9/24": 82.62212987012988, "Gi\u00e1 T10/24": 78.75505906996231}