{"Gi\u00e1 T10/22": 190.30789102564106, "Gi\u00e1 T11/22": 100.13471153846159, "Gi\u00e1 T12/22": 175.0493333333334, "Gi\u00e1 T1/23": 411.9867692307692, "Gi\u00e1 T2/23": 165.64964102564107, "Gi\u00e1 T3/23": 359.52564102564105, "Gi\u00e1 T4/23": 361.764967948718, "Gi\u00e1 T5/23": 347.9004871794871, "Gi\u00e1 T6/23": 231.3133269230769, "Gi\u00e1 T7/23": 263.4157692307693, "Gi\u00e1 T8/23": 338.6856346153845, "Gi\u00e1 T9/23": 219.08342948717956, "Gi\u00e1 T10/23": 212.25548717948712, "Gi\u00e1 T11/23": 222.70807692307696, "Gi\u00e1 T12/23": 356.3363846153846, "Gi\u00e1 T1/24": 323.5047115384616, "Gi\u00e1 T2/24": 389.50253846153856, "Gi\u00e1 T3/24": 409.27548717948713, "Gi\u00e1 T4/24": 560.1496410256411, "Gi\u00e1 T5/24": 446.0869487179487, "Gi\u00e1 T6/24": 533.2081025641025, "Gi\u00e1 T7/24": 478.69856410256415, "Gi\u00e1 T8/24": 663.7644871794872, "Gi\u00e1 T9/24": 746.1435641025643, "Gi\u00e1 T10/24": 612.8831794871795}