{"Gi\u00e1 T10/22": 6.863466869113639, "Gi\u00e1 T11/22": 6.513111335623899, "Gi\u00e1 T12/22": 6.481753600931232, "Gi\u00e1 T1/23": 6.404370704351378, "Gi\u00e1 T2/23": 6.599698935995295, "Gi\u00e1 T3/23": 6.9368473350762745, "Gi\u00e1 T4/23": 6.7740978316541405, "Gi\u00e1 T5/23": 7.141542213485719, "Gi\u00e1 T6/23": 6.737517257075295, "Gi\u00e1 T7/23": 6.54150150039479, "Gi\u00e1 T8/23": 6.8099596000353255, "Gi\u00e1 T9/23": 6.615384989544686, "Gi\u00e1 T10/23": 6.871382291987175, "Gi\u00e1 T11/23": 7.492257189586612, "Gi\u00e1 T12/23": 7.379458779302002, "Gi\u00e1 T1/24": 7.266154219840087, "Gi\u00e1 T2/24": 6.632756684433533, "Gi\u00e1 T3/24": 6.75136775381588, "Gi\u00e1 T4/24": 7.85927447751854, "Gi\u00e1 T5/24": 7.310204464204922, "Gi\u00e1 T6/24": 8.205533582487053, "Gi\u00e1 T7/24": 8.576720319745917, "Gi\u00e1 T8/24": 8.957030244901876, "Gi\u00e1 T9/24": 8.965363111292334, "Gi\u00e1 T10/24": 8.951725102364318}