{"Gi\u00e1 T10/22": 5.247623839306957, "Gi\u00e1 T11/22": 4.830596989154378, "Gi\u00e1 T12/22": 4.853677483925702, "Gi\u00e1 T1/23": 4.989468642868999, "Gi\u00e1 T2/23": 4.967280724696676, "Gi\u00e1 T3/23": 5.3192606798575195, "Gi\u00e1 T4/23": 5.172930847316556, "Gi\u00e1 T5/23": 5.435341863808622, "Gi\u00e1 T6/23": 4.860590062243065, "Gi\u00e1 T7/23": 4.865890514809941, "Gi\u00e1 T8/23": 5.06463605948177, "Gi\u00e1 T9/23": 4.806850072813228, "Gi\u00e1 T10/23": 5.520804845889816, "Gi\u00e1 T11/23": 5.490101084803004, "Gi\u00e1 T12/23": 5.487227924592775, "Gi\u00e1 T1/24": 5.656981777522, "Gi\u00e1 T2/24": 4.730727770540118, "Gi\u00e1 T3/24": 5.099098113676355, "Gi\u00e1 T4/24": 5.265509743744095, "Gi\u00e1 T5/24": 5.248564462509763, "Gi\u00e1 T6/24": 5.009201756602993, "Gi\u00e1 T7/24": 4.857770482359799, "Gi\u00e1 T8/24": 5.598251822888489, "Gi\u00e1 T9/24": 6.196849501049464, "Gi\u00e1 T10/24": 6.666555882322102}