{"Gi\u00e1 T10/22": 45.96252484357749, "Gi\u00e1 T11/22": 41.69693105140474, "Gi\u00e1 T12/22": 41.9669685928107, "Gi\u00e1 T1/23": 41.09861231750705, "Gi\u00e1 T2/23": 43.208933505091395, "Gi\u00e1 T3/23": 47.455279597595386, "Gi\u00e1 T4/23": 45.83230732425469, "Gi\u00e1 T5/23": 50.525574005232, "Gi\u00e1 T6/23": 44.68015617715618, "Gi\u00e1 T7/23": 41.974137651821856, "Gi\u00e1 T8/23": 45.36261673414305, "Gi\u00e1 T9/23": 43.56200122684333, "Gi\u00e1 T10/23": 46.350782603361544, "Gi\u00e1 T11/23": 55.269442890442896, "Gi\u00e1 T12/23": 52.633449270028215, "Gi\u00e1 T1/24": 50.990131885658194, "Gi\u00e1 T2/24": 44.014813397129195, "Gi\u00e1 T3/24": 45.11190626916942, "Gi\u00e1 T4/24": 59.803537357379476, "Gi\u00e1 T5/24": 52.684293583609374, "Gi\u00e1 T6/24": 65.40124990798675, "Gi\u00e1 T7/24": 71.34544963808122, "Gi\u00e1 T8/24": 77.96803938167098, "Gi\u00e1 T9/24": 76.75746583241322, "Gi\u00e1 T10/24": 78.06280652680654}