{"Gi\u00e1 T10/22": 6.766274939913394, "Gi\u00e1 T11/22": 6.412339322605697, "Gi\u00e1 T12/22": 6.435755998296381, "Gi\u00e1 T1/23": 6.354076919970512, "Gi\u00e1 T2/23": 6.5285648622449335, "Gi\u00e1 T3/23": 6.839156910670679, "Gi\u00e1 T4/23": 6.710551290417467, "Gi\u00e1 T5/23": 7.048062780012406, "Gi\u00e1 T6/23": 6.6193347841054715, "Gi\u00e1 T7/23": 6.422125117380095, "Gi\u00e1 T8/23": 6.703893321180216, "Gi\u00e1 T9/23": 6.571877555289332, "Gi\u00e1 T10/23": 6.790380024433499, "Gi\u00e1 T11/23": 7.377641756417115, "Gi\u00e1 T12/23": 7.230306883013267, "Gi\u00e1 T1/24": 7.1356155868937865, "Gi\u00e1 T2/24": 6.572702713182939, "Gi\u00e1 T3/24": 6.6667218326455275, "Gi\u00e1 T4/24": 7.63520853112248, "Gi\u00e1 T5/24": 7.211949750903623, "Gi\u00e1 T6/24": 7.9780332221129076, "Gi\u00e1 T7/24": 8.296810159545018, "Gi\u00e1 T8/24": 8.71117048784963, "Gi\u00e1 T9/24": 8.667222455783584, "Gi\u00e1 T10/24": 8.726478670911455}