{"Gi\u00e1 T10/22": 41.93072736318409, "Gi\u00e1 T11/22": 37.82307960199005, "Gi\u00e1 T12/22": 38.15721243781095, "Gi\u00e1 T1/23": 37.539963184079596, "Gi\u00e1 T2/23": 38.91004975124378, "Gi\u00e1 T3/23": 42.72789004975124, "Gi\u00e1 T4/23": 40.918411940298505, "Gi\u00e1 T5/23": 44.3931551391568, "Gi\u00e1 T6/23": 39.548924378109454, "Gi\u00e1 T7/23": 37.484999004975116, "Gi\u00e1 T8/23": 41.10908407960199, "Gi\u00e1 T9/23": 39.99043631840796, "Gi\u00e1 T10/23": 42.364947761194024, "Gi\u00e1 T11/23": 47.72157810945274, "Gi\u00e1 T12/23": 46.99731094527363, "Gi\u00e1 T1/24": 46.71648407960198, "Gi\u00e1 T2/24": 39.06080447761195, "Gi\u00e1 T3/24": 41.679999004975116, "Gi\u00e1 T4/24": 48.00250796019901, "Gi\u00e1 T5/24": 46.267484079602, "Gi\u00e1 T6/24": 50.727844776119404, "Gi\u00e1 T7/24": 51.99160199004976, "Gi\u00e1 T8/24": 61.87640497512439, "Gi\u00e1 T9/24": 62.641918407960205, "Gi\u00e1 T10/24": 64.76145671641792}