{"Gi\u00e1 T10/22": 5008.00852631579, "Gi\u00e1 T11/22": 4051.0350263157898, "Gi\u00e1 T12/22": 4216.333973684211, "Gi\u00e1 T1/23": 4721.994184210526, "Gi\u00e1 T2/23": 3851.683052631579, "Gi\u00e1 T3/23": 3956.003026315789, "Gi\u00e1 T4/23": 3869.7269473684214, "Gi\u00e1 T5/23": 4521.226210526315, "Gi\u00e1 T6/23": 3732.4057631578944, "Gi\u00e1 T7/23": 3848.26852631579, "Gi\u00e1 T8/23": 3359.5668421052633, "Gi\u00e1 T9/23": 3363.8401052631575, "Gi\u00e1 T10/23": 3785.5056842105264, "Gi\u00e1 T11/23": 4562.695657894737, "Gi\u00e1 T12/23": 4296.873973684211, "Gi\u00e1 T1/24": 4611.707868421053, "Gi\u00e1 T2/24": 4603.558184210527, "Gi\u00e1 T3/24": 4970.715684210526, "Gi\u00e1 T4/24": 5495.671026315789, "Gi\u00e1 T5/24": 5801.776078947369, "Gi\u00e1 T6/24": 6361.586184210526, "Gi\u00e1 T7/24": 7395.335157894738, "Gi\u00e1 T8/24": 7846.058, "Gi\u00e1 T9/24": 7215.560289473684, "Gi\u00e1 T10/24": 8649.041342105262}