{"Gi\u00e1 T10/22": 76.93456242748147, "Gi\u00e1 T11/22": 70.55237895995218, "Gi\u00e1 T12/22": 77.66693259730671, "Gi\u00e1 T1/23": 76.47609859006363, "Gi\u00e1 T2/23": 68.46174782883865, "Gi\u00e1 T3/23": 87.36038817200522, "Gi\u00e1 T4/23": 61.46502513976303, "Gi\u00e1 T5/23": 78.16293730881473, "Gi\u00e1 T6/23": 73.0502893709785, "Gi\u00e1 T7/23": 61.03251221827643, "Gi\u00e1 T8/23": 71.06039977497277, "Gi\u00e1 T9/23": 71.11107204388031, "Gi\u00e1 T10/23": 83.10840336134454, "Gi\u00e1 T11/23": 92.29327555289899, "Gi\u00e1 T12/23": 102.81792482683448, "Gi\u00e1 T1/24": 93.69669104461869, "Gi\u00e1 T2/24": 93.21646179810837, "Gi\u00e1 T3/24": 94.39299040118138, "Gi\u00e1 T4/24": 101.46749200098452, "Gi\u00e1 T5/24": 79.15431700713758, "Gi\u00e1 T6/24": 105.31150873738618, "Gi\u00e1 T7/24": 118.73879364298023, "Gi\u00e1 T8/24": 141.92878098519745, "Gi\u00e1 T9/24": 145.00761119510565, "Gi\u00e1 T10/24": 158.15411729545377}