{"Gi\u00e1 T10/22": 71.53443302891934, "Gi\u00e1 T11/22": 70.65523889074507, "Gi\u00e1 T12/22": 73.48573175372165, "Gi\u00e1 T1/23": 75.28591231391766, "Gi\u00e1 T2/23": 65.25399673311802, "Gi\u00e1 T3/23": 75.76394424954525, "Gi\u00e1 T4/23": 55.2494494561384, "Gi\u00e1 T5/23": 71.02175887255449, "Gi\u00e1 T6/23": 67.84429627464083, "Gi\u00e1 T7/23": 58.106673488138995, "Gi\u00e1 T8/23": 63.04668522849613, "Gi\u00e1 T9/23": 65.31404545792033, "Gi\u00e1 T10/23": 75.33630795931248, "Gi\u00e1 T11/23": 87.94695961874002, "Gi\u00e1 T12/23": 94.36097477447376, "Gi\u00e1 T1/24": 88.43795276942495, "Gi\u00e1 T2/24": 87.83968751160114, "Gi\u00e1 T3/24": 85.60651394921481, "Gi\u00e1 T4/24": 91.61034877677545, "Gi\u00e1 T5/24": 70.83461553810743, "Gi\u00e1 T6/24": 95.78448964249917, "Gi\u00e1 T7/24": 108.92762046627317, "Gi\u00e1 T8/24": 134.97586372832907, "Gi\u00e1 T9/24": 133.41135236848945, "Gi\u00e1 T10/24": 142.7102422318744}