{"Gi\u00e1 T10/22": 8.771234943124114, "Gi\u00e1 T11/22": 8.39954635441416, "Gi\u00e1 T12/22": 8.812884465219472, "Gi\u00e1 T1/23": 8.745061382864252, "Gi\u00e1 T2/23": 8.27416145774535, "Gi\u00e1 T3/23": 9.346677921700588, "Gi\u00e1 T4/23": 7.83996333790937, "Gi\u00e1 T5/23": 8.840980562630751, "Gi\u00e1 T6/23": 8.546946201479129, "Gi\u00e1 T7/23": 7.812330780137029, "Gi\u00e1 T8/23": 8.429733078512793, "Gi\u00e1 T9/23": 8.432738110713524, "Gi\u00e1 T10/23": 9.11638104520344, "Gi\u00e1 T11/23": 9.606938927301401, "Gi\u00e1 T12/23": 10.139917397436454, "Gi\u00e1 T1/24": 9.679705111449351, "Gi\u00e1 T2/24": 9.654867259476351, "Gi\u00e1 T3/24": 9.71560550872571, "Gi\u00e1 T4/24": 10.073107365703223, "Gi\u00e1 T5/24": 8.896871192005511, "Gi\u00e1 T6/24": 10.2621395789273, "Gi\u00e1 T7/24": 10.896733163796396, "Gi\u00e1 T8/24": 11.913386629552381, "Gi\u00e1 T9/24": 12.041910612320025, "Gi\u00e1 T10/24": 12.575934052604353}