{"Gi\u00e1 T10/22": 80.22393180432437, "Gi\u00e1 T11/22": 71.67131527871811, "Gi\u00e1 T12/22": 74.59255427668695, "Gi\u00e1 T1/23": 79.17025231324756, "Gi\u00e1 T2/23": 85.74032092078536, "Gi\u00e1 T3/23": 68.16668968630105, "Gi\u00e1 T4/23": 67.4719246219815, "Gi\u00e1 T5/23": 67.01030647709322, "Gi\u00e1 T6/23": 75.42472173324306, "Gi\u00e1 T7/23": 67.02828210336268, "Gi\u00e1 T8/23": 76.27962491536898, "Gi\u00e1 T9/23": 72.24117986910403, "Gi\u00e1 T10/23": 47.21913744075832, "Gi\u00e1 T11/23": 47.029460167005205, "Gi\u00e1 T12/23": 47.351703904310554, "Gi\u00e1 T1/24": 39.90810245994134, "Gi\u00e1 T2/24": 53.44810877905666, "Gi\u00e1 T3/24": 34.29775626269467, "Gi\u00e1 T4/24": 28.602044685172647, "Gi\u00e1 T5/24": 49.29196614759648, "Gi\u00e1 T6/24": 47.31607357255701, "Gi\u00e1 T7/24": 46.246285714285705, "Gi\u00e1 T8/24": 40.89577476867527, "Gi\u00e1 T9/24": 37.792437824418855, "Gi\u00e1 T10/24": 40.410527646129516}