{"Gi\u00e1 T10/22": 77.2882850140056, "Gi\u00e1 T11/22": 70.99815407170465, "Gi\u00e1 T12/22": 72.59456217512992, "Gi\u00e1 T1/23": 77.2126882580301, "Gi\u00e1 T2/23": 82.60409969345595, "Gi\u00e1 T3/23": 66.2272544315607, "Gi\u00e1 T4/23": 65.31954951352793, "Gi\u00e1 T5/23": 64.51434359589499, "Gi\u00e1 T6/23": 73.17409969345596, "Gi\u00e1 T7/23": 64.47111688657871, "Gi\u00e1 T8/23": 73.47664534186325, "Gi\u00e1 T9/23": 69.59367186458749, "Gi\u00e1 T10/23": 45.29180461148876, "Gi\u00e1 T11/23": 45.34501399440225, "Gi\u00e1 T12/23": 45.81679728108758, "Gi\u00e1 T1/24": 38.64879648140745, "Gi\u00e1 T2/24": 51.98077702252434, "Gi\u00e1 T3/24": 33.0927349060376, "Gi\u00e1 T4/24": 27.80472344395575, "Gi\u00e1 T5/24": 47.449072371051585, "Gi\u00e1 T6/24": 45.42252432360391, "Gi\u00e1 T7/24": 43.89685459149673, "Gi\u00e1 T8/24": 38.66368785819008, "Gi\u00e1 T9/24": 36.12369185659068, "Gi\u00e1 T10/24": 38.00690657070503}