{"Gi\u00e1 T10/22": 8.200798349815177, "Gi\u00e1 T11/22": 8.213818646610884, "Gi\u00e1 T12/22": 8.305851017394115, "Gi\u00e1 T1/23": 8.527768624246232, "Gi\u00e1 T2/23": 7.907312292938651, "Gi\u00e1 T3/23": 8.31087510278051, "Gi\u00e1 T4/23": 7.259476145792616, "Gi\u00e1 T5/23": 8.10268500195016, "Gi\u00e1 T6/23": 7.961493576921489, "Gi\u00e1 T7/23": 7.426444413390486, "Gi\u00e1 T8/23": 7.760159625814509, "Gi\u00e1 T9/23": 7.891628252051193, "Gi\u00e1 T10/23": 8.444040649717902, "Gi\u00e1 T11/23": 9.091441225432792, "Gi\u00e1 T12/23": 9.337313523439772, "Gi\u00e1 T1/24": 8.940514568629688, "Gi\u00e1 T2/24": 8.985926123705628, "Gi\u00e1 T3/24": 8.958415715201047, "Gi\u00e1 T4/24": 9.069072615480962, "Gi\u00e1 T5/24": 8.091327210253693, "Gi\u00e1 T6/24": 9.31101414965825, "Gi\u00e1 T7/24": 10.054392215305453, "Gi\u00e1 T8/24": 11.146332711062891, "Gi\u00e1 T9/24": 11.125726712565204, "Gi\u00e1 T10/24": 11.646996487790773}