{"Gi\u00e1 T10/22": 33.49636778817478, "Gi\u00e1 T11/22": 34.50327191638753, "Gi\u00e1 T12/22": 32.663139421740006, "Gi\u00e1 T1/23": 29.864975218526208, "Gi\u00e1 T2/23": 33.39433984576716, "Gi\u00e1 T3/23": 33.22939744049549, "Gi\u00e1 T4/23": 31.086280058515666, "Gi\u00e1 T5/23": 36.13409978562175, "Gi\u00e1 T6/23": 35.1934979170413, "Gi\u00e1 T7/23": 31.949991156311324, "Gi\u00e1 T8/23": 34.31436464546392, "Gi\u00e1 T9/23": 30.638188947824197, "Gi\u00e1 T10/23": 30.692870076333385, "Gi\u00e1 T11/23": 34.671636432969564, "Gi\u00e1 T12/23": 33.36163778128246, "Gi\u00e1 T1/24": 38.532013346507476, "Gi\u00e1 T2/24": 40.00016073559613, "Gi\u00e1 T3/24": 34.72557422781672, "Gi\u00e1 T4/24": 33.18382902063391, "Gi\u00e1 T5/24": 32.85655659309304, "Gi\u00e1 T6/24": 33.47157308861705, "Gi\u00e1 T7/24": 35.06183651308647, "Gi\u00e1 T8/24": 42.758442834022496, "Gi\u00e1 T9/24": 35.85034068586596, "Gi\u00e1 T10/24": 36.10161900250783}