{"Gi\u00e1 T10/22": 58.04375284178417, "Gi\u00e1 T11/22": 55.652211766150884, "Gi\u00e1 T12/22": 50.29691103526386, "Gi\u00e1 T1/23": 49.06405598554323, "Gi\u00e1 T2/23": 61.97315507806512, "Gi\u00e1 T3/23": 58.48390959112321, "Gi\u00e1 T4/23": 57.57427334244343, "Gi\u00e1 T5/23": 58.526860409958765, "Gi\u00e1 T6/23": 54.224628958020105, "Gi\u00e1 T7/23": 50.13402556584244, "Gi\u00e1 T8/23": 50.52667734711898, "Gi\u00e1 T9/23": 54.61631084825456, "Gi\u00e1 T10/23": 49.19005460664265, "Gi\u00e1 T11/23": 55.18156610241099, "Gi\u00e1 T12/23": 51.8085591588201, "Gi\u00e1 T1/24": 67.06486988940074, "Gi\u00e1 T2/24": 63.811555146762046, "Gi\u00e1 T3/24": 62.569142260577586, "Gi\u00e1 T4/24": 52.60954296375376, "Gi\u00e1 T5/24": 59.329024472592565, "Gi\u00e1 T6/24": 60.10657795703587, "Gi\u00e1 T7/24": 59.13456962915944, "Gi\u00e1 T8/24": 61.78632023311905, "Gi\u00e1 T9/24": 57.48184100089413, "Gi\u00e1 T10/24": 58.02441317108018}