{"Gi\u00e1 T10/22": 54.6249659116448, "Gi\u00e1 T11/22": 52.56692363099728, "Gi\u00e1 T12/22": 47.33925756953307, "Gi\u00e1 T1/23": 46.30294430921865, "Gi\u00e1 T2/23": 58.58377218084743, "Gi\u00e1 T3/23": 55.04797206551737, "Gi\u00e1 T4/23": 54.304575823253295, "Gi\u00e1 T5/23": 55.12369381251369, "Gi\u00e1 T6/23": 50.93503381581822, "Gi\u00e1 T7/23": 47.46142571648679, "Gi\u00e1 T8/23": 47.55709381982342, "Gi\u00e1 T9/23": 51.506240420233894, "Gi\u00e1 T10/23": 46.4594491803283, "Gi\u00e1 T11/23": 52.125196175669856, "Gi\u00e1 T12/23": 48.73570266608713, "Gi\u00e1 T1/24": 62.87401388288345, "Gi\u00e1 T2/24": 60.09475579499702, "Gi\u00e1 T3/24": 59.012215513138116, "Gi\u00e1 T4/24": 49.8472348648498, "Gi\u00e1 T5/24": 56.11216581490171, "Gi\u00e1 T6/24": 56.49365217132391, "Gi\u00e1 T7/24": 55.703797960751906, "Gi\u00e1 T8/24": 57.45250007301717, "Gi\u00e1 T9/24": 54.18071049962249, "Gi\u00e1 T10/24": 54.91164018430561}