{"Gi\u00e1 T10/22": 12565.640613541298, "Gi\u00e1 T11/22": 12115.35697100319, "Gi\u00e1 T12/22": 11413.30774240813, "Gi\u00e1 T1/23": 13009.946410067352, "Gi\u00e1 T2/23": 13583.934072929222, "Gi\u00e1 T3/23": 13563.877590547087, "Gi\u00e1 T4/23": 13972.77883365237, "Gi\u00e1 T5/23": 13993.022810197892, "Gi\u00e1 T6/23": 14275.399525180195, "Gi\u00e1 T7/23": 13313.04821968569, "Gi\u00e1 T8/23": 12900.845300153609, "Gi\u00e1 T9/23": 13340.388934325889, "Gi\u00e1 T10/23": 13121.62963034385, "Gi\u00e1 T11/23": 14263.237394446414, "Gi\u00e1 T12/23": 14208.549152924496, "Gi\u00e1 T1/24": 14397.034817346095, "Gi\u00e1 T2/24": 15672.744368569065, "Gi\u00e1 T3/24": 17110.284069951555, "Gi\u00e1 T4/24": 16471.658470613256, "Gi\u00e1 T5/24": 16756.59614481862, "Gi\u00e1 T6/24": 16569.316614959236, "Gi\u00e1 T7/24": 17575.643447288196, "Gi\u00e1 T8/24": 17948.221827909725, "Gi\u00e1 T9/24": 17976.834046224743, "Gi\u00e1 T10/24": 18853.092023963134}