{"Gi\u00e1 T10/22": 16002.54696287361, "Gi\u00e1 T11/22": 15328.748306556412, "Gi\u00e1 T12/22": 14451.695804881034, "Gi\u00e1 T1/23": 16613.043636008693, "Gi\u00e1 T2/23": 17254.090699958626, "Gi\u00e1 T3/23": 17341.313305973672, "Gi\u00e1 T4/23": 17977.595194052552, "Gi\u00e1 T5/23": 17792.027679162155, "Gi\u00e1 T6/23": 18565.797657179653, "Gi\u00e1 T7/23": 17338.59827334021, "Gi\u00e1 T8/23": 16652.947869705076, "Gi\u00e1 T9/23": 17218.097056112074, "Gi\u00e1 T10/23": 16717.88132611318, "Gi\u00e1 T11/23": 18145.727082014884, "Gi\u00e1 T12/23": 18379.52667505813, "Gi\u00e1 T1/24": 18686.32263687115, "Gi\u00e1 T2/24": 20209.713691427307, "Gi\u00e1 T3/24": 22188.412805982414, "Gi\u00e1 T4/24": 21160.369424369037, "Gi\u00e1 T5/24": 21341.405019288708, "Gi\u00e1 T6/24": 21117.60936871733, "Gi\u00e1 T7/24": 22337.124993618992, "Gi\u00e1 T8/24": 22911.698801361283, "Gi\u00e1 T9/24": 22925.149507992286, "Gi\u00e1 T10/24": 23747.496798861324}