{"Gi\u00e1 T10/22": 65.28886604831752, "Gi\u00e1 T11/22": 58.33084728213977, "Gi\u00e1 T12/22": 65.33172821397757, "Gi\u00e1 T1/23": 70.67707139775668, "Gi\u00e1 T2/23": 68.21351272648836, "Gi\u00e1 T3/23": 85.33216738567731, "Gi\u00e1 T4/23": 80.1603091026747, "Gi\u00e1 T5/23": 78.84312769628991, "Gi\u00e1 T6/23": 73.96545232959448, "Gi\u00e1 T7/23": 79.11824784296806, "Gi\u00e1 T8/23": 81.1032987489215, "Gi\u00e1 T9/23": 62.97024331320102, "Gi\u00e1 T10/23": 64.26481061259707, "Gi\u00e1 T11/23": 64.34909771354616, "Gi\u00e1 T12/23": 65.45741975841243, "Gi\u00e1 T1/24": 76.62149633304573, "Gi\u00e1 T2/24": 71.70212295081964, "Gi\u00e1 T3/24": 87.05996182053495, "Gi\u00e1 T4/24": 82.00742277825714, "Gi\u00e1 T5/24": 116.47233757549608, "Gi\u00e1 T6/24": 91.31220815358066, "Gi\u00e1 T7/24": 88.78166242450386, "Gi\u00e1 T8/24": 95.27889301121658, "Gi\u00e1 T9/24": 105.78904508196723, "Gi\u00e1 T10/24": 130.53947325280416}