{"Gi\u00e1 T10/22": 70.32681715703652, "Gi\u00e1 T11/22": 69.27588349285124, "Gi\u00e1 T12/22": 72.87593184449959, "Gi\u00e1 T1/23": 76.66788774666193, "Gi\u00e1 T2/23": 64.79941883492852, "Gi\u00e1 T3/23": 73.44133361692072, "Gi\u00e1 T4/23": 54.919899042892595, "Gi\u00e1 T5/23": 68.73349171688527, "Gi\u00e1 T6/23": 66.24385867895545, "Gi\u00e1 T7/23": 57.794624317617874, "Gi\u00e1 T8/23": 62.14549805033677, "Gi\u00e1 T9/23": 64.42753397140494, "Gi\u00e1 T10/23": 74.36123984402695, "Gi\u00e1 T11/23": 87.08465158927095, "Gi\u00e1 T12/23": 93.38964159281578, "Gi\u00e1 T1/24": 87.1039278270117, "Gi\u00e1 T2/24": 86.66362741344678, "Gi\u00e1 T3/24": 84.38006862814603, "Gi\u00e1 T4/24": 89.99816069951555, "Gi\u00e1 T5/24": 69.64525704832802, "Gi\u00e1 T6/24": 94.4569212336051, "Gi\u00e1 T7/24": 107.30114574028124, "Gi\u00e1 T8/24": 132.91062181259602, "Gi\u00e1 T9/24": 131.21613460947654, "Gi\u00e1 T10/24": 140.36922046555597}