{"Gi\u00e1 T10/22": 4677.0625, "Gi\u00e1 T11/22": 7585.126944444444, "Gi\u00e1 T12/22": 4842.431111111112, "Gi\u00e1 T1/23": 5292.1425, "Gi\u00e1 T2/23": 5546.1386111111115, "Gi\u00e1 T3/23": 5739.087777777779, "Gi\u00e1 T4/23": 5456.481944444444, "Gi\u00e1 T5/23": 4891.131111111111, "Gi\u00e1 T6/23": 4455.975277777778, "Gi\u00e1 T7/23": 5539.821111111111, "Gi\u00e1 T8/23": 6612.902777777778, "Gi\u00e1 T9/23": 6476.502777777777, "Gi\u00e1 T10/23": 6370.865277777778, "Gi\u00e1 T11/23": 4420.1775, "Gi\u00e1 T12/23": 5732.54861111111, "Gi\u00e1 T1/24": 5788.102499999999, "Gi\u00e1 T2/24": 5446.531111111111, "Gi\u00e1 T3/24": 6285.658611111111, "Gi\u00e1 T4/24": 7185.926944444444, "Gi\u00e1 T5/24": 8242.305, "Gi\u00e1 T6/24": 7992.356944444445, "Gi\u00e1 T7/24": 9199.40611111111, "Gi\u00e1 T8/24": 9534.749444444446, "Gi\u00e1 T9/24": 10767.332499999999, "Gi\u00e1 T10/24": 9949.850277777778}