{"Gi\u00e1 T10/22": 68.65720219858156, "Gi\u00e1 T11/22": 68.68908304964539, "Gi\u00e1 T12/22": 71.38659744680851, "Gi\u00e1 T1/23": 76.88674886524822, "Gi\u00e1 T2/23": 64.31965134751773, "Gi\u00e1 T3/23": 70.57888219858157, "Gi\u00e1 T4/23": 54.098869503546105, "Gi\u00e1 T5/23": 66.08624567375887, "Gi\u00e1 T6/23": 64.85260985815603, "Gi\u00e1 T7/23": 56.2755670212766, "Gi\u00e1 T8/23": 61.93217333333334, "Gi\u00e1 T9/23": 62.93241468085107, "Gi\u00e1 T10/23": 72.06963517730497, "Gi\u00e1 T11/23": 82.69336219858157, "Gi\u00e1 T12/23": 87.60490035460992, "Gi\u00e1 T1/24": 81.02040368794327, "Gi\u00e1 T2/24": 83.04621617021277, "Gi\u00e1 T3/24": 81.82822808510637, "Gi\u00e1 T4/24": 84.29703992907804, "Gi\u00e1 T5/24": 67.03803773049646, "Gi\u00e1 T6/24": 89.70771567375887, "Gi\u00e1 T7/24": 105.62832000000002, "Gi\u00e1 T8/24": 131.48479539007093, "Gi\u00e1 T9/24": 130.40081581560284, "Gi\u00e1 T10/24": 143.60426943262414}