{"Gi\u00e1 T10/22": 66.70834357084357, "Gi\u00e1 T11/22": 60.40486099736099, "Gi\u00e1 T12/22": 68.04072913822914, "Gi\u00e1 T1/23": 71.86316339066339, "Gi\u00e1 T2/23": 69.80188051688052, "Gi\u00e1 T3/23": 87.49966420966422, "Gi\u00e1 T4/23": 82.04198402948401, "Gi\u00e1 T5/23": 80.6795904995905, "Gi\u00e1 T6/23": 75.15202315952317, "Gi\u00e1 T7/23": 80.56111475111474, "Gi\u00e1 T8/23": 83.0550411775412, "Gi\u00e1 T9/23": 65.0084837109837, "Gi\u00e1 T10/23": 67.61942146692147, "Gi\u00e1 T11/23": 67.83018382018382, "Gi\u00e1 T12/23": 68.81680544180544, "Gi\u00e1 T1/24": 83.13671193921193, "Gi\u00e1 T2/24": 76.46256097006095, "Gi\u00e1 T3/24": 91.26432637182637, "Gi\u00e1 T4/24": 85.99671990171993, "Gi\u00e1 T5/24": 121.27989557739555, "Gi\u00e1 T6/24": 95.11532555282554, "Gi\u00e1 T7/24": 92.17419123669121, "Gi\u00e1 T8/24": 98.02320593320594, "Gi\u00e1 T9/24": 110.31559263809265, "Gi\u00e1 T10/24": 136.11628401128405}