{"Gi\u00e1 T10/22": 28.345385869565224, "Gi\u00e1 T11/22": 26.236878881987572, "Gi\u00e1 T12/22": 27.250570652173916, "Gi\u00e1 T1/23": 29.479265527950307, "Gi\u00e1 T2/23": 27.073579968944095, "Gi\u00e1 T3/23": 26.93034472049689, "Gi\u00e1 T4/23": 23.563798913043478, "Gi\u00e1 T5/23": 24.77463586956522, "Gi\u00e1 T6/23": 23.712775621118006, "Gi\u00e1 T7/23": 32.71738819875777, "Gi\u00e1 T8/23": 27.016656055900622, "Gi\u00e1 T9/23": 28.836890527950306, "Gi\u00e1 T10/23": 25.525194875776393, "Gi\u00e1 T11/23": 28.645944099378877, "Gi\u00e1 T12/23": 25.571776397515528, "Gi\u00e1 T1/24": 31.942236024844718, "Gi\u00e1 T2/24": 36.63388276397515, "Gi\u00e1 T3/24": 34.51475388198759, "Gi\u00e1 T4/24": 38.58207531055902, "Gi\u00e1 T5/24": 35.801514751552794, "Gi\u00e1 T6/24": 38.97384782608695, "Gi\u00e1 T7/24": 42.29390605590062, "Gi\u00e1 T8/24": 42.529809006211174, "Gi\u00e1 T9/24": 46.86917236024845, "Gi\u00e1 T10/24": 52.35136102484473}