{"Gi\u00e1 T10/22": 41.193709366980336, "Gi\u00e1 T11/22": 36.62547904191617, "Gi\u00e1 T12/22": 36.33366944682064, "Gi\u00e1 T1/23": 36.2546492728828, "Gi\u00e1 T2/23": 37.45163351867693, "Gi\u00e1 T3/23": 41.78104041916167, "Gi\u00e1 T4/23": 39.61047583404619, "Gi\u00e1 T5/23": 42.97818238993711, "Gi\u00e1 T6/23": 37.96526055032792, "Gi\u00e1 T7/23": 36.24223552894211, "Gi\u00e1 T8/23": 39.43526910464785, "Gi\u00e1 T9/23": 37.8114880952381, "Gi\u00e1 T10/23": 40.31750178214998, "Gi\u00e1 T11/23": 46.001938622754494, "Gi\u00e1 T12/23": 44.67577274023382, "Gi\u00e1 T1/24": 43.8846874108925, "Gi\u00e1 T2/24": 36.544581907613356, "Gi\u00e1 T3/24": 37.89269140290846, "Gi\u00e1 T4/24": 46.73523203592815, "Gi\u00e1 T5/24": 44.016593954947254, "Gi\u00e1 T6/24": 49.94882663244939, "Gi\u00e1 T7/24": 52.76460186769319, "Gi\u00e1 T8/24": 61.308494083262055, "Gi\u00e1 T9/24": 60.84085543199317, "Gi\u00e1 T10/24": 63.83526625320788}