{"Gi\u00e1 T10/22": 4280.841541770058, "Gi\u00e1 T11/22": 3699.8897402812245, "Gi\u00e1 T12/22": 4025.9297779156327, "Gi\u00e1 T1/23": 3604.3347675765094, "Gi\u00e1 T2/23": 3151.140748966088, "Gi\u00e1 T3/23": 3273.086317617866, "Gi\u00e1 T4/23": 3149.9353978494623, "Gi\u00e1 T5/23": 3288.1946302729525, "Gi\u00e1 T6/23": 3192.6416720430107, "Gi\u00e1 T7/23": 3342.976408188586, "Gi\u00e1 T8/23": 3084.793933829611, "Gi\u00e1 T9/23": 3013.105870554177, "Gi\u00e1 T10/23": 3158.0872402812242, "Gi\u00e1 T11/23": 3580.8057216708025, "Gi\u00e1 T12/23": 4287.872232837056, "Gi\u00e1 T1/24": 3656.0001435070308, "Gi\u00e1 T2/24": 3866.2654735318447, "Gi\u00e1 T3/24": 4464.704725806451, "Gi\u00e1 T4/24": 5300.378724152191, "Gi\u00e1 T5/24": 5531.198899503722, "Gi\u00e1 T6/24": 5968.698238213399, "Gi\u00e1 T7/24": 6459.049930521092, "Gi\u00e1 T8/24": 6793.542186931349, "Gi\u00e1 T9/24": 7057.990343672456, "Gi\u00e1 T10/24": 7597.719670802316}