{"Gi\u00e1 T10/22": 42.36018181818183, "Gi\u00e1 T11/22": 37.35782828282829, "Gi\u00e1 T12/22": 37.98381818181819, "Gi\u00e1 T1/23": 35.97555555555555, "Gi\u00e1 T2/23": 35.41772727272728, "Gi\u00e1 T3/23": 40.86390909090909, "Gi\u00e1 T4/23": 37.60754545454545, "Gi\u00e1 T5/23": 41.645158562367875, "Gi\u00e1 T6/23": 37.427454545454545, "Gi\u00e1 T7/23": 36.23673737373736, "Gi\u00e1 T8/23": 40.439616161616165, "Gi\u00e1 T9/23": 40.38336363636363, "Gi\u00e1 T10/23": 37.13719191919192, "Gi\u00e1 T11/23": 40.68907070707071, "Gi\u00e1 T12/23": 43.60082828282828, "Gi\u00e1 T1/24": 44.66772727272726, "Gi\u00e1 T2/24": 35.13164646464648, "Gi\u00e1 T3/24": 38.2201818181818, "Gi\u00e1 T4/24": 36.97785858585859, "Gi\u00e1 T5/24": 40.924818181818196, "Gi\u00e1 T6/24": 37.077858585858586, "Gi\u00e1 T7/24": 35.13961616161616, "Gi\u00e1 T8/24": 49.93604040404041, "Gi\u00e1 T9/24": 48.72018181818182, "Gi\u00e1 T10/24": 48.21025252525254}