{"C\u0103n h\u1ed9 chung c\u01b0": 47.484384059906006, "Nh\u00e0 Bi\u1ec7t th\u1ef1, li\u1ec1n k\u1ec1": 235.4610366821289}