{"C\u0103n h\u1ed9 chung c\u01b0": 59.98144340515137, "Nh\u00e0 Bi\u1ec7t th\u1ef1, li\u1ec1n k\u1ec1": 197.0414047241211}