{"C\u0103n h\u1ed9 chung c\u01b0": 111.59547710418701, "Nh\u00e0 Bi\u1ec7t th\u1ef1, li\u1ec1n k\u1ec1": 277.4193420410156}