{"C\u0103n h\u1ed9 chung c\u01b0": 106.92308044433594, "Nh\u00e0 Bi\u1ec7t th\u1ef1, li\u1ec1n k\u1ec1": 272.43829854329425}