{"C\u0103n h\u1ed9 chung c\u01b0": 49.69241896919582, "Nh\u00e0 Bi\u1ec7t th\u1ef1, li\u1ec1n k\u1ec1": 326.6666564941406, "Shophouse, nh\u00e0 ph\u1ed1 th\u01b0\u01a1ng m\u1ea1i": 356.4666748046875, "B\u1ea5t \u0111\u1ed9ng s\u1ea3n kh\u00e1c": 143.85964965820312}