{"C\u0103n h\u1ed9 chung c\u01b0": 48.38056270892803, "Nh\u00e0 Bi\u1ec7t th\u1ef1, li\u1ec1n k\u1ec1": 197.61818610297308}