{"C\u0103n h\u1ed9 chung c\u01b0": 71.80955042157855, "Nh\u00e0 Bi\u1ec7t th\u1ef1, li\u1ec1n k\u1ec1": 266.1137186686198, "B\u1ea5t \u0111\u1ed9ng s\u1ea3n kh\u00e1c": 48.0}