{"C\u0103n h\u1ed9 chung c\u01b0": 76.07000350952148, "Shophouse, nh\u00e0 ph\u1ed1 th\u01b0\u01a1ng m\u1ea1i": 132.7433624267578}