{"Nh\u00e0 m\u1eb7t ph\u1ed1": 452.1739196777344, "B\u1ea5t \u0111\u1ed9ng s\u1ea3n kh\u00e1c": 46.833770751953125}