{"Nh\u00e0 Bi\u1ec7t th\u1ef1, li\u1ec1n k\u1ec1": 259.5530090332031, "C\u0103n h\u1ed9 chung c\u01b0": 65.0943374633789}