{"Nh\u00e0 Bi\u1ec7t th\u1ef1, li\u1ec1n k\u1ec1": 199.6912956237793, "Shophouse, nh\u00e0 ph\u1ed1 th\u01b0\u01a1ng m\u1ea1i": 320.0, "C\u0103n h\u1ed9 chung c\u01b0": 76.68988037109375}