{"C\u0103n h\u1ed9 chung c\u01b0": 44.10324478149414, "Nh\u00e0 Bi\u1ec7t th\u1ef1, li\u1ec1n k\u1ec1": 204.6518816266741}