{"C\u0103n h\u1ed9 chung c\u01b0": 121.62010133266449, "Nh\u00e0 Bi\u1ec7t th\u1ef1, li\u1ec1n k\u1ec1": 409.9450429280599}