{"Nh\u00e0 Bi\u1ec7t th\u1ef1, li\u1ec1n k\u1ec1": 248.78282165527344, "C\u0103n h\u1ed9 chung c\u01b0": 41.213381958007815}