{"C\u0103n h\u1ed9 chung c\u01b0": 140.69469822777643, "Nh\u00e0 Bi\u1ec7t th\u1ef1, li\u1ec1n k\u1ec1": 454.5454406738281, "Shophouse, nh\u00e0 ph\u1ed1 th\u01b0\u01a1ng m\u1ea1i": 750.0, "B\u1ea5t \u0111\u1ed9ng s\u1ea3n kh\u00e1c": 2.3915958404541016}