{"Gi\u00e1 T10/22": 89.74335897435898, "Gi\u00e1 T11/22": 78.16951282051282, "Gi\u00e1 T12/22": 87.73220512820514, "Gi\u00e1 T1/23": 81.63907051282051, "Gi\u00e1 T2/23": 78.5134358974359, "Gi\u00e1 T3/23": 105.02225, "Gi\u00e1 T4/23": 70.57301923076923, "Gi\u00e1 T5/23": 91.74028205128205, "Gi\u00e1 T6/23": 85.75076923076922, "Gi\u00e1 T7/23": 68.74307692307693, "Gi\u00e1 T8/23": 82.58307051282053, "Gi\u00e1 T9/23": 80.55445512820512, "Gi\u00e1 T10/23": 94.41958974358975, "Gi\u00e1 T11/23": 100.74112179487182, "Gi\u00e1 T12/23": 117.5913846153846, "Gi\u00e1 T1/24": 108.2874294871795, "Gi\u00e1 T2/24": 106.06445512820513, "Gi\u00e1 T3/24": 109.73576923076922, "Gi\u00e1 T4/24": 116.68958333333336, "Gi\u00e1 T5/24": 92.77122435897435, "Gi\u00e1 T6/24": 124.2719935897436, "Gi\u00e1 T7/24": 139.2020512820513, "Gi\u00e1 T8/24": 162.38471153846154, "Gi\u00e1 T9/24": 171.05558333333335, "Gi\u00e1 T10/24": 187.01753205128207}