{"Gi\u00e1 T10/22": 33.17403724152122, "Gi\u00e1 T11/22": 35.381084324954564, "Gi\u00e1 T12/22": 35.509007235691506, "Gi\u00e1 T1/23": 37.64807722643258, "Gi\u00e1 T2/23": 40.79288793251261, "Gi\u00e1 T3/23": 42.1198561434793, "Gi\u00e1 T4/23": 46.295850108021, "Gi\u00e1 T5/23": 48.642643427865984, "Gi\u00e1 T6/23": 49.9661899454751, "Gi\u00e1 T7/23": 38.540019203731006, "Gi\u00e1 T8/23": 46.92251020198211, "Gi\u00e1 T9/23": 45.224647302904565, "Gi\u00e1 T10/23": 42.62931380954014, "Gi\u00e1 T11/23": 46.64224014951476, "Gi\u00e1 T12/23": 45.81478155755975, "Gi\u00e1 T1/24": 45.36389767154762, "Gi\u00e1 T2/24": 51.078018072082564, "Gi\u00e1 T3/24": 59.28988666369465, "Gi\u00e1 T4/24": 69.55857137958232, "Gi\u00e1 T5/24": 68.13826429134804, "Gi\u00e1 T6/24": 72.64900534961079, "Gi\u00e1 T7/24": 60.32215699050102, "Gi\u00e1 T8/24": 76.88153441240013, "Gi\u00e1 T9/24": 81.64494633243032, "Gi\u00e1 T10/24": 78.06486557388294}