{"Gi\u00e1 T10/22": 8.05860268992277, "Gi\u00e1 T11/22": 7.657246288112712, "Gi\u00e1 T12/22": 8.117330804065574, "Gi\u00e1 T1/23": 8.431901531276784, "Gi\u00e1 T2/23": 8.285558810835575, "Gi\u00e1 T3/23": 9.251740585257503, "Gi\u00e1 T4/23": 8.988498422545534, "Gi\u00e1 T5/23": 8.912262169422766, "Gi\u00e1 T6/23": 8.617546919800516, "Gi\u00e1 T7/23": 8.919512142508417, "Gi\u00e1 T8/23": 9.024414733088205, "Gi\u00e1 T9/23": 7.948305628488651, "Gi\u00e1 T10/23": 8.037623406481664, "Gi\u00e1 T11/23": 8.051485535645444, "Gi\u00e1 T12/23": 8.107112544633711, "Gi\u00e1 T1/24": 8.771995967123633, "Gi\u00e1 T2/24": 8.484013733613619, "Gi\u00e1 T3/24": 9.342768819342503, "Gi\u00e1 T4/24": 9.068335958594087, "Gi\u00e1 T5/24": 10.808640834253922, "Gi\u00e1 T6/24": 9.563408722068614, "Gi\u00e1 T7/24": 9.440951026850565, "Gi\u00e1 T8/24": 9.779698238433307, "Gi\u00e1 T9/24": 10.300792624047789, "Gi\u00e1 T10/24": 11.45232463684504}