{"Gi\u00e1 T10/22": 0.2645751311064597, "Gi\u00e1 T11/22": 1.9402176281140324, "Gi\u00e1 T12/22": 1.1464922347946565, "Gi\u00e1 T1/23": 0.5291502622129163, "Gi\u00e1 T2/23": 0.9701088140570178, "Gi\u00e1 T3/23": 1.0583005244258357, "Gi\u00e1 T4/23": 1.7638342073763937, "Gi\u00e1 T5/23": 2.822134731802229, "Gi\u00e1 T6/23": 2.1166010488516713, "Gi\u00e1 T7/23": 1.9402176281140324, "Gi\u00e1 T8/23": 2.6457513110645907, "Gi\u00e1 T9/23": 0.5291502622129194, "Gi\u00e1 T10/23": 3.7481476906748368, "Gi\u00e1 T11/23": 1.4110673659011161, "Gi\u00e1 T12/23": 1.2346839451634775, "Gi\u00e1 T1/24": 1.411067365901113, "Gi\u00e1 T2/24": 1.014204669241425, "Gi\u00e1 T3/24": 0.08819171036882094, "Gi\u00e1 T4/24": 0.4850544070285089, "Gi\u00e1 T5/24": 1.102396379610246, "Gi\u00e1 T6/24": 0.7055336829505581, "Gi\u00e1 T7/24": 2.469367890326952, "Gi\u00e1 T8/24": 0.22047927592204922, "Gi\u00e1 T9/24": 1.8520259177452147, "Gi\u00e1 T10/24": 1.7638342073763937}