{"Gi\u00e1 T10/22": 65.46913945767096, "Gi\u00e1 T11/22": 61.71973775194621, "Gi\u00e1 T12/22": 65.39436189309004, "Gi\u00e1 T1/23": 60.173589031247, "Gi\u00e1 T2/23": 57.12091921944928, "Gi\u00e1 T3/23": 57.74738113688805, "Gi\u00e1 T4/23": 57.27629017751581, "Gi\u00e1 T5/23": 57.97041880770263, "Gi\u00e1 T6/23": 58.046796981737366, "Gi\u00e1 T7/23": 60.10889728816522, "Gi\u00e1 T8/23": 55.210668529887435, "Gi\u00e1 T9/23": 56.30125486877528, "Gi\u00e1 T10/23": 57.400287999053155, "Gi\u00e1 T11/23": 59.955871666449006, "Gi\u00e1 T12/23": 62.858182207430524, "Gi\u00e1 T1/24": 61.05630458830504, "Gi\u00e1 T2/24": 62.76367677834385, "Gi\u00e1 T3/24": 67.86501052769049, "Gi\u00e1 T4/24": 74.66077025918072, "Gi\u00e1 T5/24": 75.9263250593767, "Gi\u00e1 T6/24": 78.07331304136858, "Gi\u00e1 T7/24": 80.91914122442844, "Gi\u00e1 T8/24": 82.32989083894938, "Gi\u00e1 T9/24": 82.83330916147102, "Gi\u00e1 T10/24": 86.2906496749675}