{"Gi\u00e1 T10/22": 64.97182063164365, "Gi\u00e1 T11/22": 60.531764093620424, "Gi\u00e1 T12/22": 63.78500466981477, "Gi\u00e1 T1/23": 58.70878371857388, "Gi\u00e1 T2/23": 54.99829484879063, "Gi\u00e1 T3/23": 56.004573542730256, "Gi\u00e1 T4/23": 54.511656136664065, "Gi\u00e1 T5/23": 55.27843400555449, "Gi\u00e1 T6/23": 55.47823778426149, "Gi\u00e1 T7/23": 56.91656665878653, "Gi\u00e1 T8/23": 54.143966094346744, "Gi\u00e1 T9/23": 53.97343095727489, "Gi\u00e1 T10/23": 54.992239935114775, "Gi\u00e1 T11/23": 58.35565801898846, "Gi\u00e1 T12/23": 63.48218872261735, "Gi\u00e1 T1/24": 58.62073941563561, "Gi\u00e1 T2/24": 60.544052849426706, "Gi\u00e1 T3/24": 65.82944667639163, "Gi\u00e1 T4/24": 72.07005399452056, "Gi\u00e1 T5/24": 73.78274307566986, "Gi\u00e1 T6/24": 76.33942492787935, "Gi\u00e1 T7/24": 78.63216952388898, "Gi\u00e1 T8/24": 80.53517219255221, "Gi\u00e1 T9/24": 82.4620340406617, "Gi\u00e1 T10/24": 84.98442219669698}