{"Gi\u00e1 T10/22": 70.47213751426017, "Gi\u00e1 T11/22": 70.14590867326488, "Gi\u00e1 T12/22": 72.82227635433047, "Gi\u00e1 T1/23": 75.3425014337249, "Gi\u00e1 T2/23": 64.73304214842908, "Gi\u00e1 T3/23": 73.75355869022293, "Gi\u00e1 T4/23": 54.382145839114486, "Gi\u00e1 T5/23": 69.10092069805445, "Gi\u00e1 T6/23": 66.824575124102, "Gi\u00e1 T7/23": 57.52878130299387, "Gi\u00e1 T8/23": 62.3563058921469, "Gi\u00e1 T9/23": 64.20339765054112, "Gi\u00e1 T10/23": 74.02315138901737, "Gi\u00e1 T11/23": 86.83633509080258, "Gi\u00e1 T12/23": 92.69030706379304, "Gi\u00e1 T1/24": 87.34150602781119, "Gi\u00e1 T2/24": 87.11517405112077, "Gi\u00e1 T3/24": 84.5614258625474, "Gi\u00e1 T4/24": 90.52799497425464, "Gi\u00e1 T5/24": 69.87078975117934, "Gi\u00e1 T6/24": 94.52381167329573, "Gi\u00e1 T7/24": 107.82068698547776, "Gi\u00e1 T8/24": 134.18694354515463, "Gi\u00e1 T9/24": 131.84074643110412, "Gi\u00e1 T10/24": 141.11115471895909}