{"Gi\u00e1 T10/22": 3487.109252539913, "Gi\u00e1 T11/22": 5207.517068214805, "Gi\u00e1 T12/22": 3432.2116255442675, "Gi\u00e1 T1/23": 3897.4199637155293, "Gi\u00e1 T2/23": 3967.3220609579103, "Gi\u00e1 T3/23": 4056.7443904209003, "Gi\u00e1 T4/23": 3328.6393831640057, "Gi\u00e1 T5/23": 3322.3959651669084, "Gi\u00e1 T6/23": 2981.6150145137876, "Gi\u00e1 T7/23": 3678.082880986938, "Gi\u00e1 T8/23": 4779.438824383164, "Gi\u00e1 T9/23": 4527.812496371553, "Gi\u00e1 T10/23": 4424.3613497822935, "Gi\u00e1 T11/23": 3150.9542452830187, "Gi\u00e1 T12/23": 3810.1333164005805, "Gi\u00e1 T1/24": 3723.6892525399126, "Gi\u00e1 T2/24": 3798.582343976778, "Gi\u00e1 T3/24": 4408.922169811321, "Gi\u00e1 T4/24": 4720.585638606676, "Gi\u00e1 T5/24": 5491.852206095791, "Gi\u00e1 T6/24": 5409.656698113208, "Gi\u00e1 T7/24": 6522.9468867924525, "Gi\u00e1 T8/24": 6510.762844702468, "Gi\u00e1 T9/24": 7241.401378809868, "Gi\u00e1 T10/24": 6767.224615384615}