{"Gi\u00e1 T10/22": 65.79523790864309, "Gi\u00e1 T11/22": 65.93449768622182, "Gi\u00e1 T12/22": 67.45200104493209, "Gi\u00e1 T1/23": 71.2534973503508, "Gi\u00e1 T2/23": 59.60487666069563, "Gi\u00e1 T3/23": 64.79288979698462, "Gi\u00e1 T4/23": 47.92146812957158, "Gi\u00e1 T5/23": 62.516278362442165, "Gi\u00e1 T6/23": 61.62723372891476, "Gi\u00e1 T7/23": 53.401954769368565, "Gi\u00e1 T8/23": 53.33008788625168, "Gi\u00e1 T9/23": 57.44507463800568, "Gi\u00e1 T10/23": 66.3477472383938, "Gi\u00e1 T11/23": 80.65069711897299, "Gi\u00e1 T12/23": 86.63627332437676, "Gi\u00e1 T1/24": 80.27032989998507, "Gi\u00e1 T2/24": 79.38014629049111, "Gi\u00e1 T3/24": 76.40568722943722, "Gi\u00e1 T4/24": 79.37797712345127, "Gi\u00e1 T5/24": 61.68768304970891, "Gi\u00e1 T6/24": 87.17436035229139, "Gi\u00e1 T7/24": 97.3500694133453, "Gi\u00e1 T8/24": 125.61402224212571, "Gi\u00e1 T9/24": 119.82992666815943, "Gi\u00e1 T10/24": 126.23960871025527}