{"Gi\u00e1 T10/22": 43.429481897326205, "Gi\u00e1 T11/22": 41.494465953394084, "Gi\u00e1 T12/22": 40.98534265307196, "Gi\u00e1 T1/23": 39.24598911417249, "Gi\u00e1 T2/23": 40.680085950835334, "Gi\u00e1 T3/23": 40.38965063911781, "Gi\u00e1 T4/23": 38.98033061317487, "Gi\u00e1 T5/23": 42.729803184601764, "Gi\u00e1 T6/23": 41.40141813912848, "Gi\u00e1 T7/23": 39.39674620230397, "Gi\u00e1 T8/23": 40.7242374904959, "Gi\u00e1 T9/23": 38.815835863938744, "Gi\u00e1 T10/23": 37.98543088937888, "Gi\u00e1 T11/23": 42.215913406495346, "Gi\u00e1 T12/23": 42.718196903324234, "Gi\u00e1 T1/24": 43.39252915862885, "Gi\u00e1 T2/24": 43.79724938293086, "Gi\u00e1 T3/24": 44.0432950467948, "Gi\u00e1 T4/24": 46.31048285178182, "Gi\u00e1 T5/24": 48.85944733254791, "Gi\u00e1 T6/24": 49.92534498555093, "Gi\u00e1 T7/24": 51.111242914130614, "Gi\u00e1 T8/24": 54.97977002314448, "Gi\u00e1 T9/24": 53.9262640073455, "Gi\u00e1 T10/24": 55.0711892489759}