{"Gi\u00e1 T10/22": 6865.018258064516, "Gi\u00e1 T11/22": 6765.2518064516125, "Gi\u00e1 T12/22": 6888.324580645161, "Gi\u00e1 T1/23": 7449.397225806451, "Gi\u00e1 T2/23": 7006.703161290323, "Gi\u00e1 T3/23": 7138.192731182796, "Gi\u00e1 T4/23": 5606.480473118279, "Gi\u00e1 T5/23": 5533.113032258065, "Gi\u00e1 T6/23": 6119.108903225807, "Gi\u00e1 T7/23": 5929.450258064517, "Gi\u00e1 T8/23": 6705.3640645161295, "Gi\u00e1 T9/23": 6957.981698924731, "Gi\u00e1 T10/23": 6804.439913978495, "Gi\u00e1 T11/23": 6694.142903225807, "Gi\u00e1 T12/23": 7167.1538279569895, "Gi\u00e1 T1/24": 6811.981849462366, "Gi\u00e1 T2/24": 6557.1686451612895, "Gi\u00e1 T3/24": 6893.818451612902, "Gi\u00e1 T4/24": 8045.433569892474, "Gi\u00e1 T5/24": 9389.507806451613, "Gi\u00e1 T6/24": 10411.269849462366, "Gi\u00e1 T7/24": 10955.93064516129, "Gi\u00e1 T8/24": 10055.087032258065, "Gi\u00e1 T9/24": 11010.372322580644, "Gi\u00e1 T10/24": 11992.33182795699}