{"Gi\u00e1 T10/22": 290.47062409288833, "Gi\u00e1 T11/22": 142.51553246753247, "Gi\u00e1 T12/22": 190.51418181818184, "Gi\u00e1 T1/23": 484.43349350649356, "Gi\u00e1 T2/23": 176.8671558441559, "Gi\u00e1 T3/23": 255.02599675324674, "Gi\u00e1 T4/23": 526.5821688311688, "Gi\u00e1 T5/23": 813.1647662337662, "Gi\u00e1 T6/23": 362.66474999999997, "Gi\u00e1 T7/23": 726.3010909090907, "Gi\u00e1 T8/23": 675.8418051948053, "Gi\u00e1 T9/23": 472.43712987012987, "Gi\u00e1 T10/23": 550.2241558441558, "Gi\u00e1 T11/23": 341.65524350649355, "Gi\u00e1 T12/23": 668.3794512987014, "Gi\u00e1 T1/24": 426.11844155844153, "Gi\u00e1 T2/24": 369.55380519480525, "Gi\u00e1 T3/24": 756.0941785714286, "Gi\u00e1 T4/24": 336.90015584415585, "Gi\u00e1 T5/24": 334.751987012987, "Gi\u00e1 T6/24": 404.6414512987013, "Gi\u00e1 T7/24": 477.5943344155845, "Gi\u00e1 T8/24": 494.6297662337663, "Gi\u00e1 T9/24": 415.19480519480527, "Gi\u00e1 T10/24": 779.4603603896103}