{"Gi\u00e1 T10/22": 305.70720401691335, "Gi\u00e1 T11/22": 208.1460869565217, "Gi\u00e1 T12/22": 240.59462534690104, "Gi\u00e1 T1/23": 453.46158186864017, "Gi\u00e1 T2/23": 230.1911100832563, "Gi\u00e1 T3/23": 310.7897779833487, "Gi\u00e1 T4/23": 508.1726086956522, "Gi\u00e1 T5/23": 733.045087881591, "Gi\u00e1 T6/23": 328.9167900092507, "Gi\u00e1 T7/23": 682.7490656799259, "Gi\u00e1 T8/23": 614.4224606845514, "Gi\u00e1 T9/23": 454.96639222941724, "Gi\u00e1 T10/23": 528.1560314523589, "Gi\u00e1 T11/23": 383.03779833487516, "Gi\u00e1 T12/23": 624.686734505088, "Gi\u00e1 T1/24": 445.5153376503238, "Gi\u00e1 T2/24": 479.15477335800193, "Gi\u00e1 T3/24": 735.1873080481037, "Gi\u00e1 T4/24": 397.5092691951897, "Gi\u00e1 T5/24": 357.5351618871415, "Gi\u00e1 T6/24": 465.56692876965775, "Gi\u00e1 T7/24": 514.4886679000925, "Gi\u00e1 T8/24": 547.3627289546716, "Gi\u00e1 T9/24": 517.9402867715079, "Gi\u00e1 T10/24": 790.2438575393154}