{"Gi\u00e1 T10/22": 7862.205759637187, "Gi\u00e1 T11/22": 7729.346994434138, "Gi\u00e1 T12/22": 8770.967955060814, "Gi\u00e1 T1/23": 5145.211038961039, "Gi\u00e1 T2/23": 4189.358831168831, "Gi\u00e1 T3/23": 5521.606718202432, "Gi\u00e1 T4/23": 4607.098035456607, "Gi\u00e1 T5/23": 5117.656872809729, "Gi\u00e1 T6/23": 4695.767365491652, "Gi\u00e1 T7/23": 3997.598237476809, "Gi\u00e1 T8/23": 6292.326266749123, "Gi\u00e1 T9/23": 5542.079661925377, "Gi\u00e1 T10/23": 6339.489488765203, "Gi\u00e1 T11/23": 5032.516289424861, "Gi\u00e1 T12/23": 3195.3155617398475, "Gi\u00e1 T1/24": 6766.694349618636, "Gi\u00e1 T2/24": 5052.832005772005, "Gi\u00e1 T3/24": 5901.6775139146575, "Gi\u00e1 T4/24": 7079.118091115232, "Gi\u00e1 T5/24": 7422.459804164088, "Gi\u00e1 T6/24": 7463.371243042671, "Gi\u00e1 T7/24": 6119.986990311278, "Gi\u00e1 T8/24": 5845.612784992784, "Gi\u00e1 T9/24": 8416.17703153989, "Gi\u00e1 T10/24": 8764.057309833024}