{"Gi\u00e1 T10/22": 4149.180300888853, "Gi\u00e1 T11/22": 3958.64935002705, "Gi\u00e1 T12/22": 4533.088856171266, "Gi\u00e1 T1/23": 2835.40611851766, "Gi\u00e1 T2/23": 2295.8818077131154, "Gi\u00e1 T3/23": 2964.341145374449, "Gi\u00e1 T4/23": 2582.304308485973, "Gi\u00e1 T5/23": 3093.0804612025654, "Gi\u00e1 T6/23": 2650.584179612026, "Gi\u00e1 T7/23": 2431.153197310457, "Gi\u00e1 T8/23": 3485.003633008733, "Gi\u00e1 T9/23": 2952.6757036865292, "Gi\u00e1 T10/23": 3371.334709019244, "Gi\u00e1 T11/23": 2702.9940915062984, "Gi\u00e1 T12/23": 2018.8075606692946, "Gi\u00e1 T1/24": 3590.3835959115854, "Gi\u00e1 T2/24": 2757.8374656078518, "Gi\u00e1 T3/24": 3341.0537883530415, "Gi\u00e1 T4/24": 3746.959218448102, "Gi\u00e1 T5/24": 3952.842481451425, "Gi\u00e1 T6/24": 3956.842260414251, "Gi\u00e1 T7/24": 3359.149835381406, "Gi\u00e1 T8/24": 3242.9272308524614, "Gi\u00e1 T9/24": 4522.30513254502, "Gi\u00e1 T10/24": 4913.307616315017}