{"Gi\u00e1 T10/22": 7245.868694677871, "Gi\u00e1 T11/22": 7040.199719887955, "Gi\u00e1 T12/22": 7940.39117577031, "Gi\u00e1 T1/23": 4815.983224089636, "Gi\u00e1 T2/23": 4035.767780812325, "Gi\u00e1 T3/23": 5172.005965686274, "Gi\u00e1 T4/23": 4359.8023081232495, "Gi\u00e1 T5/23": 4997.433042016806, "Gi\u00e1 T6/23": 4486.787168067228, "Gi\u00e1 T7/23": 3829.314946778712, "Gi\u00e1 T8/23": 5883.595932072828, "Gi\u00e1 T9/23": 5114.630251400561, "Gi\u00e1 T10/23": 5791.933554621849, "Gi\u00e1 T11/23": 4781.062798319327, "Gi\u00e1 T12/23": 3153.9636526610648, "Gi\u00e1 T1/24": 6288.928602240897, "Gi\u00e1 T2/24": 4842.329173669467, "Gi\u00e1 T3/24": 5590.906873249301, "Gi\u00e1 T4/24": 6659.94544467787, "Gi\u00e1 T5/24": 6981.794450980391, "Gi\u00e1 T6/24": 7058.804671568627, "Gi\u00e1 T7/24": 5842.911719887957, "Gi\u00e1 T8/24": 5711.884032913164, "Gi\u00e1 T9/24": 8008.236467787116, "Gi\u00e1 T10/24": 8341.814106442578}