{"Gi\u00e1 T10/22": 7.555357506393917, "Gi\u00e1 T11/22": 7.212764621955625, "Gi\u00e1 T12/22": 7.649840758361732, "Gi\u00e1 T1/23": 7.9473579810925035, "Gi\u00e1 T2/23": 7.809987459250053, "Gi\u00e1 T3/23": 8.658737558162207, "Gi\u00e1 T4/23": 8.60365996191168, "Gi\u00e1 T5/23": 8.45291410459109, "Gi\u00e1 T6/23": 8.129617992720416, "Gi\u00e1 T7/23": 8.473039653154995, "Gi\u00e1 T8/23": 8.450200749011861, "Gi\u00e1 T9/23": 7.4411863134964396, "Gi\u00e1 T10/23": 7.504439264557499, "Gi\u00e1 T11/23": 7.472774864943633, "Gi\u00e1 T12/23": 7.489868196954157, "Gi\u00e1 T1/24": 8.034360859731526, "Gi\u00e1 T2/24": 7.791682978509426, "Gi\u00e1 T3/24": 8.626950377712596, "Gi\u00e1 T4/24": 8.365020441659917, "Gi\u00e1 T5/24": 10.017667350999774, "Gi\u00e1 T6/24": 8.917443633434491, "Gi\u00e1 T7/24": 8.848723765226518, "Gi\u00e1 T8/24": 9.143096556696573, "Gi\u00e1 T9/24": 9.57438459203718, "Gi\u00e1 T10/24": 10.832027108131586}