{"Gi\u00e1 T10/22": 6.418232573456678, "Gi\u00e1 T11/22": 6.051898796403999, "Gi\u00e1 T12/22": 6.027741653954709, "Gi\u00e1 T1/23": 6.0211833781145385, "Gi\u00e1 T2/23": 6.119773976110305, "Gi\u00e1 T3/23": 6.4638255251175885, "Gi\u00e1 T4/23": 6.293685393634337, "Gi\u00e1 T5/23": 6.5557747360580585, "Gi\u00e1 T6/23": 6.161595617234867, "Gi\u00e1 T7/23": 6.0201524506396105, "Gi\u00e1 T8/23": 6.279750719944849, "Gi\u00e1 T9/23": 6.149104658016327, "Gi\u00e1 T10/23": 6.349606427342563, "Gi\u00e1 T11/23": 6.782472898785111, "Gi\u00e1 T12/23": 6.683993771708185, "Gi\u00e1 T1/24": 6.6245518649107495, "Gi\u00e1 T2/24": 6.04521148576403, "Gi\u00e1 T3/24": 6.155703972975671, "Gi\u00e1 T4/24": 6.836317139800358, "Gi\u00e1 T5/24": 6.634500279218266, "Gi\u00e1 T6/24": 7.0674483820152085, "Gi\u00e1 T7/24": 7.263924687639127, "Gi\u00e1 T8/24": 7.829974079348032, "Gi\u00e1 T9/24": 7.800054835191427, "Gi\u00e1 T10/24": 7.989697506990354}