{"Gi\u00e1 T10/22": 65.42814028971065, "Gi\u00e1 T11/22": 60.826718966924595, "Gi\u00e1 T12/22": 63.45021495562984, "Gi\u00e1 T1/23": 60.036112195715255, "Gi\u00e1 T2/23": 56.13502248121121, "Gi\u00e1 T3/23": 57.210893347489915, "Gi\u00e1 T4/23": 56.12428527695887, "Gi\u00e1 T5/23": 57.34278184979303, "Gi\u00e1 T6/23": 56.50346601796221, "Gi\u00e1 T7/23": 57.81847808606334, "Gi\u00e1 T8/23": 55.54092125477945, "Gi\u00e1 T9/23": 54.89176505227516, "Gi\u00e1 T10/23": 56.19686148070214, "Gi\u00e1 T11/23": 59.8398339041044, "Gi\u00e1 T12/23": 65.48184659000582, "Gi\u00e1 T1/24": 60.46486701802155, "Gi\u00e1 T2/24": 62.17930100549414, "Gi\u00e1 T3/24": 66.81844599963735, "Gi\u00e1 T4/24": 72.80369993449641, "Gi\u00e1 T5/24": 74.37203035754585, "Gi\u00e1 T6/24": 77.25735070666997, "Gi\u00e1 T7/24": 80.3682146779502, "Gi\u00e1 T8/24": 82.4229469682524, "Gi\u00e1 T9/24": 84.01184644841736, "Gi\u00e1 T10/24": 87.16489930472194}