{"Gi\u00e1 T10/22": 6.50847000593702, "Gi\u00e1 T11/22": 6.112105061501175, "Gi\u00e1 T12/22": 6.163101344438382, "Gi\u00e1 T1/23": 5.997962617052189, "Gi\u00e1 T2/23": 5.951279465184547, "Gi\u00e1 T3/23": 6.392488489697036, "Gi\u00e1 T4/23": 6.132499119816117, "Gi\u00e1 T5/23": 6.453306018031988, "Gi\u00e1 T6/23": 6.117798177894932, "Gi\u00e1 T7/23": 6.0196957874744275, "Gi\u00e1 T8/23": 6.359215058607168, "Gi\u00e1 T9/23": 6.354790605233475, "Gi\u00e1 T10/23": 6.094029202357987, "Gi\u00e1 T11/23": 6.378798531625741, "Gi\u00e1 T12/23": 6.603092327298497, "Gi\u00e1 T1/24": 6.683391898783675, "Gi\u00e1 T2/24": 5.9271954974208905, "Gi\u00e1 T3/24": 6.182247311308551, "Gi\u00e1 T4/24": 6.0809422449040405, "Gi\u00e1 T5/24": 6.397250829990817, "Gi\u00e1 T6/24": 6.0891591033457635, "Gi\u00e1 T7/24": 5.927867758445372, "Gi\u00e1 T8/24": 7.0665437382103855, "Gi\u00e1 T9/24": 6.979984370912432, "Gi\u00e1 T10/24": 6.943360319416856}