{"Gi\u00e1 T10/22": 47.35529556650246, "Gi\u00e1 T11/22": 41.45837438423646, "Gi\u00e1 T12/22": 45.0045566502463, "Gi\u00e1 T1/23": 43.13928571428571, "Gi\u00e1 T2/23": 35.6521921182266, "Gi\u00e1 T3/23": 38.968226600985226, "Gi\u00e1 T4/23": 31.186945812807885, "Gi\u00e1 T5/23": 40.69098522167488, "Gi\u00e1 T6/23": 36.069014778325126, "Gi\u00e1 T7/23": 37.22862068965517, "Gi\u00e1 T8/23": 34.82596059113301, "Gi\u00e1 T9/23": 38.26884236453201, "Gi\u00e1 T10/23": 48.62251231527094, "Gi\u00e1 T11/23": 67.07958128078818, "Gi\u00e1 T12/23": 64.28064039408868, "Gi\u00e1 T1/24": 63.925, "Gi\u00e1 T2/24": 55.89613300492611, "Gi\u00e1 T3/24": 43.90448275862068, "Gi\u00e1 T4/24": 57.23142857142858, "Gi\u00e1 T5/24": 44.63423645320197, "Gi\u00e1 T6/24": 63.68635467980296, "Gi\u00e1 T7/24": 63.29965517241379, "Gi\u00e1 T8/24": 79.24761083743843, "Gi\u00e1 T9/24": 73.58179802955665, "Gi\u00e1 T10/24": 77.33564039408868}