{"Gi\u00e1 T10/22": 4413.092002734108, "Gi\u00e1 T11/22": 3752.0806869446346, "Gi\u00e1 T12/22": 4155.428205741627, "Gi\u00e1 T1/23": 3476.2035816814764, "Gi\u00e1 T2/23": 2972.212378673958, "Gi\u00e1 T3/23": 3176.500943267259, "Gi\u00e1 T4/23": 2889.0785269993166, "Gi\u00e1 T5/23": 2937.243058783322, "Gi\u00e1 T6/23": 3036.394900888585, "Gi\u00e1 T7/23": 3079.2106801093646, "Gi\u00e1 T8/23": 2918.770878332194, "Gi\u00e1 T9/23": 2770.6892788790155, "Gi\u00e1 T10/23": 2918.2856390977445, "Gi\u00e1 T11/23": 3413.217235133288, "Gi\u00e1 T12/23": 4069.388964456596, "Gi\u00e1 T1/24": 3335.797795625427, "Gi\u00e1 T2/24": 3570.621168831169, "Gi\u00e1 T3/24": 4298.2352734108, "Gi\u00e1 T4/24": 5107.632006151743, "Gi\u00e1 T5/24": 5375.476421736159, "Gi\u00e1 T6/24": 5848.289736842105, "Gi\u00e1 T7/24": 6138.307221462748, "Gi\u00e1 T8/24": 6469.973462064252, "Gi\u00e1 T9/24": 6833.03441216678, "Gi\u00e1 T10/24": 7154.017146274778}