{"Gi\u00e1 T10/22": 66.23040025390253, "Gi\u00e1 T11/22": 61.385387581843176, "Gi\u00e1 T12/22": 64.24565218763586, "Gi\u00e1 T1/23": 60.59162389860979, "Gi\u00e1 T2/23": 56.330191281358886, "Gi\u00e1 T3/23": 57.596301556819384, "Gi\u00e1 T4/23": 56.04086868533052, "Gi\u00e1 T5/23": 57.510012894179276, "Gi\u00e1 T6/23": 56.73174296645348, "Gi\u00e1 T7/23": 57.89715346483447, "Gi\u00e1 T8/23": 55.527610204373175, "Gi\u00e1 T9/23": 54.894844973800524, "Gi\u00e1 T10/23": 56.079131711409175, "Gi\u00e1 T11/23": 60.29527387510167, "Gi\u00e1 T12/23": 65.57107948678026, "Gi\u00e1 T1/24": 60.60886296666163, "Gi\u00e1 T2/24": 62.23843291730881, "Gi\u00e1 T3/24": 66.89463701626956, "Gi\u00e1 T4/24": 72.94406496100844, "Gi\u00e1 T5/24": 74.50574879591933, "Gi\u00e1 T6/24": 77.5631479590361, "Gi\u00e1 T7/24": 80.69545948468544, "Gi\u00e1 T8/24": 82.44232786951689, "Gi\u00e1 T9/24": 83.60808781927884, "Gi\u00e1 T10/24": 87.27939251731434}