{"Gi\u00e1 T10/22": 65.40194017212116, "Gi\u00e1 T11/22": 61.071498049546385, "Gi\u00e1 T12/22": 64.10252278242734, "Gi\u00e1 T1/23": 60.32371473914723, "Gi\u00e1 T2/23": 56.505826471230826, "Gi\u00e1 T3/23": 57.47431724568064, "Gi\u00e1 T4/23": 56.422053912712485, "Gi\u00e1 T5/23": 57.81498202007635, "Gi\u00e1 T6/23": 57.069179541967316, "Gi\u00e1 T7/23": 58.6864044369885, "Gi\u00e1 T8/23": 55.464464235228014, "Gi\u00e1 T9/23": 55.44645840837128, "Gi\u00e1 T10/23": 56.467211817998304, "Gi\u00e1 T11/23": 60.15261988508996, "Gi\u00e1 T12/23": 64.88021684945802, "Gi\u00e1 T1/24": 61.00102329588092, "Gi\u00e1 T2/24": 62.58486255175785, "Gi\u00e1 T3/24": 67.00860403428183, "Gi\u00e1 T4/24": 73.38438880432933, "Gi\u00e1 T5/24": 74.69345010483804, "Gi\u00e1 T6/24": 77.49353780445063, "Gi\u00e1 T7/24": 80.75704897177813, "Gi\u00e1 T8/24": 82.30712609412545, "Gi\u00e1 T9/24": 83.20191981749781, "Gi\u00e1 T10/24": 87.1474033535199}