{"Gi\u00e1 T10/22": 5.728331151197334, "Gi\u00e1 T11/22": 6.135360762448553, "Gi\u00e1 T12/22": 6.304923071008545, "Gi\u00e1 T1/23": 5.201297374888545, "Gi\u00e1 T2/23": 4.92446870332095, "Gi\u00e1 T3/23": 5.2642199076363685, "Gi\u00e1 T4/23": 5.2046694678589285, "Gi\u00e1 T5/23": 5.2068116578621755, "Gi\u00e1 T6/23": 5.499426822931098, "Gi\u00e1 T7/23": 5.943858127361575, "Gi\u00e1 T8/23": 4.827715965981195, "Gi\u00e1 T9/23": 4.536891228856155, "Gi\u00e1 T10/23": 4.992359205521356, "Gi\u00e1 T11/23": 4.986797050109046, "Gi\u00e1 T12/23": 5.496818282966525, "Gi\u00e1 T1/24": 5.953673107474215, "Gi\u00e1 T2/24": 5.511238772634404, "Gi\u00e1 T3/24": 5.9551922392767125, "Gi\u00e1 T4/24": 6.51242824129391, "Gi\u00e1 T5/24": 6.8945875205592735, "Gi\u00e1 T6/24": 6.304159497212308, "Gi\u00e1 T7/24": 6.474828722928578, "Gi\u00e1 T8/24": 7.293879995808707, "Gi\u00e1 T9/24": 6.983230224583614, "Gi\u00e1 T10/24": 6.602203411561964}