{"Gi\u00e1 T10/22": 8.496180222713834, "Gi\u00e1 T11/22": 8.427616703414799, "Gi\u00e1 T12/22": 8.604642351328998, "Gi\u00e1 T1/23": 8.762572182394104, "Gi\u00e1 T2/23": 8.125478904654585, "Gi\u00e1 T3/23": 8.755514598957104, "Gi\u00e1 T4/23": 7.517706546315667, "Gi\u00e1 T5/23": 8.498927542083969, "Gi\u00e1 T6/23": 8.276925597821727, "Gi\u00e1 T7/23": 7.679896085654712, "Gi\u00e1 T8/23": 8.008458930458836, "Gi\u00e1 T9/23": 8.152916024515433, "Gi\u00e1 T10/23": 8.731509816135485, "Gi\u00e1 T11/23": 9.401038239724324, "Gi\u00e1 T12/23": 9.756288753514363, "Gi\u00e1 T1/24": 9.447691645278825, "Gi\u00e1 T2/24": 9.447417119335308, "Gi\u00e1 T3/24": 9.30858937127766, "Gi\u00e1 T4/24": 9.60539251884255, "Gi\u00e1 T5/24": 8.458695587056125, "Gi\u00e1 T6/24": 9.784828464983933, "Gi\u00e1 T7/24": 10.458257858721609, "Gi\u00e1 T8/24": 11.65193862532451, "Gi\u00e1 T9/24": 11.590500018719633, "Gi\u00e1 T10/24": 11.999772851409555}