{"Gi\u00e1 T10/22": 62.12002522522524, "Gi\u00e1 T11/22": 67.6663063063063, "Gi\u00e1 T12/22": 58.58745225225223, "Gi\u00e1 T1/23": 53.24036036036034, "Gi\u00e1 T2/23": 55.33440360360359, "Gi\u00e1 T3/23": 57.88743063063062, "Gi\u00e1 T4/23": 58.91745225225223, "Gi\u00e1 T5/23": 54.63711711711709, "Gi\u00e1 T6/23": 55.65237117117118, "Gi\u00e1 T7/23": 55.53301621621621, "Gi\u00e1 T8/23": 46.38445765765765, "Gi\u00e1 T9/23": 47.603513513513505, "Gi\u00e1 T10/23": 46.85015495495495, "Gi\u00e1 T11/23": 55.52721441441442, "Gi\u00e1 T12/23": 57.95819819819818, "Gi\u00e1 T1/24": 67.77312792792796, "Gi\u00e1 T2/24": 73.36480360360359, "Gi\u00e1 T3/24": 96.2446054054054, "Gi\u00e1 T4/24": 78.90817297297295, "Gi\u00e1 T5/24": 63.518918918918914, "Gi\u00e1 T6/24": 69.00982702702703, "Gi\u00e1 T7/24": 84.3851603603604, "Gi\u00e1 T8/24": 88.26901981981986, "Gi\u00e1 T9/24": 73.44900900900905, "Gi\u00e1 T10/24": 80.40729729729729}