{"Gi\u00e1 T10/22": 62.702307692307706, "Gi\u00e1 T11/22": 68.09712250712249, "Gi\u00e1 T12/22": 59.79831908831906, "Gi\u00e1 T1/23": 54.84256410256408, "Gi\u00e1 T2/23": 55.397464387464375, "Gi\u00e1 T3/23": 58.49601139601139, "Gi\u00e1 T4/23": 60.57019943019941, "Gi\u00e1 T5/23": 54.22293447293445, "Gi\u00e1 T6/23": 56.866524216524226, "Gi\u00e1 T7/23": 55.81948717948718, "Gi\u00e1 T8/23": 46.288717948717945, "Gi\u00e1 T9/23": 49.26692307692308, "Gi\u00e1 T10/23": 49.996153846153845, "Gi\u00e1 T11/23": 58.96754985754986, "Gi\u00e1 T12/23": 60.94113960113959, "Gi\u00e1 T1/24": 70.09541310541313, "Gi\u00e1 T2/24": 74.27507122507122, "Gi\u00e1 T3/24": 97.45908831908831, "Gi\u00e1 T4/24": 79.80994301994299, "Gi\u00e1 T5/24": 64.04615384615384, "Gi\u00e1 T6/24": 69.72025641025641, "Gi\u00e1 T7/24": 83.65025641025645, "Gi\u00e1 T8/24": 87.28635327635331, "Gi\u00e1 T9/24": 72.46564102564106, "Gi\u00e1 T10/24": 84.34641025641025}