{"Gi\u00e1 T10/22": 20.241316272903035, "Gi\u00e1 T11/22": 23.878986889388134, "Gi\u00e1 T12/22": 20.21529769278114, "Gi\u00e1 T1/23": 21.560635997055126, "Gi\u00e1 T2/23": 21.276959259581467, "Gi\u00e1 T3/23": 21.649663595037993, "Gi\u00e1 T4/23": 19.06487019569314, "Gi\u00e1 T5/23": 19.736837378331703, "Gi\u00e1 T6/23": 18.791592442091957, "Gi\u00e1 T7/23": 20.203085055934515, "Gi\u00e1 T8/23": 23.07414110765019, "Gi\u00e1 T9/23": 22.647506424169087, "Gi\u00e1 T10/23": 22.43217056847077, "Gi\u00e1 T11/23": 19.799332181528825, "Gi\u00e1 T12/23": 21.38558888689257, "Gi\u00e1 T1/24": 20.746487746329418, "Gi\u00e1 T2/24": 21.127777002426072, "Gi\u00e1 T3/24": 22.524070530951395, "Gi\u00e1 T4/24": 23.110906879877263, "Gi\u00e1 T5/24": 24.376709840836153, "Gi\u00e1 T6/24": 24.60007984856915, "Gi\u00e1 T7/24": 27.061805737030404, "Gi\u00e1 T8/24": 27.31925691464551, "Gi\u00e1 T9/24": 28.469175249774395, "Gi\u00e1 T10/24": 27.99227467127138}