{"Gi\u00e1 T10/22": 41.603660241071886, "Gi\u00e1 T11/22": 54.149895072508095, "Gi\u00e1 T12/22": 43.129448387172985, "Gi\u00e1 T1/23": 43.691778576198004, "Gi\u00e1 T2/23": 43.86429486081321, "Gi\u00e1 T3/23": 46.01140421875666, "Gi\u00e1 T4/23": 39.82796718007297, "Gi\u00e1 T5/23": 40.6588206539454, "Gi\u00e1 T6/23": 38.53147080535912, "Gi\u00e1 T7/23": 42.117522265895246, "Gi\u00e1 T8/23": 47.37016705979331, "Gi\u00e1 T9/23": 49.88695326496303, "Gi\u00e1 T10/23": 49.788257712643514, "Gi\u00e1 T11/23": 37.83097175916083, "Gi\u00e1 T12/23": 43.143807273589175, "Gi\u00e1 T1/24": 41.15609881532711, "Gi\u00e1 T2/24": 38.78081375050703, "Gi\u00e1 T3/24": 45.73823660657227, "Gi\u00e1 T4/24": 45.42327113502572, "Gi\u00e1 T5/24": 51.16869604108995, "Gi\u00e1 T6/24": 52.053073148877814, "Gi\u00e1 T7/24": 57.44353947375394, "Gi\u00e1 T8/24": 57.24326081811648, "Gi\u00e1 T9/24": 61.568385236305005, "Gi\u00e1 T10/24": 59.6371318894529}