{"Gi\u00e1 T10/22": 7.122310009000927, "Gi\u00e1 T11/22": 7.597857002252989, "Gi\u00e1 T12/22": 7.788756407036955, "Gi\u00e1 T1/23": 6.514886755320076, "Gi\u00e1 T2/23": 6.679271891354862, "Gi\u00e1 T3/23": 7.042931924630512, "Gi\u00e1 T4/23": 6.623719080320191, "Gi\u00e1 T5/23": 6.344963137318479, "Gi\u00e1 T6/23": 6.932409351158568, "Gi\u00e1 T7/23": 7.344928746445834, "Gi\u00e1 T8/23": 7.02361172506035, "Gi\u00e1 T9/23": 7.324358535131478, "Gi\u00e1 T10/23": 7.346492346451618, "Gi\u00e1 T11/23": 7.3172602525053465, "Gi\u00e1 T12/23": 8.099464779543219, "Gi\u00e1 T1/24": 7.239357040949844, "Gi\u00e1 T2/24": 6.7515852369067115, "Gi\u00e1 T3/24": 7.660275982761127, "Gi\u00e1 T4/24": 7.333047258101657, "Gi\u00e1 T5/24": 9.348752689158989, "Gi\u00e1 T6/24": 8.1883390517831, "Gi\u00e1 T7/24": 8.204424019768577, "Gi\u00e1 T8/24": 9.224610662868194, "Gi\u00e1 T9/24": 8.776500478624099, "Gi\u00e1 T10/24": 10.5247267594209}