{"Gi\u00e1 T10/22": 0.0, "Gi\u00e1 T11/22": 0.0, "Gi\u00e1 T12/22": 0.0, "Gi\u00e1 T1/23": 0.0, "Gi\u00e1 T2/23": 0.0, "Gi\u00e1 T3/23": 0.0, "Gi\u00e1 T4/23": 0.0, "Gi\u00e1 T5/23": 0.0, "Gi\u00e1 T6/23": 0.0, "Gi\u00e1 T7/23": 0.0, "Gi\u00e1 T8/23": 0.0, "Gi\u00e1 T9/23": 0.0, "Gi\u00e1 T10/23": 0.0, "Gi\u00e1 T11/23": 0.0, "Gi\u00e1 T12/23": 0.0, "Gi\u00e1 T1/24": 0.0, "Gi\u00e1 T2/24": 0.0, "Gi\u00e1 T3/24": 0.0, "Gi\u00e1 T4/24": 0.0, "Gi\u00e1 T5/24": 0.0, "Gi\u00e1 T6/24": 0.00021276595744681455, "Gi\u00e1 T7/24": 0.0008510638297872582, "Gi\u00e1 T8/24": 0.0, "Gi\u00e1 T9/24": 0.003404255319149033, "Gi\u00e1 T10/24": 24.885957446808515}