{"Gi\u00e1 T10/22": 71.36255231143552, "Gi\u00e1 T11/22": 70.6816031502113, "Gi\u00e1 T12/22": 73.49349801511077, "Gi\u00e1 T1/23": 75.58935254193878, "Gi\u00e1 T2/23": 65.14342211977633, "Gi\u00e1 T3/23": 75.33042344303583, "Gi\u00e1 T4/23": 55.382679088231534, "Gi\u00e1 T5/23": 70.85540828958041, "Gi\u00e1 T6/23": 67.60514611345883, "Gi\u00e1 T7/23": 58.19163093866052, "Gi\u00e1 T8/23": 63.008903530114836, "Gi\u00e1 T9/23": 65.36037883638537, "Gi\u00e1 T10/23": 75.22423178383917, "Gi\u00e1 T11/23": 87.97715277244207, "Gi\u00e1 T12/23": 94.1091635719469, "Gi\u00e1 T1/24": 88.07918205489393, "Gi\u00e1 T2/24": 87.7914670252273, "Gi\u00e1 T3/24": 85.49944188329704, "Gi\u00e1 T4/24": 91.22132270457166, "Gi\u00e1 T5/24": 70.62506287616853, "Gi\u00e1 T6/24": 95.07548286165536, "Gi\u00e1 T7/24": 108.68042293080634, "Gi\u00e1 T8/24": 134.8595262731037, "Gi\u00e1 T9/24": 133.16864400051224, "Gi\u00e1 T10/24": 142.7428149997866}