{"Gi\u00e1 T10/22": 68.01009672026747, "Gi\u00e1 T11/22": 68.00848281753274, "Gi\u00e1 T12/22": 70.29904620773273, "Gi\u00e1 T1/23": 73.81680673092231, "Gi\u00e1 T2/23": 63.00821607901731, "Gi\u00e1 T3/23": 69.50777938348867, "Gi\u00e1 T4/23": 52.61819737180508, "Gi\u00e1 T5/23": 66.02216608697782, "Gi\u00e1 T6/23": 63.79904032919794, "Gi\u00e1 T7/23": 55.831919953951484, "Gi\u00e1 T8/23": 60.133866330692086, "Gi\u00e1 T9/23": 62.55872444980589, "Gi\u00e1 T10/23": 71.91530436726147, "Gi\u00e1 T11/23": 84.3422905159639, "Gi\u00e1 T12/23": 89.40407538608501, "Gi\u00e1 T1/24": 82.37192567939941, "Gi\u00e1 T2/24": 82.17244299045963, "Gi\u00e1 T3/24": 80.85175691646356, "Gi\u00e1 T4/24": 83.96930213831705, "Gi\u00e1 T5/24": 66.16097127478476, "Gi\u00e1 T6/24": 89.14120837568736, "Gi\u00e1 T7/24": 102.22117506399032, "Gi\u00e1 T8/24": 126.45371569323848, "Gi\u00e1 T9/24": 125.20886997415894, "Gi\u00e1 T10/24": 134.85598753260751}