{"C\u0103n h\u1ed9 chung c\u01b0": 105.049477479516, "Chung c\u01b0 mini, c\u0103n h\u1ed9 d\u1ecbch v\u1ee5": 187.6783710055881, "Nh\u00e0 ri\u00eang": 244.76851189783378, "Nh\u00e0 Bi\u1ec7t th\u1ef1, li\u1ec1n k\u1ec1": 368.07177051744964, "Nh\u00e0 m\u1eb7t ph\u1ed1": 524.3253572363602, "Shophouse, nh\u00e0 ph\u1ed1 th\u01b0\u01a1ng m\u1ea1i": 913.7930908203124, "B\u00e1n \u0111\u1ea5t": 373.6842041015625, "B\u1ea5t \u0111\u1ed9ng s\u1ea3n kh\u00e1c": 94.88840668542045}