{"Chung c\u01b0 mini, c\u0103n h\u1ed9 d\u1ecbch v\u1ee5": 103.78128898143768, "Nh\u00e0 ri\u00eang": 179.6658901061067, "Nh\u00e0 Bi\u1ec7t th\u1ef1, li\u1ec1n k\u1ec1": 276.20332018534344, "Nh\u00e0 m\u1eb7t ph\u1ed1": 280.81500430636936, "Shophouse, nh\u00e0 ph\u1ed1 th\u01b0\u01a1ng m\u1ea1i": 287.86231486002606, "B\u1ea5t \u0111\u1ed9ng s\u1ea3n kh\u00e1c": 52.61269760131836}