{"Nh\u00e0 ri\u00eang": 275.1651153168121, "C\u0103n h\u1ed9 chung c\u01b0": 70.8589629586409, "Chung c\u01b0 mini, c\u0103n h\u1ed9 d\u1ecbch v\u1ee5": 126.16515763600667, "Nh\u00e0 Bi\u1ec7t th\u1ef1, li\u1ec1n k\u1ec1": 371.9987871987479, "Nh\u00e0 m\u1eb7t ph\u1ed1": 474.75185275215637, "Shophouse, nh\u00e0 ph\u1ed1 th\u01b0\u01a1ng m\u1ea1i": 116.20232009887695, "B\u00e1n \u0111\u1ea5t": 352.46031697591144, "B\u1ea5t \u0111\u1ed9ng s\u1ea3n kh\u00e1c": 55.0}