{"C\u0103n h\u1ed9 chung c\u01b0": 34.151882553100585, "Chung c\u01b0 mini, c\u0103n h\u1ed9 d\u1ecbch v\u1ee5": 33.47534942626953, "Nh\u00e0 ri\u00eang": 70.36412398494892, "Nh\u00e0 Bi\u1ec7t th\u1ef1, li\u1ec1n k\u1ec1": 97.48500234430486, "Nh\u00e0 m\u1eb7t ph\u1ed1": 104.98859786987305, "Shophouse, nh\u00e0 ph\u1ed1 th\u01b0\u01a1ng m\u1ea1i": 103.9473648071289}