{"C\u0103n h\u1ed9 chung c\u01b0": 54.10594726220155, "Chung c\u01b0 mini, c\u0103n h\u1ed9 d\u1ecbch v\u1ee5": 55.20023822784424, "Nh\u00e0 ri\u00eang": 112.22966134548187, "Nh\u00e0 Bi\u1ec7t th\u1ef1, li\u1ec1n k\u1ec1": 207.06190074573863, "Nh\u00e0 m\u1eb7t ph\u1ed1": 162.42250207754282, "Shophouse, nh\u00e0 ph\u1ed1 th\u01b0\u01a1ng m\u1ea1i": 233.62843704223633, "Trang tr\u1ea1i, khu ngh\u1ec9 d\u01b0\u1ee1ng": 24.0}