{"C\u0103n h\u1ed9 chung c\u01b0": 68.00061505110267, "Chung c\u01b0 mini, c\u0103n h\u1ed9 d\u1ecbch v\u1ee5": 191.3817948863517, "Nh\u00e0 ri\u00eang": 200.92121132708328, "Nh\u00e0 Bi\u1ec7t th\u1ef1, li\u1ec1n k\u1ec1": 277.9113123129719, "Nh\u00e0 m\u1eb7t ph\u1ed1": 399.2054198361091, "Shophouse, nh\u00e0 ph\u1ed1 th\u01b0\u01a1ng m\u1ea1i": 273.7027658830609, "B\u00e1n \u0111\u1ea5t": 327.07896343030427, "Trang tr\u1ea1i, khu ngh\u1ec9 d\u01b0\u1ee1ng": 25.50822329223156, "Condotel": 46.38282140096029, "Kho, nh\u00e0 x\u01b0\u1edfng": 71.19095818201701, "B\u1ea5t \u0111\u1ed9ng s\u1ea3n kh\u00e1c": 81.77911414855566}