{"Nh\u00e0 Bi\u1ec7t th\u1ef1, li\u1ec1n k\u1ec1": 217.92078243666865, "Nh\u00e0 ri\u00eang": 177.83376011761464, "Nh\u00e0 m\u1eb7t ph\u1ed1": 284.4788637234054, "C\u0103n h\u1ed9 chung c\u01b0": 51.876720076881796, "Chung c\u01b0 mini, c\u0103n h\u1ed9 d\u1ecbch v\u1ee5": 109.89584970474243, "Shophouse, nh\u00e0 ph\u1ed1 th\u01b0\u01a1ng m\u1ea1i": 347.73640060424805, "B\u00e1n \u0111\u1ea5t": 247.2727203369141, "B\u1ea5t \u0111\u1ed9ng s\u1ea3n kh\u00e1c": 48.5217399597168}