{"Nh\u00e0 m\u1eb7t ph\u1ed1": 487.28235050123567, "C\u0103n h\u1ed9 chung c\u01b0": 74.74763767371017, "Chung c\u01b0 mini, c\u0103n h\u1ed9 d\u1ecbch v\u1ee5": 442.93984570222744, "Nh\u00e0 ri\u00eang": 217.29662564122748, "Nh\u00e0 Bi\u1ec7t th\u1ef1, li\u1ec1n k\u1ec1": 255.1944611867269, "Shophouse, nh\u00e0 ph\u1ed1 th\u01b0\u01a1ng m\u1ea1i": 132.7433624267578, "B\u00e1n \u0111\u1ea5t": 423.7288208007813, "B\u1ea5t \u0111\u1ed9ng s\u1ea3n kh\u00e1c": 48.0}