{"Nh\u00e0 ri\u00eang": 190.24832570508178, "C\u0103n h\u1ed9 chung c\u01b0": 55.75561154119856, "Chung c\u01b0 mini, c\u0103n h\u1ed9 d\u1ecbch v\u1ee5": 119.42272720336913, "Nh\u00e0 Bi\u1ec7t th\u1ef1, li\u1ec1n k\u1ec1": 267.80433693484986, "Nh\u00e0 m\u1eb7t ph\u1ed1": 281.4523714238947, "Shophouse, nh\u00e0 ph\u1ed1 th\u01b0\u01a1ng m\u1ea1i": 277.8293197631836, "B\u00e1n \u0111\u1ea5t": 86.0215072631836, "Condotel": 32.21476364135742, "Kho, nh\u00e0 x\u01b0\u1edfng": 150.0, "B\u1ea5t \u0111\u1ed9ng s\u1ea3n kh\u00e1c": 143.85964965820312}