{"C\u0103n h\u1ed9 chung c\u01b0": 240.1499946029098, "Chung c\u01b0 mini, c\u0103n h\u1ed9 d\u1ecbch v\u1ee5": 111.0723386492048, "Nh\u00e0 ri\u00eang": 239.12001207139758, "Nh\u00e0 Bi\u1ec7t th\u1ef1, li\u1ec1n k\u1ec1": 601.8036644345239, "Nh\u00e0 m\u1eb7t ph\u1ed1": 677.2403634786606, "Shophouse, nh\u00e0 ph\u1ed1 th\u01b0\u01a1ng m\u1ea1i": 728.2679748535156, "B\u00e1n \u0111\u1ea5t": 432.6813659667969}