{"Nh\u00e0 m\u1eb7t ph\u1ed1": 287.5157860376502, "Nh\u00e0 Bi\u1ec7t th\u1ef1, li\u1ec1n k\u1ec1": 236.52361977100372, "Nh\u00e0 ri\u00eang": 176.9541177959694, "C\u0103n h\u1ed9 chung c\u01b0": 54.65653695731327, "Chung c\u01b0 mini, c\u0103n h\u1ed9 d\u1ecbch v\u1ee5": 388.7333332061768, "Shophouse, nh\u00e0 ph\u1ed1 th\u01b0\u01a1ng m\u1ea1i": 174.5729455947876, "Trang tr\u1ea1i, khu ngh\u1ec9 d\u01b0\u1ee1ng": 100.71700264513493, "B\u1ea5t \u0111\u1ed9ng s\u1ea3n kh\u00e1c": 41.52943576465953}