{"Nh\u00e0 ri\u00eang": 17.89616564341954, "Nh\u00e0 m\u1eb7t ph\u1ed1": 86.5999984741211, "Trang tr\u1ea1i, khu ngh\u1ec9 d\u01b0\u1ee1ng": 2.0526316165924072, "Kho, nh\u00e0 x\u01b0\u1edfng": 6.072874546051025}