{"C\u0103n h\u1ed9 chung c\u01b0": 64.35119154993316, "Chung c\u01b0 mini, c\u0103n h\u1ed9 d\u1ecbch v\u1ee5": 124.10749165217082, "Nh\u00e0 ri\u00eang": 195.16245714823404, "Nh\u00e0 Bi\u1ec7t th\u1ef1, li\u1ec1n k\u1ec1": 292.13131934097134, "Nh\u00e0 m\u1eb7t ph\u1ed1": 301.7854523197297, "Shophouse, nh\u00e0 ph\u1ed1 th\u01b0\u01a1ng m\u1ea1i": 287.67855644226074, "Condotel": 26.93370056152344, "B\u1ea5t \u0111\u1ed9ng s\u1ea3n kh\u00e1c": 60.0}