{"Nh\u00e0 ri\u00eang": 169.64122700691223, "Nh\u00e0 m\u1eb7t ph\u1ed1": 72.89916038513184}