{"Nh\u00e0 ri\u00eang": 51.542914708455406, "Nh\u00e0 Bi\u1ec7t th\u1ef1, li\u1ec1n k\u1ec1": 27.1875, "Nh\u00e0 m\u1eb7t ph\u1ed1": 64.52608108520508}