{"Nh\u00e0 ri\u00eang": 63.96523321376127, "C\u0103n h\u1ed9 chung c\u01b0": 30.45454502105713, "Nh\u00e0 Bi\u1ec7t th\u1ef1, li\u1ec1n k\u1ec1": 113.88888931274414, "Nh\u00e0 m\u1eb7t ph\u1ed1": 68.19294166564941, "Shophouse, nh\u00e0 ph\u1ed1 th\u01b0\u01a1ng m\u1ea1i": 49.27536392211914, "Trang tr\u1ea1i, khu ngh\u1ec9 d\u01b0\u1ee1ng": 13.166666507720947}