{"Nh\u00e0 m\u1eb7t ph\u1ed1": 489.2644699478149, "C\u0103n h\u1ed9 chung c\u01b0": 96.04699480918146, "Chung c\u01b0 mini, c\u0103n h\u1ed9 d\u1ecbch v\u1ee5": 178.63124667273627, "Nh\u00e0 ri\u00eang": 242.99189194832138, "Nh\u00e0 Bi\u1ec7t th\u1ef1, li\u1ec1n k\u1ec1": 363.37395568022856, "Shophouse, nh\u00e0 ph\u1ed1 th\u01b0\u01a1ng m\u1ea1i": 362.14446327903056, "B\u00e1n \u0111\u1ea5t": 338.72525278727215, "Trang tr\u1ea1i, khu ngh\u1ec9 d\u01b0\u1ee1ng": 1.6662020921707152}