{"Nh\u00e0 ri\u00eang": 57.31170501708984, "Nh\u00e0 Bi\u1ec7t th\u1ef1, li\u1ec1n k\u1ec1": 60.655531076284554, "Nh\u00e0 m\u1eb7t ph\u1ed1": 78.36535399300712, "Trang tr\u1ea1i, khu ngh\u1ec9 d\u01b0\u1ee1ng": 7.142857074737549}