{"C\u0103n h\u1ed9 chung c\u01b0": 38.320763397216794, "Nh\u00e0 ri\u00eang": 81.40929857889812, "Nh\u00e0 Bi\u1ec7t th\u1ef1, li\u1ec1n k\u1ec1": 97.64530726841518, "Nh\u00e0 m\u1eb7t ph\u1ed1": 86.94025802612305, "Shophouse, nh\u00e0 ph\u1ed1 th\u01b0\u01a1ng m\u1ea1i": 25.0, "B\u1ea5t \u0111\u1ed9ng s\u1ea3n kh\u00e1c": 102.27380916050502}