{"C\u0103n h\u1ed9 chung c\u01b0": 49.01932487487793, "Chung c\u01b0 mini, c\u0103n h\u1ed9 d\u1ecbch v\u1ee5": 31.875, "Nh\u00e0 ri\u00eang": 142.28170091629028, "Nh\u00e0 Bi\u1ec7t th\u1ef1, li\u1ec1n k\u1ec1": 233.3410039629255, "Nh\u00e0 m\u1eb7t ph\u1ed1": 248.69895353771392, "Shophouse, nh\u00e0 ph\u1ed1 th\u01b0\u01a1ng m\u1ea1i": 319.61048126220703, "Kho, nh\u00e0 x\u01b0\u1edfng": 57.5}