{"Nh\u00e0 ri\u00eang": 225.72650057161357, "Nh\u00e0 Bi\u1ec7t th\u1ef1, li\u1ec1n k\u1ec1": 335.9916096641904, "C\u0103n h\u1ed9 chung c\u01b0": 74.44114119703599, "Chung c\u01b0 mini, c\u0103n h\u1ed9 d\u1ecbch v\u1ee5": 145.3869137262043, "Nh\u00e0 m\u1eb7t ph\u1ed1": 381.65889264716475, "Shophouse, nh\u00e0 ph\u1ed1 th\u01b0\u01a1ng m\u1ea1i": 190.9477856953939, "B\u00e1n \u0111\u1ea5t": 280.76922607421875, "B\u1ea5t \u0111\u1ed9ng s\u1ea3n kh\u00e1c": 75.0}