{"Nh\u00e0 ri\u00eang": 112.45584971110026, "Nh\u00e0 Bi\u1ec7t th\u1ef1, li\u1ec1n k\u1ec1": 136.87279510498047, "Nh\u00e0 m\u1eb7t ph\u1ed1": 122.45563888549805}