{"Nh\u00e0 ri\u00eang": 37.3689683675766, "Nh\u00e0 m\u1eb7t ph\u1ed1": 53.27591323852539, "Trang tr\u1ea1i, khu ngh\u1ec9 d\u01b0\u1ee1ng": 13.96226406097412}