{"C\u0103n h\u1ed9 chung c\u01b0": 64.83184511699373, "Chung c\u01b0 mini, c\u0103n h\u1ed9 d\u1ecbch v\u1ee5": 48.979591369628906, "Nh\u00e0 ri\u00eang": 93.53695612368377, "Nh\u00e0 Bi\u1ec7t th\u1ef1, li\u1ec1n k\u1ec1": 292.82732936314176, "Nh\u00e0 m\u1eb7t ph\u1ed1": 152.3221270751953, "Shophouse, nh\u00e0 ph\u1ed1 th\u01b0\u01a1ng m\u1ea1i": 253.6879357047703, "Condotel": 80.0, "Trang tr\u1ea1i, khu ngh\u1ec9 d\u01b0\u1ee1ng": 5.5, "B\u1ea5t \u0111\u1ed9ng s\u1ea3n kh\u00e1c": 22.125}