{"Gi\u00e1 T10/22": 41.204491272312794, "Gi\u00e1 T11/22": 35.44824082768816, "Gi\u00e1 T12/22": 43.335586577004634, "Gi\u00e1 T1/23": 53.01635603032339, "Gi\u00e1 T2/23": 38.569725658523126, "Gi\u00e1 T3/23": 43.0902037192406, "Gi\u00e1 T4/23": 38.40361804293808, "Gi\u00e1 T5/23": 38.06228945804336, "Gi\u00e1 T6/23": 34.731618930527176, "Gi\u00e1 T7/23": 32.16322010111437, "Gi\u00e1 T8/23": 39.86507547245135, "Gi\u00e1 T9/23": 51.18339146920182, "Gi\u00e1 T10/23": 44.79463990601737, "Gi\u00e1 T11/23": 41.70807639251223, "Gi\u00e1 T12/23": 48.223406865307325, "Gi\u00e1 T1/24": 48.50486455523699, "Gi\u00e1 T2/24": 42.445354054455485, "Gi\u00e1 T3/24": 50.036754168078964, "Gi\u00e1 T4/24": 44.43147790650485, "Gi\u00e1 T5/24": 46.34518233782154, "Gi\u00e1 T6/24": 51.06794674925932, "Gi\u00e1 T7/24": 51.33034065787867, "Gi\u00e1 T8/24": 51.300875216508715, "Gi\u00e1 T9/24": 50.811594954480434, "Gi\u00e1 T10/24": 53.75387700370358}