{"Gi\u00e1 T10/22": 15.433232786662044, "Gi\u00e1 T11/22": 16.071578770683928, "Gi\u00e1 T12/22": 16.503121776191183, "Gi\u00e1 T1/23": 17.717781561009282, "Gi\u00e1 T2/23": 17.40001460874347, "Gi\u00e1 T3/23": 17.568574428459023, "Gi\u00e1 T4/23": 15.799587037337167, "Gi\u00e1 T5/23": 14.80221271239834, "Gi\u00e1 T6/23": 15.980633597685175, "Gi\u00e1 T7/23": 14.842557402155279, "Gi\u00e1 T8/23": 14.583399816955778, "Gi\u00e1 T9/23": 14.181725594296804, "Gi\u00e1 T10/23": 15.46367744488152, "Gi\u00e1 T11/23": 14.949576331178731, "Gi\u00e1 T12/23": 14.7546993093548, "Gi\u00e1 T1/24": 15.66193955986047, "Gi\u00e1 T2/24": 13.779369318895364, "Gi\u00e1 T3/24": 13.794197012951683, "Gi\u00e1 T4/24": 13.874266703794436, "Gi\u00e1 T5/24": 15.889268526011225, "Gi\u00e1 T6/24": 16.654179008296467, "Gi\u00e1 T7/24": 16.75217472998284, "Gi\u00e1 T8/24": 15.873300216118807, "Gi\u00e1 T9/24": 17.002276397452807, "Gi\u00e1 T10/24": 17.14790597513249}