{"Gi\u00e1 T10/22": 39.34042913837225, "Gi\u00e1 T11/22": 34.163964097147975, "Gi\u00e1 T12/22": 41.421525013237535, "Gi\u00e1 T1/23": 50.58142728758136, "Gi\u00e1 T2/23": 37.1403181258591, "Gi\u00e1 T3/23": 41.30912371812487, "Gi\u00e1 T4/23": 36.7987507678756, "Gi\u00e1 T5/23": 36.38353569530413, "Gi\u00e1 T6/23": 33.48205576239645, "Gi\u00e1 T7/23": 31.014055709349748, "Gi\u00e1 T8/23": 38.05199947764669, "Gi\u00e1 T9/23": 48.86011948887384, "Gi\u00e1 T10/23": 42.763663895745225, "Gi\u00e1 T11/23": 39.83721458713832, "Gi\u00e1 T12/23": 45.999501299277306, "Gi\u00e1 T1/24": 46.27923519684961, "Gi\u00e1 T2/24": 40.49006465484065, "Gi\u00e1 T3/24": 47.740751425197196, "Gi\u00e1 T4/24": 42.386861328826114, "Gi\u00e1 T5/24": 44.24018451809167, "Gi\u00e1 T6/24": 48.72796717737114, "Gi\u00e1 T7/24": 48.97969034758871, "Gi\u00e1 T8/24": 48.93739695086651, "Gi\u00e1 T9/24": 48.50160436660112, "Gi\u00e1 T10/24": 51.28555479539542}