{"Gi\u00e1 T10/22": 238.18467424730028, "Gi\u00e1 T11/22": 258.29564418229825, "Gi\u00e1 T12/22": 272.3530283597956, "Gi\u00e1 T1/23": 313.9197834436405, "Gi\u00e1 T2/23": 302.7605083844861, "Gi\u00e1 T3/23": 308.65480744830427, "Gi\u00e1 T4/23": 249.62695055039265, "Gi\u00e1 T5/23": 219.105501183087, "Gi\u00e1 T6/23": 255.3806501834642, "Gi\u00e1 T7/23": 220.30151023627448, "Gi\u00e1 T8/23": 212.6755502211858, "Gi\u00e1 T9/23": 201.12134083193305, "Gi\u00e1 T10/23": 239.1253201193375, "Gi\u00e1 T11/23": 223.4898324817393, "Gi\u00e1 T12/23": 217.701151709475, "Gi\u00e1 T1/24": 245.29635077672236, "Gi\u00e1 T2/24": 189.8710188265149, "Gi\u00e1 T3/24": 190.27987123212512, "Gi\u00e1 T4/24": 192.49527656801894, "Gi\u00e1 T5/24": 252.46885429169095, "Gi\u00e1 T6/24": 277.3616784403827, "Gi\u00e1 T7/24": 280.6353581838757, "Gi\u00e1 T8/24": 251.96165975103736, "Gi\u00e1 T9/24": 289.0774026953808, "Gi\u00e1 T10/24": 294.0506793319845}