{"Gi\u00e1 T10/22": 1697.8101010101009, "Gi\u00e1 T11/22": 1256.5777777777778, "Gi\u00e1 T12/22": 1877.973063973064, "Gi\u00e1 T1/23": 2810.734006734007, "Gi\u00e1 T2/23": 1487.6237373737374, "Gi\u00e1 T3/23": 1856.7656565656566, "Gi\u00e1 T4/23": 1474.8378787878787, "Gi\u00e1 T5/23": 1448.7378787878788, "Gi\u00e1 T6/23": 1206.2853535353536, "Gi\u00e1 T7/23": 1034.4727272727273, "Gi\u00e1 T8/23": 1589.2242424242424, "Gi\u00e1 T9/23": 2619.7395622895624, "Gi\u00e1 T10/23": 2006.5597643097644, "Gi\u00e1 T11/23": 1739.5636363636363, "Gi\u00e1 T12/23": 2325.4969696969697, "Gi\u00e1 T1/24": 2352.7218855218857, "Gi\u00e1 T2/24": 1801.608080808081, "Gi\u00e1 T3/24": 2503.6767676767677, "Gi\u00e1 T4/24": 1974.156228956229, "Gi\u00e1 T5/24": 2147.875925925926, "Gi\u00e1 T6/24": 2607.935185185185, "Gi\u00e1 T7/24": 2634.803872053872, "Gi\u00e1 T8/24": 2631.779797979798, "Gi\u00e1 T9/24": 2581.818181818182, "Gi\u00e1 T10/24": 2889.479292929293}