{"Gi\u00e1 T10/22": 1547.6693647912884, "Gi\u00e1 T11/22": 1167.176442831216, "Gi\u00e1 T12/22": 1715.7427344222626, "Gi\u00e1 T1/23": 2558.4807864488807, "Gi\u00e1 T2/23": 1379.4032304900181, "Gi\u00e1 T3/23": 1706.4437023593466, "Gi\u00e1 T4/23": 1354.148058076225, "Gi\u00e1 T5/23": 1323.7616696914702, "Gi\u00e1 T6/23": 1121.048058076225, "Gi\u00e1 T7/23": 961.8716515426497, "Gi\u00e1 T8/23": 1447.954664246824, "Gi\u00e1 T9/23": 2387.3112764670295, "Gi\u00e1 T10/23": 1828.7309497882638, "Gi\u00e1 T11/23": 1587.003666061706, "Gi\u00e1 T12/23": 2115.954119782214, "Gi\u00e1 T1/24": 2141.767610405324, "Gi\u00e1 T2/24": 1639.445335753176, "Gi\u00e1 T3/24": 2279.1793466424683, "Gi\u00e1 T4/24": 1796.646013309135, "Gi\u00e1 T5/24": 1957.1939261947973, "Gi\u00e1 T6/24": 2374.4147852389597, "Gi\u00e1 T7/24": 2399.0100665456744, "Gi\u00e1 T8/24": 2394.868820326679, "Gi\u00e1 T9/24": 2352.405626134301, "Gi\u00e1 T10/24": 2630.2081306715063}