{"Gi\u00e1 T10/22": 75.12540173872362, "Gi\u00e1 T11/22": 68.44581877892222, "Gi\u00e1 T12/22": 71.16257277205551, "Gi\u00e1 T1/23": 74.47335404537989, "Gi\u00e1 T2/23": 80.68445868786385, "Gi\u00e1 T3/23": 64.35757575757575, "Gi\u00e1 T4/23": 63.28906385281386, "Gi\u00e1 T5/23": 62.71188237050307, "Gi\u00e1 T6/23": 70.95549708911778, "Gi\u00e1 T7/23": 63.243749067024936, "Gi\u00e1 T8/23": 71.69565905359008, "Gi\u00e1 T9/23": 67.87086953276608, "Gi\u00e1 T10/23": 44.908278101209156, "Gi\u00e1 T11/23": 44.48470947156293, "Gi\u00e1 T12/23": 45.13716356918945, "Gi\u00e1 T1/24": 38.14254347663832, "Gi\u00e1 T2/24": 50.61125466487537, "Gi\u00e1 T3/24": 32.7277800791163, "Gi\u00e1 T4/24": 27.39964173757277, "Gi\u00e1 T5/24": 46.68465069413346, "Gi\u00e1 T6/24": 45.00678590088075, "Gi\u00e1 T7/24": 43.966947305567984, "Gi\u00e1 T8/24": 39.21429765636665, "Gi\u00e1 T9/24": 35.82806911479324, "Gi\u00e1 T10/24": 38.31013509479025}