{"Gi\u00e1 T10/22": 6.684538516186841, "Gi\u00e1 T11/22": 6.368690500911309, "Gi\u00e1 T12/22": 6.369333892700766, "Gi\u00e1 T1/23": 6.309639407829299, "Gi\u00e1 T2/23": 6.476429357390482, "Gi\u00e1 T3/23": 6.786008880316016, "Gi\u00e1 T4/23": 6.6535276757320565, "Gi\u00e1 T5/23": 6.96850208829571, "Gi\u00e1 T6/23": 6.559414277669532, "Gi\u00e1 T7/23": 6.360053066940076, "Gi\u00e1 T8/23": 6.620704050698058, "Gi\u00e1 T9/23": 6.482582769208125, "Gi\u00e1 T10/23": 6.701430024975678, "Gi\u00e1 T11/23": 7.294978711979445, "Gi\u00e1 T12/23": 7.135834424445724, "Gi\u00e1 T1/24": 7.026516244322816, "Gi\u00e1 T2/24": 6.4811268863950575, "Gi\u00e1 T3/24": 6.585574529308349, "Gi\u00e1 T4/24": 7.530539746501714, "Gi\u00e1 T5/24": 7.108443127263463, "Gi\u00e1 T6/24": 7.850080518755422, "Gi\u00e1 T7/24": 8.163601914989187, "Gi\u00e1 T8/24": 8.598050376028567, "Gi\u00e1 T9/24": 8.580934145977935, "Gi\u00e1 T10/24": 8.62906527854988}