{"Gi\u00e1 T10/22": 409.7108844596891, "Gi\u00e1 T11/22": 570.2060148635704, "Gi\u00e1 T12/22": 408.6582608077625, "Gi\u00e1 T1/23": 464.8610245975093, "Gi\u00e1 T2/23": 452.7089953338896, "Gi\u00e1 T3/23": 468.7079337783134, "Gi\u00e1 T4/23": 363.4692755786286, "Gi\u00e1 T5/23": 389.5427496987114, "Gi\u00e1 T6/23": 353.1239465096875, "Gi\u00e1 T7/23": 408.1646457773246, "Gi\u00e1 T8/23": 532.4159878557523, "Gi\u00e1 T9/23": 512.9095472327801, "Gi\u00e1 T10/23": 503.2022764129662, "Gi\u00e1 T11/23": 392.013554834523, "Gi\u00e1 T12/23": 457.34341203918297, "Gi\u00e1 T1/24": 430.41675380859675, "Gi\u00e1 T2/24": 446.382961064244, "Gi\u00e1 T3/24": 507.33375328327304, "Gi\u00e1 T4/24": 534.1140168103582, "Gi\u00e1 T5/24": 594.2239826643181, "Gi\u00e1 T6/24": 605.1639285559779, "Gi\u00e1 T7/24": 732.3413297487716, "Gi\u00e1 T8/24": 746.3417983684064, "Gi\u00e1 T9/24": 810.4939394023669, "Gi\u00e1 T10/24": 783.5674412719013}