{"Gi\u00e1 T10/22": 1730.8645454545456, "Gi\u00e1 T11/22": 2932.2111363636363, "Gi\u00e1 T12/22": 1860.1493181818184, "Gi\u00e1 T1/23": 1908.9715151515152, "Gi\u00e1 T2/23": 1924.076363636364, "Gi\u00e1 T3/23": 2117.0493181818183, "Gi\u00e1 T4/23": 1586.2669696969697, "Gi\u00e1 T5/23": 1653.1396969696968, "Gi\u00e1 T6/23": 1484.6742424242423, "Gi\u00e1 T7/23": 1773.885681818182, "Gi\u00e1 T8/23": 2243.9327272727273, "Gi\u00e1 T9/23": 2488.7081060606056, "Gi\u00e1 T10/23": 2478.870606060606, "Gi\u00e1 T11/23": 1431.1824242424243, "Gi\u00e1 T12/23": 1861.388106060606, "Gi\u00e1 T1/24": 1693.8244696969698, "Gi\u00e1 T2/24": 1503.9515151515152, "Gi\u00e1 T3/24": 2091.9862878787876, "Gi\u00e1 T4/24": 2063.2735606060605, "Gi\u00e1 T5/24": 2618.2354545454546, "Gi\u00e1 T6/24": 2709.5224242424247, "Gi\u00e1 T7/24": 3299.7602272727268, "Gi\u00e1 T8/24": 3276.7909090909093, "Gi\u00e1 T9/24": 3790.6660606060595, "Gi\u00e1 T10/24": 3556.5875}