{"Gi\u00e1 T10/22": 54.19029792746114, "Gi\u00e1 T11/22": 49.534366364421416, "Gi\u00e1 T12/22": 56.58662079015544, "Gi\u00e1 T1/23": 59.596868523316054, "Gi\u00e1 T2/23": 57.67474147236615, "Gi\u00e1 T3/23": 73.53493631260795, "Gi\u00e1 T4/23": 73.18733214594127, "Gi\u00e1 T5/23": 69.92604382556132, "Gi\u00e1 T6/23": 65.18657113557859, "Gi\u00e1 T7/23": 70.41903659326424, "Gi\u00e1 T8/23": 68.61041720639035, "Gi\u00e1 T9/23": 54.487936096718464, "Gi\u00e1 T10/23": 55.275728626943014, "Gi\u00e1 T11/23": 54.71341159326425, "Gi\u00e1 T12/23": 54.183670660621765, "Gi\u00e1 T1/24": 63.16876727115717, "Gi\u00e1 T2/24": 58.889293501727096, "Gi\u00e1 T3/24": 72.390765328152, "Gi\u00e1 T4/24": 68.57970207253888, "Gi\u00e1 T5/24": 96.54469613557856, "Gi\u00e1 T6/24": 77.46324859671847, "Gi\u00e1 T7/24": 76.25096718480138, "Gi\u00e1 T8/24": 80.94780386442142, "Gi\u00e1 T9/24": 88.9723305267703, "Gi\u00e1 T10/24": 115.62784758203802}