{"Gi\u00e1 T10/22": 66.97025910948054, "Gi\u00e1 T11/22": 67.07812501737125, "Gi\u00e1 T12/22": 68.65246331193197, "Gi\u00e1 T1/23": 72.57707079129491, "Gi\u00e1 T2/23": 62.2536549098085, "Gi\u00e1 T3/23": 68.75881159843243, "Gi\u00e1 T4/23": 52.415871828010786, "Gi\u00e1 T5/23": 65.30029003029546, "Gi\u00e1 T6/23": 63.10322236582451, "Gi\u00e1 T7/23": 54.92321423608216, "Gi\u00e1 T8/23": 59.96868722032298, "Gi\u00e1 T9/23": 61.89478862669891, "Gi\u00e1 T10/23": 70.92764640484728, "Gi\u00e1 T11/23": 82.18438366825093, "Gi\u00e1 T12/23": 86.66145793379471, "Gi\u00e1 T1/24": 79.50570839934406, "Gi\u00e1 T2/24": 80.27677207537731, "Gi\u00e1 T3/24": 79.78052224908974, "Gi\u00e1 T4/24": 81.72653846688348, "Gi\u00e1 T5/24": 65.22098731204314, "Gi\u00e1 T6/24": 86.4090497234498, "Gi\u00e1 T7/24": 100.55515988493289, "Gi\u00e1 T8/24": 123.55356457933796, "Gi\u00e1 T9/24": 123.1074410767392, "Gi\u00e1 T10/24": 134.887444828928}