{"Gi\u00e1 T10/22": 4409.507921934261, "Gi\u00e1 T11/22": 3807.262680151707, "Gi\u00e1 T12/22": 4265.161400126422, "Gi\u00e1 T1/23": 3568.236785714286, "Gi\u00e1 T2/23": 3102.852237673831, "Gi\u00e1 T3/23": 3250.5616877370417, "Gi\u00e1 T4/23": 3036.0644895701644, "Gi\u00e1 T5/23": 3127.9266861567635, "Gi\u00e1 T6/23": 3185.4856573957018, "Gi\u00e1 T7/23": 3331.2172566371687, "Gi\u00e1 T8/23": 3000.983421302149, "Gi\u00e1 T9/23": 2975.5639175094816, "Gi\u00e1 T10/23": 3065.21426517067, "Gi\u00e1 T11/23": 3513.776746207333, "Gi\u00e1 T12/23": 4146.781411188369, "Gi\u00e1 T1/24": 3506.8585840707965, "Gi\u00e1 T2/24": 3743.673217446271, "Gi\u00e1 T3/24": 4429.25125, "Gi\u00e1 T4/24": 5337.5883438685205, "Gi\u00e1 T5/24": 5572.313489254108, "Gi\u00e1 T6/24": 5991.38784608091, "Gi\u00e1 T7/24": 6370.4705104298355, "Gi\u00e1 T8/24": 6615.800690581543, "Gi\u00e1 T9/24": 6833.623751580278, "Gi\u00e1 T10/24": 7343.761880530973}