{"Gi\u00e1 T10/22": 4221.337476190476, "Gi\u00e1 T11/22": 3664.0944642857144, "Gi\u00e1 T12/22": 4068.5268207282916, "Gi\u00e1 T1/23": 3446.721285714286, "Gi\u00e1 T2/23": 3024.81243627451, "Gi\u00e1 T3/23": 3136.5122577030816, "Gi\u00e1 T4/23": 2971.520654761905, "Gi\u00e1 T5/23": 3055.705266106442, "Gi\u00e1 T6/23": 3077.8348676470587, "Gi\u00e1 T7/23": 3239.4955602240902, "Gi\u00e1 T8/23": 2931.56906442577, "Gi\u00e1 T9/23": 2913.13124929972, "Gi\u00e1 T10/23": 3024.1464530812327, "Gi\u00e1 T11/23": 3405.382822829132, "Gi\u00e1 T12/23": 4029.9882850140057, "Gi\u00e1 T1/24": 3436.3910896358543, "Gi\u00e1 T2/24": 3665.5823354341737, "Gi\u00e1 T3/24": 4333.516049719888, "Gi\u00e1 T4/24": 5194.092682773109, "Gi\u00e1 T5/24": 5443.8931757703085, "Gi\u00e1 T6/24": 5827.707798319328, "Gi\u00e1 T7/24": 6183.018084033613, "Gi\u00e1 T8/24": 6485.9139600840335, "Gi\u00e1 T9/24": 6799.987058123249, "Gi\u00e1 T10/24": 7222.3520161064425}