{"Gi\u00e1 T10/22": 37.81118436271109, "Gi\u00e1 T11/22": 33.992844668054595, "Gi\u00e1 T12/22": 32.8506101087208, "Gi\u00e1 T1/23": 33.477825584085124, "Gi\u00e1 T2/23": 34.0997704140643, "Gi\u00e1 T3/23": 38.099331482766594, "Gi\u00e1 T4/23": 35.35277064538515, "Gi\u00e1 T5/23": 38.605582874377134, "Gi\u00e1 T6/23": 33.795796321998615, "Gi\u00e1 T7/23": 32.437841198241955, "Gi\u00e1 T8/23": 35.8875225537821, "Gi\u00e1 T9/23": 34.35121443442054, "Gi\u00e1 T10/23": 36.185086167013644, "Gi\u00e1 T11/23": 39.88944482997918, "Gi\u00e1 T12/23": 39.83762433495258, "Gi\u00e1 T1/24": 38.474737450844316, "Gi\u00e1 T2/24": 31.393092759657655, "Gi\u00e1 T3/24": 33.37063613231551, "Gi\u00e1 T4/24": 40.05865544760584, "Gi\u00e1 T5/24": 37.873206106870235, "Gi\u00e1 T6/24": 40.55788110108721, "Gi\u00e1 T7/24": 42.017783946333566, "Gi\u00e1 T8/24": 52.117577492482084, "Gi\u00e1 T9/24": 52.75875722877632, "Gi\u00e1 T10/24": 55.73873872310896}