{"Gi\u00e1 T10/22": 71.42100265309232, "Gi\u00e1 T11/22": 70.78863782539521, "Gi\u00e1 T12/22": 73.51611757811179, "Gi\u00e1 T1/23": 75.58002978910666, "Gi\u00e1 T2/23": 65.19752132629228, "Gi\u00e1 T3/23": 75.30534356910735, "Gi\u00e1 T4/23": 55.39408040943097, "Gi\u00e1 T5/23": 70.9002185944958, "Gi\u00e1 T6/23": 67.57118233979892, "Gi\u00e1 T7/23": 58.21426898209269, "Gi\u00e1 T8/23": 63.004116312921035, "Gi\u00e1 T9/23": 65.42926365051962, "Gi\u00e1 T10/23": 75.33148708574524, "Gi\u00e1 T11/23": 88.0506610939034, "Gi\u00e1 T12/23": 94.16293031295487, "Gi\u00e1 T1/24": 88.03906265867778, "Gi\u00e1 T2/24": 87.65333297366372, "Gi\u00e1 T3/24": 85.42492313648826, "Gi\u00e1 T4/24": 91.15100112978574, "Gi\u00e1 T5/24": 70.5945912460648, "Gi\u00e1 T6/24": 95.00396040672287, "Gi\u00e1 T7/24": 108.57645298060325, "Gi\u00e1 T8/24": 134.704666036187, "Gi\u00e1 T9/24": 133.12019963779156, "Gi\u00e1 T10/24": 142.6099406756711}