{"Gi\u00e1 T10/22": 54.69881895240165, "Gi\u00e1 T11/22": 49.965013257987394, "Gi\u00e1 T12/22": 56.879753531840905, "Gi\u00e1 T1/23": 61.24655205390132, "Gi\u00e1 T2/23": 59.33628472071289, "Gi\u00e1 T3/23": 72.96796435557488, "Gi\u00e1 T4/23": 72.8121351880026, "Gi\u00e1 T5/23": 69.88185090197784, "Gi\u00e1 T6/23": 64.50513714409911, "Gi\u00e1 T7/23": 70.87767094109975, "Gi\u00e1 T8/23": 69.28180047815694, "Gi\u00e1 T9/23": 53.823457074549, "Gi\u00e1 T10/23": 54.75874809823952, "Gi\u00e1 T11/23": 54.336506411649644, "Gi\u00e1 T12/23": 54.115221908280816, "Gi\u00e1 T1/24": 63.250394262116934, "Gi\u00e1 T2/24": 58.832581178004766, "Gi\u00e1 T3/24": 71.4130136926755, "Gi\u00e1 T4/24": 67.31770136926757, "Gi\u00e1 T5/24": 97.64583655727014, "Gi\u00e1 T6/24": 76.66473505759616, "Gi\u00e1 T7/24": 75.21827950445555, "Gi\u00e1 T8/24": 79.6130515105412, "Gi\u00e1 T9/24": 88.13138578569878, "Gi\u00e1 T10/24": 113.29287893936103}