{"Gi\u00e1 T10/22": 64.02678470824951, "Gi\u00e1 T11/22": 69.65437424547282, "Gi\u00e1 T12/22": 60.18849094567402, "Gi\u00e1 T1/23": 54.32634205231387, "Gi\u00e1 T2/23": 57.168676056338015, "Gi\u00e1 T3/23": 59.65553319919516, "Gi\u00e1 T4/23": 60.248450704225334, "Gi\u00e1 T5/23": 56.3855130784708, "Gi\u00e1 T6/23": 56.936354124748505, "Gi\u00e1 T7/23": 57.10353319919517, "Gi\u00e1 T8/23": 47.7404426559356, "Gi\u00e1 T9/23": 48.412249496981886, "Gi\u00e1 T10/23": 47.15541247484909, "Gi\u00e1 T11/23": 55.90074849094568, "Gi\u00e1 T12/23": 58.5185995975855, "Gi\u00e1 T1/24": 68.61268410462779, "Gi\u00e1 T2/24": 74.70395171026155, "Gi\u00e1 T3/24": 98.40212474849093, "Gi\u00e1 T4/24": 81.27745674044263, "Gi\u00e1 T5/24": 65.32912676056337, "Gi\u00e1 T6/24": 70.70884507042254, "Gi\u00e1 T7/24": 87.09918712273647, "Gi\u00e1 T8/24": 91.15761770623746, "Gi\u00e1 T9/24": 75.57711066398394, "Gi\u00e1 T10/24": 80.84672837022131}