{"Gi\u00e1 T10/22": 72.29425054712968, "Gi\u00e1 T11/22": 70.37781829173107, "Gi\u00e1 T12/22": 74.81549440626866, "Gi\u00e1 T1/23": 78.6000147686751, "Gi\u00e1 T2/23": 66.80059449656419, "Gi\u00e1 T3/23": 77.89710013620851, "Gi\u00e1 T4/23": 59.207988016712335, "Gi\u00e1 T5/23": 72.16516253194779, "Gi\u00e1 T6/23": 68.50968519000321, "Gi\u00e1 T7/23": 59.9843550756799, "Gi\u00e1 T8/23": 67.96615180361489, "Gi\u00e1 T9/23": 68.71705942669993, "Gi\u00e1 T10/23": 78.9674915443596, "Gi\u00e1 T11/23": 89.79794164460293, "Gi\u00e1 T12/23": 95.70451821980073, "Gi\u00e1 T1/24": 88.70433364962275, "Gi\u00e1 T2/24": 89.60523438576087, "Gi\u00e1 T3/24": 88.53814366171315, "Gi\u00e1 T4/24": 93.85031817694865, "Gi\u00e1 T5/24": 73.84265598934819, "Gi\u00e1 T6/24": 96.04691908602562, "Gi\u00e1 T7/24": 111.42732840023876, "Gi\u00e1 T8/24": 135.2240176918015, "Gi\u00e1 T9/24": 136.1786045515067, "Gi\u00e1 T10/24": 149.3314164919423}