{"Gi\u00e1 T10/22": 55.629798761609905, "Gi\u00e1 T11/22": 50.47421826625387, "Gi\u00e1 T12/22": 56.947800137598904, "Gi\u00e1 T1/23": 60.942836257309935, "Gi\u00e1 T2/23": 58.65400756793946, "Gi\u00e1 T3/23": 73.22054781561748, "Gi\u00e1 T4/23": 72.35474458204334, "Gi\u00e1 T5/23": 69.55089009287926, "Gi\u00e1 T6/23": 65.16232284141728, "Gi\u00e1 T7/23": 69.8740488476092, "Gi\u00e1 T8/23": 69.17316907464742, "Gi\u00e1 T9/23": 54.290932232542126, "Gi\u00e1 T10/23": 55.74741314069488, "Gi\u00e1 T11/23": 54.95058135534916, "Gi\u00e1 T12/23": 54.93500773993809, "Gi\u00e1 T1/24": 62.76824389404885, "Gi\u00e1 T2/24": 57.97008599931199, "Gi\u00e1 T3/24": 74.09611025111799, "Gi\u00e1 T4/24": 71.06516253869971, "Gi\u00e1 T5/24": 104.96711300309596, "Gi\u00e1 T6/24": 80.7892801857585, "Gi\u00e1 T7/24": 81.06758083935328, "Gi\u00e1 T8/24": 85.41709752321982, "Gi\u00e1 T9/24": 92.67524079807363, "Gi\u00e1 T10/24": 121.79417956656349}