{"Gi\u00e1 T10/22": 71.85549245892744, "Gi\u00e1 T11/22": 70.65223000634681, "Gi\u00e1 T12/22": 73.78948474586126, "Gi\u00e1 T1/23": 75.80982631066409, "Gi\u00e1 T2/23": 65.48898732092073, "Gi\u00e1 T3/23": 76.40361685634414, "Gi\u00e1 T4/23": 55.673747135458306, "Gi\u00e1 T5/23": 71.55818563683668, "Gi\u00e1 T6/23": 68.2658353802997, "Gi\u00e1 T7/23": 58.51981293876543, "Gi\u00e1 T8/23": 63.6915371869595, "Gi\u00e1 T9/23": 65.65358303900622, "Gi\u00e1 T10/23": 75.83386724030174, "Gi\u00e1 T11/23": 88.2897761175952, "Gi\u00e1 T12/23": 94.70152773942239, "Gi\u00e1 T1/24": 89.17213766272778, "Gi\u00e1 T2/24": 88.60438918038982, "Gi\u00e1 T3/24": 86.27134998037818, "Gi\u00e1 T4/24": 92.20454993386726, "Gi\u00e1 T5/24": 71.58355876610321, "Gi\u00e1 T6/24": 96.34861518485681, "Gi\u00e1 T7/24": 109.8061287384389, "Gi\u00e1 T8/24": 136.36233349321475, "Gi\u00e1 T9/24": 134.77389839294972, "Gi\u00e1 T10/24": 144.30903533378876}