{"Gi\u00e1 T10/22": 26.778336530078473, "Gi\u00e1 T11/22": 25.016214181923853, "Gi\u00e1 T12/22": 26.704208079046794, "Gi\u00e1 T1/23": 28.6686745132229, "Gi\u00e1 T2/23": 25.548351060738156, "Gi\u00e1 T3/23": 25.2343251961639, "Gi\u00e1 T4/23": 22.110222900319673, "Gi\u00e1 T5/23": 23.44878698052892, "Gi\u00e1 T6/23": 21.83155594303981, "Gi\u00e1 T7/23": 29.75986660854403, "Gi\u00e1 T8/23": 25.888745132229005, "Gi\u00e1 T9/23": 27.039494333042715, "Gi\u00e1 T10/23": 24.29319412961348, "Gi\u00e1 T11/23": 27.680249927346697, "Gi\u00e1 T12/23": 25.543694565533276, "Gi\u00e1 T1/24": 31.305718105201972, "Gi\u00e1 T2/24": 37.34545916884626, "Gi\u00e1 T3/24": 34.323120313862255, "Gi\u00e1 T4/24": 36.38818715489684, "Gi\u00e1 T5/24": 33.42301656495205, "Gi\u00e1 T6/24": 37.177097646033125, "Gi\u00e1 T7/24": 41.94409997093868, "Gi\u00e1 T8/24": 40.04779657076431, "Gi\u00e1 T9/24": 45.057877651845395, "Gi\u00e1 T10/24": 50.922510897994776}