{"Gi\u00e1 T10/22": 3332.030673270728, "Gi\u00e1 T11/22": 3149.3544951706235, "Gi\u00e1 T12/22": 3588.608818287827, "Gi\u00e1 T1/23": 2319.5002355283714, "Gi\u00e1 T2/23": 1849.8073720050163, "Gi\u00e1 T3/23": 2391.405778640734, "Gi\u00e1 T4/23": 2133.023953268355, "Gi\u00e1 T5/23": 2562.0009281423945, "Gi\u00e1 T6/23": 2130.856445842776, "Gi\u00e1 T7/23": 2036.3494212448572, "Gi\u00e1 T8/23": 2864.236286220325, "Gi\u00e1 T9/23": 2419.0296402719414, "Gi\u00e1 T10/23": 2757.765737167499, "Gi\u00e1 T11/23": 2220.9499607269363, "Gi\u00e1 T12/23": 1700.0213325339378, "Gi\u00e1 T1/24": 2919.8417338452405, "Gi\u00e1 T2/24": 2295.445830454775, "Gi\u00e1 T3/24": 2780.855155662142, "Gi\u00e1 T4/24": 3058.603858330949, "Gi\u00e1 T5/24": 3196.251340564563, "Gi\u00e1 T6/24": 3238.051240346747, "Gi\u00e1 T7/24": 2750.764288244484, "Gi\u00e1 T8/24": 2686.7670255879957, "Gi\u00e1 T9/24": 3687.229260962356, "Gi\u00e1 T10/24": 4004.7478638533807}