{"Gi\u00e1 T10/22": 3905.5954628661084, "Gi\u00e1 T11/22": 3700.2152661357227, "Gi\u00e1 T12/22": 4234.02587041646, "Gi\u00e1 T1/23": 2658.6301662518667, "Gi\u00e1 T2/23": 2151.1872168574746, "Gi\u00e1 T3/23": 2777.037265140202, "Gi\u00e1 T4/23": 2427.6291262651403, "Gi\u00e1 T5/23": 2912.124797245727, "Gi\u00e1 T6/23": 2484.439850008296, "Gi\u00e1 T7/23": 2290.879530944085, "Gi\u00e1 T8/23": 3273.0732034179523, "Gi\u00e1 T9/23": 2769.028604778497, "Gi\u00e1 T10/23": 3163.5154524639124, "Gi\u00e1 T11/23": 2537.681245229799, "Gi\u00e1 T12/23": 1900.7938511697364, "Gi\u00e1 T1/24": 3365.6457136220347, "Gi\u00e1 T2/24": 2588.7088057076485, "Gi\u00e1 T3/24": 3140.7086271777007, "Gi\u00e1 T4/24": 3511.043530944084, "Gi\u00e1 T5/24": 3707.4348898291014, "Gi\u00e1 T6/24": 3712.0487924340464, "Gi\u00e1 T7/24": 3152.5567554338813, "Gi\u00e1 T8/24": 3042.686058237929, "Gi\u00e1 T9/24": 4237.145046789448, "Gi\u00e1 T10/24": 4618.863610585698}