{"Gi\u00e1 T10/22": 27.93779183955741, "Gi\u00e1 T11/22": 25.825195020746882, "Gi\u00e1 T12/22": 27.297709197787004, "Gi\u00e1 T1/23": 29.741854426002764, "Gi\u00e1 T2/23": 26.72452766251729, "Gi\u00e1 T3/23": 26.15506915629322, "Gi\u00e1 T4/23": 22.744197786998615, "Gi\u00e1 T5/23": 23.971686721991702, "Gi\u00e1 T6/23": 22.412061203319496, "Gi\u00e1 T7/23": 30.703406639004154, "Gi\u00e1 T8/23": 26.317122406639005, "Gi\u00e1 T9/23": 27.987915629322263, "Gi\u00e1 T10/23": 25.45533229598893, "Gi\u00e1 T11/23": 28.116522130013827, "Gi\u00e1 T12/23": 25.76236203319502, "Gi\u00e1 T1/24": 32.025218879668046, "Gi\u00e1 T2/24": 38.77765802213001, "Gi\u00e1 T3/24": 35.01361583679115, "Gi\u00e1 T4/24": 38.32803250345783, "Gi\u00e1 T5/24": 34.77999446749654, "Gi\u00e1 T6/24": 38.49989453665283, "Gi\u00e1 T7/24": 42.62783437067773, "Gi\u00e1 T8/24": 41.77914453665283, "Gi\u00e1 T9/24": 46.35104149377593, "Gi\u00e1 T10/24": 50.671125518672206}