{"Gi\u00e1 T10/22": 4477.998643618281, "Gi\u00e1 T11/22": 4272.329106630212, "Gi\u00e1 T12/22": 4895.057557758032, "Gi\u00e1 T1/23": 3043.4315844155844, "Gi\u00e1 T2/23": 2474.8513285486442, "Gi\u00e1 T3/23": 3198.0007190704027, "Gi\u00e1 T4/23": 2769.370945773525, "Gi\u00e1 T5/23": 3300.1187796764634, "Gi\u00e1 T6/23": 2846.409046251994, "Gi\u00e1 T7/23": 2587.0512499430397, "Gi\u00e1 T8/23": 3738.0474333561174, "Gi\u00e1 T9/23": 3173.1469309637732, "Gi\u00e1 T10/23": 3620.8393811802234, "Gi\u00e1 T11/23": 2908.967537024379, "Gi\u00e1 T12/23": 2149.114536568695, "Gi\u00e1 T1/24": 3856.039216450217, "Gi\u00e1 T2/24": 2939.8045705172017, "Gi\u00e1 T3/24": 3576.9843791296425, "Gi\u00e1 T4/24": 4028.681082023239, "Gi\u00e1 T5/24": 4259.40951674641, "Gi\u00e1 T6/24": 4262.703848029163, "Gi\u00e1 T7/24": 3615.1421462747785, "Gi\u00e1 T8/24": 3487.8310341763495, "Gi\u00e1 T9/24": 4867.224926179085, "Gi\u00e1 T10/24": 5271.123824105719}