{"Gi\u00e1 T10/22": 55.416752884105826, "Gi\u00e1 T11/22": 50.55815743345155, "Gi\u00e1 T12/22": 57.0577106518283, "Gi\u00e1 T1/23": 61.68026334026333, "Gi\u00e1 T2/23": 59.886333414862825, "Gi\u00e1 T3/23": 73.2689611104317, "Gi\u00e1 T4/23": 72.74420060331823, "Gi\u00e1 T5/23": 69.90386551710081, "Gi\u00e1 T6/23": 64.47944396885573, "Gi\u00e1 T7/23": 70.59643308466836, "Gi\u00e1 T8/23": 69.67406485671194, "Gi\u00e1 T9/23": 53.881782234723396, "Gi\u00e1 T10/23": 54.72847845583141, "Gi\u00e1 T11/23": 54.49506603888957, "Gi\u00e1 T12/23": 54.55548408136644, "Gi\u00e1 T1/24": 63.15903244873833, "Gi\u00e1 T2/24": 59.1507317272023, "Gi\u00e1 T3/24": 71.97384615384615, "Gi\u00e1 T4/24": 67.79402633402636, "Gi\u00e1 T5/24": 97.68071032571031, "Gi\u00e1 T6/24": 77.31228730993436, "Gi\u00e1 T7/24": 76.00431617137498, "Gi\u00e1 T8/24": 80.90555134319841, "Gi\u00e1 T9/24": 88.91329032652564, "Gi\u00e1 T10/24": 114.11753373282787}