{"Gi\u00e1 T10/22": 2624.452922466082, "Gi\u00e1 T11/22": 2400.9203984232704, "Gi\u00e1 T12/22": 2346.0280220017216, "Gi\u00e1 T1/23": 2139.5376355036024, "Gi\u00e1 T2/23": 2309.355413764669, "Gi\u00e1 T3/23": 2264.8587911195687, "Gi\u00e1 T4/23": 2121.659566036881, "Gi\u00e1 T5/23": 2557.086459694073, "Gi\u00e1 T6/23": 2391.2735225771376, "Gi\u00e1 T7/23": 2170.5631654025647, "Gi\u00e1 T8/23": 2313.906508105659, "Gi\u00e1 T9/23": 2106.6383694078204, "Gi\u00e1 T10/23": 2011.501625753251, "Gi\u00e1 T11/23": 2477.6523826378507, "Gi\u00e1 T12/23": 2532.9760854514975, "Gi\u00e1 T1/24": 2621.6839493996645, "Gi\u00e1 T2/24": 2667.954230220652, "Gi\u00e1 T3/24": 2707.7244550586743, "Gi\u00e1 T4/24": 3000.5027491821847, "Gi\u00e1 T5/24": 3339.288976793077, "Gi\u00e1 T6/24": 3477.1600735082234, "Gi\u00e1 T7/24": 3637.313094032894, "Gi\u00e1 T8/24": 4197.179659861356, "Gi\u00e1 T9/24": 4024.3622887771285, "Gi\u00e1 T10/24": 4192.069302578044}