{"Gi\u00e1 T10/22": 44.20997333548805, "Gi\u00e1 T11/22": 39.9174243158802, "Gi\u00e1 T12/22": 40.13056507218272, "Gi\u00e1 T1/23": 39.24133564964447, "Gi\u00e1 T2/23": 41.315033397974574, "Gi\u00e1 T3/23": 45.38467840982546, "Gi\u00e1 T4/23": 43.705817711700064, "Gi\u00e1 T5/23": 48.26648984678989, "Gi\u00e1 T6/23": 42.426411603102785, "Gi\u00e1 T7/23": 39.96584545356603, "Gi\u00e1 T8/23": 43.388289700495584, "Gi\u00e1 T9/23": 41.666296864899806, "Gi\u00e1 T10/23": 44.3934012066365, "Gi\u00e1 T11/23": 52.45084437621203, "Gi\u00e1 T12/23": 50.21782751562163, "Gi\u00e1 T1/24": 48.747935520361985, "Gi\u00e1 T2/24": 41.432707121310074, "Gi\u00e1 T3/24": 42.7797850678733, "Gi\u00e1 T4/24": 55.81765217625513, "Gi\u00e1 T5/24": 49.78785067873304, "Gi\u00e1 T6/24": 60.545406701142, "Gi\u00e1 T7/24": 65.39007999353588, "Gi\u00e1 T8/24": 72.61030246714071, "Gi\u00e1 T9/24": 72.19153065072184, "Gi\u00e1 T10/24": 73.19960918982979}