{"Gi\u00e1 T10/22": 71.8193980709244, "Gi\u00e1 T11/22": 70.40415896261533, "Gi\u00e1 T12/22": 74.3418190749484, "Gi\u00e1 T1/23": 77.09667260373375, "Gi\u00e1 T2/23": 65.88484059446063, "Gi\u00e1 T3/23": 76.03927671444593, "Gi\u00e1 T4/23": 56.220358367966234, "Gi\u00e1 T5/23": 70.93099401110138, "Gi\u00e1 T6/23": 67.87441960457248, "Gi\u00e1 T7/23": 58.84798175058664, "Gi\u00e1 T8/23": 63.887676721985066, "Gi\u00e1 T9/23": 66.04130302130747, "Gi\u00e1 T10/23": 76.27033973217232, "Gi\u00e1 T11/23": 88.91046646028292, "Gi\u00e1 T12/23": 95.7946453309208, "Gi\u00e1 T1/24": 89.24056456324861, "Gi\u00e1 T2/24": 88.4301941091101, "Gi\u00e1 T3/24": 86.48449697492295, "Gi\u00e1 T4/24": 92.62625314523198, "Gi\u00e1 T5/24": 71.53864389848557, "Gi\u00e1 T6/24": 96.70465096171063, "Gi\u00e1 T7/24": 109.61901828710904, "Gi\u00e1 T8/24": 135.68481354782168, "Gi\u00e1 T9/24": 134.36016517768795, "Gi\u00e1 T10/24": 143.56036873427385}