{"Gi\u00e1 T10/22": 9431.31734961556, "Gi\u00e1 T11/22": 9553.009154228856, "Gi\u00e1 T12/22": 9107.963206693803, "Gi\u00e1 T1/23": 9486.779638172773, "Gi\u00e1 T2/23": 10044.155237449118, "Gi\u00e1 T3/23": 10276.036164631389, "Gi\u00e1 T4/23": 7351.737978290366, "Gi\u00e1 T5/23": 7061.217042062416, "Gi\u00e1 T6/23": 7776.219828132068, "Gi\u00e1 T7/23": 7674.782442333786, "Gi\u00e1 T8/23": 8435.061673450926, "Gi\u00e1 T9/23": 8610.923007688829, "Gi\u00e1 T10/23": 8970.781696065129, "Gi\u00e1 T11/23": 8560.074794210765, "Gi\u00e1 T12/23": 9169.234853007689, "Gi\u00e1 T1/24": 8522.849176843056, "Gi\u00e1 T2/24": 7538.4812392582535, "Gi\u00e1 T3/24": 8755.609941203074, "Gi\u00e1 T4/24": 9839.983071008595, "Gi\u00e1 T5/24": 11906.103107191317, "Gi\u00e1 T6/24": 12455.6039574853, "Gi\u00e1 T7/24": 12922.736910900045, "Gi\u00e1 T8/24": 12741.119570330167, "Gi\u00e1 T9/24": 13235.271026684757, "Gi\u00e1 T10/24": 13915.251935775668}