{"Gi\u00e1 T10/22": 2608.5987072059843, "Gi\u00e1 T11/22": 2663.886252827798, "Gi\u00e1 T12/22": 2456.545814858384, "Gi\u00e1 T1/23": 2527.6875204355565, "Gi\u00e1 T2/23": 2780.998551563961, "Gi\u00e1 T3/23": 2838.450566917021, "Gi\u00e1 T4/23": 2028.2435978644467, "Gi\u00e1 T5/23": 1910.0002559346065, "Gi\u00e1 T6/23": 2097.763005610352, "Gi\u00e1 T7/23": 2085.874854764275, "Gi\u00e1 T8/23": 2310.4113739329773, "Gi\u00e1 T9/23": 2307.3873224142612, "Gi\u00e1 T10/23": 2441.3708377824028, "Gi\u00e1 T11/23": 2349.9179525231502, "Gi\u00e1 T12/23": 2507.5818268331677, "Gi\u00e1 T1/24": 2338.102413657889, "Gi\u00e1 T2/24": 1990.035949687811, "Gi\u00e1 T3/24": 2428.305551986245, "Gi\u00e1 T4/24": 2672.957281090701, "Gi\u00e1 T5/24": 3258.934964105813, "Gi\u00e1 T6/24": 3370.6321209242, "Gi\u00e1 T7/24": 3453.5755776249507, "Gi\u00e1 T8/24": 3507.6456907368865, "Gi\u00e1 T9/24": 3548.4597080203903, "Gi\u00e1 T10/24": 3722.8859771363077}