{"Gi\u00e1 T10/22": 45.123196886852874, "Gi\u00e1 T11/22": 40.8458913354022, "Gi\u00e1 T12/22": 40.553618048372, "Gi\u00e1 T1/23": 39.7301780700458, "Gi\u00e1 T2/23": 42.08133983547608, "Gi\u00e1 T3/23": 46.13544677602088, "Gi\u00e1 T4/23": 44.335513521501404, "Gi\u00e1 T5/23": 48.45684964005236, "Gi\u00e1 T6/23": 43.337002118122264, "Gi\u00e1 T7/23": 40.83066277523274, "Gi\u00e1 T8/23": 44.39829565046057, "Gi\u00e1 T9/23": 42.4713149598542, "Gi\u00e1 T10/23": 44.9286921826511, "Gi\u00e1 T11/23": 53.113013152061484, "Gi\u00e1 T12/23": 51.48021107334614, "Gi\u00e1 T1/24": 50.08515541106349, "Gi\u00e1 T2/24": 42.822778434559886, "Gi\u00e1 T3/24": 43.846572336338106, "Gi\u00e1 T4/24": 58.02820156642531, "Gi\u00e1 T5/24": 51.35674892862421, "Gi\u00e1 T6/24": 63.480090635929265, "Gi\u00e1 T7/24": 68.68278212895918, "Gi\u00e1 T8/24": 75.9374040687651, "Gi\u00e1 T9/24": 74.7874498793163, "Gi\u00e1 T10/24": 74.82611817151866}