{"Gi\u00e1 T10/22": 71.32838096469676, "Gi\u00e1 T11/22": 70.4025854899457, "Gi\u00e1 T12/22": 73.17609950859952, "Gi\u00e1 T1/23": 75.17439882241692, "Gi\u00e1 T2/23": 65.08616287339972, "Gi\u00e1 T3/23": 75.64568406100479, "Gi\u00e1 T4/23": 55.280607602967805, "Gi\u00e1 T5/23": 70.95445782280487, "Gi\u00e1 T6/23": 67.73069701280227, "Gi\u00e1 T7/23": 58.05128909785983, "Gi\u00e1 T8/23": 63.15797717574034, "Gi\u00e1 T9/23": 65.31761490931721, "Gi\u00e1 T10/23": 75.14640580547653, "Gi\u00e1 T11/23": 87.44156373254236, "Gi\u00e1 T12/23": 93.83600896725073, "Gi\u00e1 T1/24": 87.67492966426354, "Gi\u00e1 T2/24": 87.39050012931592, "Gi\u00e1 T3/24": 85.36067987844302, "Gi\u00e1 T4/24": 90.97126679086385, "Gi\u00e1 T5/24": 70.62141307949696, "Gi\u00e1 T6/24": 94.92576714648261, "Gi\u00e1 T7/24": 108.29757459912067, "Gi\u00e1 T8/24": 134.13011888982285, "Gi\u00e1 T9/24": 132.7060584507953, "Gi\u00e1 T10/24": 142.19232152382648}