{"Gi\u00e1 T10/22": 34.772943253968265, "Gi\u00e1 T11/22": 36.74009920634921, "Gi\u00e1 T12/22": 36.84585396825397, "Gi\u00e1 T1/23": 38.86828253968255, "Gi\u00e1 T2/23": 41.44608214285716, "Gi\u00e1 T3/23": 41.98996349206349, "Gi\u00e1 T4/23": 46.447596428571444, "Gi\u00e1 T5/23": 50.002957539682534, "Gi\u00e1 T6/23": 51.50311230158728, "Gi\u00e1 T7/23": 39.72102857142857, "Gi\u00e1 T8/23": 47.10712182539683, "Gi\u00e1 T9/23": 45.9013503968254, "Gi\u00e1 T10/23": 43.75651071428572, "Gi\u00e1 T11/23": 47.94325515873016, "Gi\u00e1 T12/23": 47.419058730158724, "Gi\u00e1 T1/24": 46.4826753968254, "Gi\u00e1 T2/24": 51.04538015873015, "Gi\u00e1 T3/24": 59.53070158730158, "Gi\u00e1 T4/24": 70.16506071428572, "Gi\u00e1 T5/24": 66.93535714285714, "Gi\u00e1 T6/24": 71.87740992063493, "Gi\u00e1 T7/24": 60.22874682539683, "Gi\u00e1 T8/24": 75.82495039682541, "Gi\u00e1 T9/24": 82.71111111111112, "Gi\u00e1 T10/24": 79.72110000000002}