{"Gi\u00e1 T10/22": 205.9636177673875, "Gi\u00e1 T11/22": 215.10499707773232, "Gi\u00e1 T12/22": 385.37526008182334, "Gi\u00e1 T1/23": 300.12644652250145, "Gi\u00e1 T2/23": 327.21564582115707, "Gi\u00e1 T3/23": 226.0083869082408, "Gi\u00e1 T4/23": 230.34181765049672, "Gi\u00e1 T5/23": 183.9254412624196, "Gi\u00e1 T6/23": 333.8546054938632, "Gi\u00e1 T7/23": 334.7053828170661, "Gi\u00e1 T8/23": 308.4442548217416, "Gi\u00e1 T9/23": 291.73184687317354, "Gi\u00e1 T10/23": 500.75105201636467, "Gi\u00e1 T11/23": 316.7697545295149, "Gi\u00e1 T12/23": 353.3902805376974, "Gi\u00e1 T1/24": 336.90166569257747, "Gi\u00e1 T2/24": 275.12089421391005, "Gi\u00e1 T3/24": 347.05030976037415, "Gi\u00e1 T4/24": 824.0149912331971, "Gi\u00e1 T5/24": 680.9595967270603, "Gi\u00e1 T6/24": 928.3960257159557, "Gi\u00e1 T7/24": 888.2697837521919, "Gi\u00e1 T8/24": 743.455786090006, "Gi\u00e1 T9/24": 710.6717650496784, "Gi\u00e1 T10/24": 501.2268848626534}