{"Gi\u00e1 T10/22": 57.50343907563025, "Gi\u00e1 T11/22": 53.136736694677865, "Gi\u00e1 T12/22": 58.3729068627451, "Gi\u00e1 T1/23": 62.67814845938374, "Gi\u00e1 T2/23": 60.3364530812325, "Gi\u00e1 T3/23": 77.42026610644258, "Gi\u00e1 T4/23": 75.14609243697477, "Gi\u00e1 T5/23": 72.00109173669468, "Gi\u00e1 T6/23": 69.19753501400561, "Gi\u00e1 T7/23": 72.56352310924368, "Gi\u00e1 T8/23": 72.54099089635857, "Gi\u00e1 T9/23": 56.71440896358542, "Gi\u00e1 T10/23": 57.762745098039225, "Gi\u00e1 T11/23": 56.35744467787115, "Gi\u00e1 T12/23": 56.83976190476191, "Gi\u00e1 T1/24": 61.64620728291316, "Gi\u00e1 T2/24": 57.57057703081231, "Gi\u00e1 T3/24": 77.68588165266107, "Gi\u00e1 T4/24": 73.79828501400561, "Gi\u00e1 T5/24": 108.8955714285714, "Gi\u00e1 T6/24": 85.01562394957982, "Gi\u00e1 T7/24": 86.12133333333333, "Gi\u00e1 T8/24": 86.75258753501402, "Gi\u00e1 T9/24": 93.95910084033615, "Gi\u00e1 T10/24": 123.51589915966387}