{"Gi\u00e1 T10/22": 99.07356239249849, "Gi\u00e1 T11/22": 104.52781279476226, "Gi\u00e1 T12/22": 121.03639682627754, "Gi\u00e1 T1/23": 93.47011263385676, "Gi\u00e1 T2/23": 96.39848776563282, "Gi\u00e1 T3/23": 97.63435776507797, "Gi\u00e1 T4/23": 101.02509460134274, "Gi\u00e1 T5/23": 102.19811157964821, "Gi\u00e1 T6/23": 114.12532347555899, "Gi\u00e1 T7/23": 113.55408394828831, "Gi\u00e1 T8/23": 97.5682011873717, "Gi\u00e1 T9/23": 106.61320146479498, "Gi\u00e1 T10/23": 96.92312156688676, "Gi\u00e1 T11/23": 100.69586556067249, "Gi\u00e1 T12/23": 109.10847583643121, "Gi\u00e1 T1/24": 106.8159790267991, "Gi\u00e1 T2/24": 118.77560450535427, "Gi\u00e1 T3/24": 135.34164595239417, "Gi\u00e1 T4/24": 177.1131204571936, "Gi\u00e1 T5/24": 172.0659612717084, "Gi\u00e1 T6/24": 176.87993619264273, "Gi\u00e1 T7/24": 177.27959801364923, "Gi\u00e1 T8/24": 181.22573822338126, "Gi\u00e1 T9/24": 168.4759310325695, "Gi\u00e1 T10/24": 190.78015729900685}