{"Gi\u00e1 T10/22": 101.39711693135622, "Gi\u00e1 T11/22": 106.94263768243107, "Gi\u00e1 T12/22": 123.8695593869732, "Gi\u00e1 T1/23": 95.42151457986022, "Gi\u00e1 T2/23": 98.36884399403354, "Gi\u00e1 T3/23": 99.86756690357112, "Gi\u00e1 T4/23": 103.31256310140097, "Gi\u00e1 T5/23": 104.42419364745108, "Gi\u00e1 T6/23": 116.63222836418939, "Gi\u00e1 T7/23": 116.29580781492207, "Gi\u00e1 T8/23": 99.81506536807932, "Gi\u00e1 T9/23": 109.00091149717763, "Gi\u00e1 T10/23": 99.1130437834518, "Gi\u00e1 T11/23": 103.04078690298617, "Gi\u00e1 T12/23": 111.45074800386065, "Gi\u00e1 T1/24": 109.24442236261005, "Gi\u00e1 T2/24": 121.5768267965254, "Gi\u00e1 T3/24": 138.53756661109648, "Gi\u00e1 T4/24": 181.6222755988418, "Gi\u00e1 T5/24": 176.42779620367935, "Gi\u00e1 T6/24": 181.29307244596532, "Gi\u00e1 T7/24": 181.44692930888246, "Gi\u00e1 T8/24": 185.76298324120384, "Gi\u00e1 T9/24": 172.63781887046298, "Gi\u00e1 T10/24": 195.28242066625722}