{"Gi\u00e1 T10/22": 72.56237496579278, "Gi\u00e1 T11/22": 70.83537452794046, "Gi\u00e1 T12/22": 74.78588747195009, "Gi\u00e1 T1/23": 76.5852611789174, "Gi\u00e1 T2/23": 66.16589907503695, "Gi\u00e1 T3/23": 77.39152334300258, "Gi\u00e1 T4/23": 56.2696318209184, "Gi\u00e1 T5/23": 71.86838279240327, "Gi\u00e1 T6/23": 68.88958748836954, "Gi\u00e1 T7/23": 59.16607065842045, "Gi\u00e1 T8/23": 64.48779470198677, "Gi\u00e1 T9/23": 66.46097219637677, "Gi\u00e1 T10/23": 77.0286534398774, "Gi\u00e1 T11/23": 89.77862722346889, "Gi\u00e1 T12/23": 96.615682392863, "Gi\u00e1 T1/24": 90.47698330687976, "Gi\u00e1 T2/24": 89.48290312517103, "Gi\u00e1 T3/24": 87.8023121339828, "Gi\u00e1 T4/24": 93.64083399923378, "Gi\u00e1 T5/24": 72.77879114443654, "Gi\u00e1 T6/24": 98.3776357615894, "Gi\u00e1 T7/24": 111.87891045919766, "Gi\u00e1 T8/24": 138.6532531333808, "Gi\u00e1 T9/24": 137.44427469760822, "Gi\u00e1 T10/24": 147.2578138580264}