{"Gi\u00e1 T10/22": 17.38285714285713, "Gi\u00e1 T11/22": 6.177857142857139, "Gi\u00e1 T12/22": 5.65785714285715, "Gi\u00e1 T1/23": 7.725714285714294, "Gi\u00e1 T2/23": 7.431428571428576, "Gi\u00e1 T3/23": 9.611428571428586, "Gi\u00e1 T4/23": 8.642857142857142, "Gi\u00e1 T5/23": 6.582857142857135, "Gi\u00e1 T6/23": 5.785714285714286, "Gi\u00e1 T7/23": 27.720714285714294, "Gi\u00e1 T8/23": 7.577857142857138, "Gi\u00e1 T9/23": 8.331428571428567, "Gi\u00e1 T10/23": 3.3028571428571403, "Gi\u00e1 T11/23": 2.4028571428571404, "Gi\u00e1 T12/23": 10.806428571428567, "Gi\u00e1 T1/24": 14.811428571428554, "Gi\u00e1 T2/24": 11.886428571428581, "Gi\u00e1 T3/24": 10.285714285714286, "Gi\u00e1 T4/24": 3.3028571428571403, "Gi\u00e1 T5/24": 0.05785714285714176, "Gi\u00e1 T6/24": 1.4464285714285714, "Gi\u00e1 T7/24": 0.18285714285714155, "Gi\u00e1 T8/24": 0.03500000000000028, "Gi\u00e1 T9/24": 2.745714285714288, "Gi\u00e1 T10/24": 1.857857142857149}