{"Gi\u00e1 T10/22": 26.565625000000008, "Gi\u00e1 T11/22": 24.574629209844556, "Gi\u00e1 T12/22": 26.161863665803114, "Gi\u00e1 T1/23": 28.076147452504316, "Gi\u00e1 T2/23": 25.13164345854922, "Gi\u00e1 T3/23": 24.964548791018995, "Gi\u00e1 T4/23": 21.67092022884283, "Gi\u00e1 T5/23": 23.209818652849744, "Gi\u00e1 T6/23": 21.57547441709844, "Gi\u00e1 T7/23": 29.477838946459418, "Gi\u00e1 T8/23": 25.41566871761658, "Gi\u00e1 T9/23": 26.60019484024179, "Gi\u00e1 T10/23": 24.14421308290155, "Gi\u00e1 T11/23": 27.242558829879098, "Gi\u00e1 T12/23": 25.14668609671848, "Gi\u00e1 T1/24": 30.723324697754748, "Gi\u00e1 T2/24": 36.4629819732297, "Gi\u00e1 T3/24": 34.02958009499137, "Gi\u00e1 T4/24": 35.24104544473231, "Gi\u00e1 T5/24": 32.48676327720207, "Gi\u00e1 T6/24": 36.028306347150256, "Gi\u00e1 T7/24": 40.74908570811744, "Gi\u00e1 T8/24": 38.766400582901554, "Gi\u00e1 T9/24": 43.79626457253886, "Gi\u00e1 T10/24": 49.40043609671849}