{"Gi\u00e1 T10/22": 34.49988214783822, "Gi\u00e1 T11/22": 36.5631129707113, "Gi\u00e1 T12/22": 36.71140794979079, "Gi\u00e1 T1/23": 38.794928695955385, "Gi\u00e1 T2/23": 41.54475575313809, "Gi\u00e1 T3/23": 42.20749721059972, "Gi\u00e1 T4/23": 46.48707095536961, "Gi\u00e1 T5/23": 51.258408472803346, "Gi\u00e1 T6/23": 52.3379482217573, "Gi\u00e1 T7/23": 39.88346164574616, "Gi\u00e1 T8/23": 46.76728016039052, "Gi\u00e1 T9/23": 46.04873064853557, "Gi\u00e1 T10/23": 43.1519579846583, "Gi\u00e1 T11/23": 46.8616290097629, "Gi\u00e1 T12/23": 46.794772489539746, "Gi\u00e1 T1/24": 45.79437656903766, "Gi\u00e1 T2/24": 49.59331938633193, "Gi\u00e1 T3/24": 57.639441945606684, "Gi\u00e1 T4/24": 68.39018131101814, "Gi\u00e1 T5/24": 64.5275228382148, "Gi\u00e1 T6/24": 69.46980735704324, "Gi\u00e1 T7/24": 59.12992398884241, "Gi\u00e1 T8/24": 73.20976830543934, "Gi\u00e1 T9/24": 80.8886818340307, "Gi\u00e1 T10/24": 78.21656624825665}