{"Gi\u00e1 T10/22": 328.89530841930605, "Gi\u00e1 T11/22": 206.66726064191485, "Gi\u00e1 T12/22": 236.07177308581532, "Gi\u00e1 T1/23": 511.25542057663546, "Gi\u00e1 T2/23": 225.94859105127165, "Gi\u00e1 T3/23": 272.5610781313749, "Gi\u00e1 T4/23": 577.5509152726778, "Gi\u00e1 T5/23": 927.8384723922208, "Gi\u00e1 T6/23": 384.11752345981233, "Gi\u00e1 T7/23": 867.0674133006934, "Gi\u00e1 T8/23": 788.6074187406501, "Gi\u00e1 T9/23": 544.6865211478308, "Gi\u00e1 T10/23": 647.3986903304773, "Gi\u00e1 T11/23": 429.4572701618388, "Gi\u00e1 T12/23": 749.7474962600301, "Gi\u00e1 T1/24": 482.4269046647627, "Gi\u00e1 T2/24": 510.35239052087593, "Gi\u00e1 T3/24": 885.5123269413846, "Gi\u00e1 T4/24": 374.48494900040805, "Gi\u00e1 T5/24": 370.67445770433835, "Gi\u00e1 T6/24": 452.5925537195703, "Gi\u00e1 T7/24": 496.47783047735624, "Gi\u00e1 T8/24": 476.5643856249151, "Gi\u00e1 T9/24": 423.34051271589834, "Gi\u00e1 T10/24": 864.0304351965183}