{"Gi\u00e1 T10/22": 26.456793007229535, "Gi\u00e1 T11/22": 24.50317528431911, "Gi\u00e1 T12/22": 25.76324694541919, "Gi\u00e1 T1/23": 27.542851223946222, "Gi\u00e1 T2/23": 25.377029552276664, "Gi\u00e1 T3/23": 25.329430516213588, "Gi\u00e1 T4/23": 22.260594427768147, "Gi\u00e1 T5/23": 23.467148564664104, "Gi\u00e1 T6/23": 21.973774151270447, "Gi\u00e1 T7/23": 29.838895911723675, "Gi\u00e1 T8/23": 25.15010780873462, "Gi\u00e1 T9/23": 26.80660550458715, "Gi\u00e1 T10/23": 24.204099479981394, "Gi\u00e1 T11/23": 27.039166279118923, "Gi\u00e1 T12/23": 24.4322574303471, "Gi\u00e1 T1/24": 29.580826110852744, "Gi\u00e1 T2/24": 34.9761391789625, "Gi\u00e1 T3/24": 33.11311398131316, "Gi\u00e1 T4/24": 35.27845199340465, "Gi\u00e1 T5/24": 33.124885004016406, "Gi\u00e1 T6/24": 36.72197543651968, "Gi\u00e1 T7/24": 41.16458208261108, "Gi\u00e1 T8/24": 40.20385342239885, "Gi\u00e1 T9/24": 44.85044434109838, "Gi\u00e1 T10/24": 50.43165433560226}