{"Gi\u00e1 T10/22": 27.26337273679486, "Gi\u00e1 T11/22": 25.532109830914255, "Gi\u00e1 T12/22": 27.247634295974866, "Gi\u00e1 T1/23": 29.147506733502915, "Gi\u00e1 T2/23": 25.894934909471793, "Gi\u00e1 T3/23": 25.564168786473136, "Gi\u00e1 T4/23": 22.57746633248541, "Gi\u00e1 T5/23": 24.09272632051474, "Gi\u00e1 T6/23": 22.401898473739333, "Gi\u00e1 T7/23": 30.431576761933268, "Gi\u00e1 T8/23": 26.462248615891067, "Gi\u00e1 T9/23": 27.65687079156067, "Gi\u00e1 T10/23": 24.566497082148732, "Gi\u00e1 T11/23": 28.29450845428699, "Gi\u00e1 T12/23": 26.242334281011523, "Gi\u00e1 T1/24": 31.85711357174921, "Gi\u00e1 T2/24": 37.67463227592398, "Gi\u00e1 T3/24": 34.77214723926381, "Gi\u00e1 T4/24": 36.55061948226845, "Gi\u00e1 T5/24": 34.012748765524464, "Gi\u00e1 T6/24": 37.621793730360615, "Gi\u00e1 T7/24": 42.35227742032021, "Gi\u00e1 T8/24": 39.726151054915455, "Gi\u00e1 T9/24": 45.11000860392039, "Gi\u00e1 T10/24": 52.025818868771516}