{"Gi\u00e1 T10/22": 7133.517967398537, "Gi\u00e1 T11/22": 7331.928791156426, "Gi\u00e1 T12/22": 6667.679788171405, "Gi\u00e1 T1/23": 6796.357441962921, "Gi\u00e1 T2/23": 7715.1342108575645, "Gi\u00e1 T3/23": 7915.858983744224, "Gi\u00e1 T4/23": 5416.4038471705235, "Gi\u00e1 T5/23": 5096.856393878909, "Gi\u00e1 T6/23": 5615.9032252611905, "Gi\u00e1 T7/23": 5585.217280394167, "Gi\u00e1 T8/23": 6136.967560734386, "Gi\u00e1 T9/23": 6109.064384833936, "Gi\u00e1 T10/23": 6644.3007196417975, "Gi\u00e1 T11/23": 6286.240501699303, "Gi\u00e1 T12/23": 6751.463657909408, "Gi\u00e1 T1/24": 6204.576455737173, "Gi\u00e1 T2/24": 5131.466786517055, "Gi\u00e1 T3/24": 6472.845370879861, "Gi\u00e1 T4/24": 6992.133552804303, "Gi\u00e1 T5/24": 8659.01514637392, "Gi\u00e1 T6/24": 8791.426513909119, "Gi\u00e1 T7/24": 8998.657047346747, "Gi\u00e1 T8/24": 9334.343762924602, "Gi\u00e1 T9/24": 9316.148449497401, "Gi\u00e1 T10/24": 9545.862753861647}