{"Gi\u00e1 T10/22": 27.17533875712448, "Gi\u00e1 T11/22": 25.18678985107556, "Gi\u00e1 T12/22": 27.045355763927198, "Gi\u00e1 T1/23": 28.74207942636514, "Gi\u00e1 T2/23": 25.475816786173926, "Gi\u00e1 T3/23": 25.42816464423607, "Gi\u00e1 T4/23": 22.342726144511857, "Gi\u00e1 T5/23": 23.8159638720353, "Gi\u00e1 T6/23": 22.26737635594778, "Gi\u00e1 T7/23": 30.495511583011588, "Gi\u00e1 T8/23": 26.1666648280934, "Gi\u00e1 T9/23": 27.442317981246546, "Gi\u00e1 T10/23": 24.449635502849784, "Gi\u00e1 T11/23": 28.23304421768707, "Gi\u00e1 T12/23": 25.819604247104248, "Gi\u00e1 T1/24": 31.4161776061776, "Gi\u00e1 T2/24": 36.883976374333514, "Gi\u00e1 T3/24": 33.78921263099835, "Gi\u00e1 T4/24": 35.88236808236809, "Gi\u00e1 T5/24": 33.326804100018386, "Gi\u00e1 T6/24": 36.983226236440515, "Gi\u00e1 T7/24": 41.372099191027765, "Gi\u00e1 T8/24": 39.180566280566275, "Gi\u00e1 T9/24": 43.819416712630996, "Gi\u00e1 T10/24": 49.76153474903476}