{"Gi\u00e1 T10/22": 23.71227118644067, "Gi\u00e1 T11/22": 28.30287853107347, "Gi\u00e1 T12/22": 28.516641242937855, "Gi\u00e1 T1/23": 19.412666666666667, "Gi\u00e1 T2/23": 18.309319209039554, "Gi\u00e1 T3/23": 22.585525423728814, "Gi\u00e1 T4/23": 21.123209039548037, "Gi\u00e1 T5/23": 22.22613276836159, "Gi\u00e1 T6/23": 23.693997175141238, "Gi\u00e1 T7/23": 32.58254237288136, "Gi\u00e1 T8/23": 17.017997175141225, "Gi\u00e1 T9/23": 14.952980225988696, "Gi\u00e1 T10/23": 16.986666666666675, "Gi\u00e1 T11/23": 19.862813559322046, "Gi\u00e1 T12/23": 25.091649717514127, "Gi\u00e1 T1/24": 26.61134463276837, "Gi\u00e1 T2/24": 24.634742937853115, "Gi\u00e1 T3/24": 23.43198870056498, "Gi\u00e1 T4/24": 30.448802259887003, "Gi\u00e1 T5/24": 39.00355649717513, "Gi\u00e1 T6/24": 29.80692372881357, "Gi\u00e1 T7/24": 29.37189548022599, "Gi\u00e1 T8/24": 33.29825988700565, "Gi\u00e1 T9/24": 32.698245762711885, "Gi\u00e1 T10/24": 24.699378531073442}