{"Gi\u00e1 T10/22": 45.6679254957359, "Gi\u00e1 T11/22": 41.81525113796892, "Gi\u00e1 T12/22": 41.47871998116465, "Gi\u00e1 T1/23": 40.64880474022916, "Gi\u00e1 T2/23": 43.27559148223722, "Gi\u00e1 T3/23": 47.36620389263852, "Gi\u00e1 T4/23": 45.571346727358346, "Gi\u00e1 T5/23": 49.928000754651265, "Gi\u00e1 T6/23": 44.30273478784074, "Gi\u00e1 T7/23": 41.4783948098153, "Gi\u00e1 T8/23": 44.828774917595354, "Gi\u00e1 T9/23": 42.89188353476691, "Gi\u00e1 T10/23": 45.803819651546064, "Gi\u00e1 T11/23": 54.81689870768587, "Gi\u00e1 T12/23": 52.21197797310731, "Gi\u00e1 T1/24": 50.22230183644639, "Gi\u00e1 T2/24": 43.5437309684508, "Gi\u00e1 T3/24": 44.32750274682153, "Gi\u00e1 T4/24": 59.64674880971068, "Gi\u00e1 T5/24": 52.18394888295924, "Gi\u00e1 T6/24": 65.44990163762884, "Gi\u00e1 T7/24": 71.61816276879611, "Gi\u00e1 T8/24": 77.9850214513682, "Gi\u00e1 T9/24": 76.83478103908335, "Gi\u00e1 T10/24": 77.97724192957673}