{"Gi\u00e1 T10/22": 71.06901471361009, "Gi\u00e1 T11/22": 70.39209810741603, "Gi\u00e1 T12/22": 73.11370392613168, "Gi\u00e1 T1/23": 75.16922607578677, "Gi\u00e1 T2/23": 64.88729487275731, "Gi\u00e1 T3/23": 74.9598124932229, "Gi\u00e1 T4/23": 55.135791982583896, "Gi\u00e1 T5/23": 70.50040591714003, "Gi\u00e1 T6/23": 67.32518033347513, "Gi\u00e1 T7/23": 57.97661803835215, "Gi\u00e1 T8/23": 62.69700814920469, "Gi\u00e1 T9/23": 65.10735209235209, "Gi\u00e1 T10/23": 74.8663970422641, "Gi\u00e1 T11/23": 87.55249209685627, "Gi\u00e1 T12/23": 93.60686735230087, "Gi\u00e1 T1/24": 87.51000450416636, "Gi\u00e1 T2/24": 87.07426131671797, "Gi\u00e1 T3/24": 84.87215791273593, "Gi\u00e1 T4/24": 90.53674853406069, "Gi\u00e1 T5/24": 70.14981570452669, "Gi\u00e1 T6/24": 94.43453899023264, "Gi\u00e1 T7/24": 107.84247428871709, "Gi\u00e1 T8/24": 133.7390342316643, "Gi\u00e1 T9/24": 132.1822393630775, "Gi\u00e1 T10/24": 141.62503407318437}