{"Gi\u00e1 T10/22": 57.0834270494229, "Gi\u00e1 T11/22": 52.023973491734665, "Gi\u00e1 T12/22": 58.5200636282924, "Gi\u00e1 T1/23": 63.16049887963471, "Gi\u00e1 T2/23": 60.99590411364309, "Gi\u00e1 T3/23": 74.97373610112882, "Gi\u00e1 T4/23": 74.02296474020207, "Gi\u00e1 T5/23": 71.45175685959498, "Gi\u00e1 T6/23": 66.09068870756353, "Gi\u00e1 T7/23": 71.79240096393691, "Gi\u00e1 T8/23": 71.40589269860061, "Gi\u00e1 T9/23": 55.37125375216673, "Gi\u00e1 T10/23": 56.3166086754323, "Gi\u00e1 T11/23": 55.842364182133345, "Gi\u00e1 T12/23": 56.098125607745324, "Gi\u00e1 T1/24": 64.5509544243859, "Gi\u00e1 T2/24": 60.710323637593525, "Gi\u00e1 T3/24": 74.4242728195155, "Gi\u00e1 T4/24": 69.97356698938826, "Gi\u00e1 T5/24": 100.35365915528683, "Gi\u00e1 T6/24": 79.52080095548132, "Gi\u00e1 T7/24": 78.29991227328456, "Gi\u00e1 T8/24": 83.59621464507674, "Gi\u00e1 T9/24": 91.66884031623897, "Gi\u00e1 T10/24": 117.33281127129753}