{"Gi\u00e1 T10/22": 2546.3742310901002, "Gi\u00e1 T11/22": 2274.3890315165, "Gi\u00e1 T12/22": 2461.18060882462, "Gi\u00e1 T1/23": 2183.683668242492, "Gi\u00e1 T2/23": 1918.3305290137191, "Gi\u00e1 T3/23": 1999.591929180571, "Gi\u00e1 T4/23": 1944.7533187801262, "Gi\u00e1 T5/23": 2053.2155242801464, "Gi\u00e1 T6/23": 1979.6785486651836, "Gi\u00e1 T7/23": 2050.1792726177237, "Gi\u00e1 T8/23": 1978.5616288468668, "Gi\u00e1 T9/23": 1884.886520022247, "Gi\u00e1 T10/23": 1942.785593529848, "Gi\u00e1 T11/23": 2210.066541249537, "Gi\u00e1 T12/23": 2613.8166916944756, "Gi\u00e1 T1/24": 2263.390844642195, "Gi\u00e1 T2/24": 2387.89695105673, "Gi\u00e1 T3/24": 2859.936879866518, "Gi\u00e1 T4/24": 3409.6953645717463, "Gi\u00e1 T5/24": 3603.390980904709, "Gi\u00e1 T6/24": 3885.219020671116, "Gi\u00e1 T7/24": 4208.078948090471, "Gi\u00e1 T8/24": 4390.951857434186, "Gi\u00e1 T9/24": 4579.12378318502, "Gi\u00e1 T10/24": 4766.4538893214685}