{"Gi\u00e1 T10/22": 11789.454004267423, "Gi\u00e1 T11/22": 11420.39699146515, "Gi\u00e1 T12/22": 12897.479921763872, "Gi\u00e1 T1/23": 7829.965092460882, "Gi\u00e1 T2/23": 6678.782965860598, "Gi\u00e1 T3/23": 8459.37174964438, "Gi\u00e1 T4/23": 7093.0274537695595, "Gi\u00e1 T5/23": 8350.376102418206, "Gi\u00e1 T6/23": 7465.142503556189, "Gi\u00e1 T7/23": 6369.873918918919, "Gi\u00e1 T8/23": 9689.283620199145, "Gi\u00e1 T9/23": 8409.422588904696, "Gi\u00e1 T10/23": 9460.551408250356, "Gi\u00e1 T11/23": 7955.175135135134, "Gi\u00e1 T12/23": 5246.624210526316, "Gi\u00e1 T1/24": 10332.674431009958, "Gi\u00e1 T2/24": 8017.109651493598, "Gi\u00e1 T3/24": 9245.570533428167, "Gi\u00e1 T4/24": 10930.016187766712, "Gi\u00e1 T5/24": 11527.247937411094, "Gi\u00e1 T6/24": 11681.066237553341, "Gi\u00e1 T7/24": 9685.53302987198, "Gi\u00e1 T8/24": 9505.574480796586, "Gi\u00e1 T9/24": 13279.14802987198, "Gi\u00e1 T10/24": 13913.288058321481}