{"Gi\u00e1 T10/22": 45.58419983935744, "Gi\u00e1 T11/22": 41.42201911646586, "Gi\u00e1 T12/22": 41.60467871485944, "Gi\u00e1 T1/23": 40.8995085943775, "Gi\u00e1 T2/23": 43.12064658634538, "Gi\u00e1 T3/23": 47.234515823293165, "Gi\u00e1 T4/23": 45.57064562248996, "Gi\u00e1 T5/23": 49.95379138954445, "Gi\u00e1 T6/23": 44.450493333333334, "Gi\u00e1 T7/23": 41.70170281124497, "Gi\u00e1 T8/23": 45.22365060240964, "Gi\u00e1 T9/23": 43.38060016064257, "Gi\u00e1 T10/23": 45.475216867469875, "Gi\u00e1 T11/23": 54.274818313253014, "Gi\u00e1 T12/23": 52.273188112449795, "Gi\u00e1 T1/24": 50.76102184738955, "Gi\u00e1 T2/24": 43.69977510040162, "Gi\u00e1 T3/24": 44.728128514056216, "Gi\u00e1 T4/24": 58.811241124498004, "Gi\u00e1 T5/24": 52.262831164658635, "Gi\u00e1 T6/24": 64.33378329317269, "Gi\u00e1 T7/24": 69.82649702811246, "Gi\u00e1 T8/24": 76.8861412048193, "Gi\u00e1 T9/24": 75.80817606425704, "Gi\u00e1 T10/24": 76.93696449799198}