{"Gi\u00e1 T10/22": 32.949026365162446, "Gi\u00e1 T11/22": 35.036099206741056, "Gi\u00e1 T12/22": 35.12993746091307, "Gi\u00e1 T1/23": 37.266286494848764, "Gi\u00e1 T2/23": 40.38627793686845, "Gi\u00e1 T3/23": 41.491665185477764, "Gi\u00e1 T4/23": 45.62918073796124, "Gi\u00e1 T5/23": 47.886604456732826, "Gi\u00e1 T6/23": 49.18564662124352, "Gi\u00e1 T7/23": 37.90473453803364, "Gi\u00e1 T8/23": 46.15597182449558, "Gi\u00e1 T9/23": 44.45501859714953, "Gi\u00e1 T10/23": 41.95474605839176, "Gi\u00e1 T11/23": 45.83317270662585, "Gi\u00e1 T12/23": 45.29117310160955, "Gi\u00e1 T1/24": 44.60622790559889, "Gi\u00e1 T2/24": 50.10004542312628, "Gi\u00e1 T3/24": 58.25544452124682, "Gi\u00e1 T4/24": 68.4523169085942, "Gi\u00e1 T5/24": 67.02302886672592, "Gi\u00e1 T6/24": 71.44267700207368, "Gi\u00e1 T7/24": 59.339274875744714, "Gi\u00e1 T8/24": 75.41303972877786, "Gi\u00e1 T9/24": 80.28640136927687, "Gi\u00e1 T10/24": 76.99443533787567}