{"Gi\u00e1 T10/22": 71.52312658976635, "Gi\u00e1 T11/22": 70.27710788228335, "Gi\u00e1 T12/22": 73.22386032238983, "Gi\u00e1 T1/23": 76.03969415483584, "Gi\u00e1 T2/23": 65.41754538228335, "Gi\u00e1 T3/23": 75.86761030390417, "Gi\u00e1 T4/23": 55.94489433599527, "Gi\u00e1 T5/23": 71.50495238095239, "Gi\u00e1 T6/23": 67.8433598787341, "Gi\u00e1 T7/23": 58.35407806492162, "Gi\u00e1 T8/23": 63.505010629251714, "Gi\u00e1 T9/23": 65.78521441511387, "Gi\u00e1 T10/23": 75.43894023587697, "Gi\u00e1 T11/23": 87.43399940845904, "Gi\u00e1 T12/23": 94.09739367051168, "Gi\u00e1 T1/24": 88.21830553090803, "Gi\u00e1 T2/24": 88.51176232993197, "Gi\u00e1 T3/24": 85.90830299837324, "Gi\u00e1 T4/24": 91.34062318840581, "Gi\u00e1 T5/24": 70.88670215912451, "Gi\u00e1 T6/24": 94.69724393670512, "Gi\u00e1 T7/24": 108.54425774548952, "Gi\u00e1 T8/24": 134.76175451049986, "Gi\u00e1 T9/24": 133.32766992014197, "Gi\u00e1 T10/24": 143.25032340653652}