{"Gi\u00e1 T10/22": 51.58406792645557, "Gi\u00e1 T11/22": 47.71159090909091, "Gi\u00e1 T12/22": 55.74547497446374, "Gi\u00e1 T1/23": 56.57199438202247, "Gi\u00e1 T2/23": 55.018066905005114, "Gi\u00e1 T3/23": 64.04599591419816, "Gi\u00e1 T4/23": 67.75199438202246, "Gi\u00e1 T5/23": 65.15377170582228, "Gi\u00e1 T6/23": 59.83451736465781, "Gi\u00e1 T7/23": 66.11441777323799, "Gi\u00e1 T8/23": 62.271654749744656, "Gi\u00e1 T9/23": 48.69320480081715, "Gi\u00e1 T10/23": 50.80335291113382, "Gi\u00e1 T11/23": 51.69448927477017, "Gi\u00e1 T12/23": 48.897497446373855, "Gi\u00e1 T1/24": 54.70240040858018, "Gi\u00e1 T2/24": 51.37221654749744, "Gi\u00e1 T3/24": 66.08313585291116, "Gi\u00e1 T4/24": 64.06768130745661, "Gi\u00e1 T5/24": 93.51762768130746, "Gi\u00e1 T6/24": 69.5311797752809, "Gi\u00e1 T7/24": 74.60679009193053, "Gi\u00e1 T8/24": 85.57309499489274, "Gi\u00e1 T9/24": 87.0055541368744, "Gi\u00e1 T10/24": 119.97679775280899}