{"Gi\u00e1 T10/22": 254.5590649119517, "Gi\u00e1 T11/22": 359.7557456067777, "Gi\u00e1 T12/22": 261.4672151437933, "Gi\u00e1 T1/23": 289.341414968763, "Gi\u00e1 T2/23": 280.1279590223311, "Gi\u00e1 T3/23": 296.63220497659523, "Gi\u00e1 T4/23": 231.80699159413575, "Gi\u00e1 T5/23": 250.13847843193494, "Gi\u00e1 T6/23": 229.36062349008833, "Gi\u00e1 T7/23": 256.33096968961553, "Gi\u00e1 T8/23": 323.0475474990164, "Gi\u00e1 T9/23": 322.0187946446628, "Gi\u00e1 T10/23": 322.4311335598431, "Gi\u00e1 T11/23": 254.8149767055337, "Gi\u00e1 T12/23": 297.6839694542807, "Gi\u00e1 T1/24": 280.03326111497205, "Gi\u00e1 T2/24": 281.70165942276793, "Gi\u00e1 T3/24": 321.2780791533831, "Gi\u00e1 T4/24": 336.744085705986, "Gi\u00e1 T5/24": 365.52453423937226, "Gi\u00e1 T6/24": 383.6036309950617, "Gi\u00e1 T7/24": 461.6843624449813, "Gi\u00e1 T8/24": 484.8992103047218, "Gi\u00e1 T9/24": 525.06823311381, "Gi\u00e1 T10/24": 511.7741407522623}