{"Gi\u00e1 T10/22": 598.0604166666667, "Gi\u00e1 T11/22": 252.79695075757573, "Gi\u00e1 T12/22": 473.12028409090885, "Gi\u00e1 T1/23": 436.3711363636364, "Gi\u00e1 T2/23": 381.05028409090886, "Gi\u00e1 T3/23": 576.7035984848485, "Gi\u00e1 T4/23": 167.13484848484848, "Gi\u00e1 T5/23": 1498.8168939393931, "Gi\u00e1 T6/23": 836.342670454545, "Gi\u00e1 T7/23": 224.22609848484836, "Gi\u00e1 T8/23": 409.2532007575758, "Gi\u00e1 T9/23": 321.1449621212122, "Gi\u00e1 T10/23": 453.3138257575756, "Gi\u00e1 T11/23": 385.8466666666664, "Gi\u00e1 T12/23": 811.7326704545453, "Gi\u00e1 T1/24": 1972.9834280303028, "Gi\u00e1 T2/24": 1713.2338257575766, "Gi\u00e1 T3/24": 1618.5649621212121, "Gi\u00e1 T4/24": 1007.8944507575759, "Gi\u00e1 T5/24": 674.3075189393936, "Gi\u00e1 T6/24": 1965.768087121212, "Gi\u00e1 T7/24": 1686.5913257575762, "Gi\u00e1 T8/24": 4417.79465909091, "Gi\u00e1 T9/24": 2145.115303030304, "Gi\u00e1 T10/24": 2258.8015530303037}