{"Gi\u00e1 T10/22": 3435.286004784689, "Gi\u00e1 T11/22": 3266.1335402696577, "Gi\u00e1 T12/22": 3723.685049516765, "Gi\u00e1 T1/23": 2402.7799022789645, "Gi\u00e1 T2/23": 1916.0148966710417, "Gi\u00e1 T3/23": 2480.144801932943, "Gi\u00e1 T4/23": 2207.9459821023743, "Gi\u00e1 T5/23": 2638.3442621405557, "Gi\u00e1 T6/23": 2207.167383963728, "Gi\u00e1 T7/23": 2092.712454361055, "Gi\u00e1 T8/23": 2959.950840711132, "Gi\u00e1 T9/23": 2503.3265605536335, "Gi\u00e1 T10/23": 2852.1813011573795, "Gi\u00e1 T11/23": 2297.3250577496715, "Gi\u00e1 T12/23": 1757.0502947142347, "Gi\u00e1 T1/24": 3021.366381100108, "Gi\u00e1 T2/24": 2373.4455883546116, "Gi\u00e1 T3/24": 2873.4939410571533, "Gi\u00e1 T4/24": 3167.5336390645502, "Gi\u00e1 T5/24": 3311.089135544684, "Gi\u00e1 T6/24": 3352.5624637871374, "Gi\u00e1 T7/24": 2848.216864455316, "Gi\u00e1 T8/24": 2780.940540388975, "Gi\u00e1 T9/24": 3819.6764205942018, "Gi\u00e1 T10/24": 4142.648438611144}