{"Gi\u00e1 T10/22": 71.8974558741389, "Gi\u00e1 T11/22": 70.57603798175387, "Gi\u00e1 T12/22": 74.45364957642897, "Gi\u00e1 T1/23": 77.67961645876001, "Gi\u00e1 T2/23": 66.00207519549433, "Gi\u00e1 T3/23": 76.01404123999257, "Gi\u00e1 T4/23": 56.36664196611432, "Gi\u00e1 T5/23": 71.0994501722212, "Gi\u00e1 T6/23": 67.88124511264196, "Gi\u00e1 T7/23": 58.98001107801155, "Gi\u00e1 T8/23": 63.784215881586306, "Gi\u00e1 T9/23": 66.1334868739527, "Gi\u00e1 T10/23": 76.32431984267363, "Gi\u00e1 T11/23": 88.86232822100169, "Gi\u00e1 T12/23": 96.0357998277788, "Gi\u00e1 T1/24": 89.4957490225284, "Gi\u00e1 T2/24": 88.8265808741389, "Gi\u00e1 T3/24": 87.00672405045614, "Gi\u00e1 T4/24": 92.7519730962577, "Gi\u00e1 T5/24": 71.65494374883635, "Gi\u00e1 T6/24": 96.83485698659467, "Gi\u00e1 T7/24": 110.00349273878237, "Gi\u00e1 T8/24": 135.9468692748092, "Gi\u00e1 T9/24": 134.49823273133495, "Gi\u00e1 T10/24": 143.77895326754796}