{"Gi\u00e1 T10/22": 120.88513080853286, "Gi\u00e1 T11/22": 115.35817847020213, "Gi\u00e1 T12/22": 137.195505333035, "Gi\u00e1 T1/23": 118.12567464757217, "Gi\u00e1 T2/23": 115.64356343701053, "Gi\u00e1 T3/23": 131.77829939583802, "Gi\u00e1 T4/23": 126.50292235399417, "Gi\u00e1 T5/23": 122.29351225106288, "Gi\u00e1 T6/23": 126.05084946296711, "Gi\u00e1 T7/23": 141.5882910979339, "Gi\u00e1 T8/23": 123.58296925113748, "Gi\u00e1 T9/23": 114.38941896024463, "Gi\u00e1 T10/23": 108.83179374580445, "Gi\u00e1 T11/23": 111.76151077795183, "Gi\u00e1 T12/23": 120.28158275527709, "Gi\u00e1 T1/24": 131.21217488998286, "Gi\u00e1 T2/24": 131.43955237935407, "Gi\u00e1 T3/24": 154.91565600059673, "Gi\u00e1 T4/24": 176.97311245990903, "Gi\u00e1 T5/24": 210.6044793764451, "Gi\u00e1 T6/24": 183.20210328559708, "Gi\u00e1 T7/24": 188.03509948161405, "Gi\u00e1 T8/24": 188.32828736853884, "Gi\u00e1 T9/24": 180.20156149772507, "Gi\u00e1 T10/24": 224.72075324457376}