{"Gi\u00e1 T10/22": 4274.691704651473, "Gi\u00e1 T11/22": 3694.226066906571, "Gi\u00e1 T12/22": 4096.980928961749, "Gi\u00e1 T1/23": 3467.352104491537, "Gi\u00e1 T2/23": 3027.000439824071, "Gi\u00e1 T3/23": 3189.2380061308813, "Gi\u00e1 T4/23": 3017.7339784086366, "Gi\u00e1 T5/23": 3071.784151672664, "Gi\u00e1 T6/23": 3118.650923630548, "Gi\u00e1 T7/23": 3248.397410369186, "Gi\u00e1 T8/23": 2941.805075303212, "Gi\u00e1 T9/23": 2884.867606290817, "Gi\u00e1 T10/23": 3029.268609889378, "Gi\u00e1 T11/23": 3404.343578568573, "Gi\u00e1 T12/23": 3990.471940557111, "Gi\u00e1 T1/24": 3425.4372570971614, "Gi\u00e1 T2/24": 3655.4860709049717, "Gi\u00e1 T3/24": 4334.6184099693455, "Gi\u00e1 T4/24": 5175.411667333066, "Gi\u00e1 T5/24": 5402.068353991736, "Gi\u00e1 T6/24": 5809.429565507131, "Gi\u00e1 T7/24": 6160.284671464748, "Gi\u00e1 T8/24": 6485.314671464747, "Gi\u00e1 T9/24": 6828.893639877382, "Gi\u00e1 T10/24": 7154.716802612288}