{"Gi\u00e1 T10/22": 1378.4624334280427, "Gi\u00e1 T11/22": 1416.9845963529078, "Gi\u00e1 T12/22": 1201.4328772544825, "Gi\u00e1 T1/23": 1178.4829660303333, "Gi\u00e1 T2/23": 1377.1929663266167, "Gi\u00e1 T3/23": 1346.0885968643865, "Gi\u00e1 T4/23": 1178.8491622042234, "Gi\u00e1 T5/23": 1479.2532332935168, "Gi\u00e1 T6/23": 1367.4634680902823, "Gi\u00e1 T7/23": 1205.1157849793694, "Gi\u00e1 T8/23": 1424.3940603607173, "Gi\u00e1 T9/23": 1285.5863635272067, "Gi\u00e1 T10/23": 1198.4702547413135, "Gi\u00e1 T11/23": 1374.8618045215958, "Gi\u00e1 T12/23": 1333.1573608481813, "Gi\u00e1 T1/24": 1531.3674798917161, "Gi\u00e1 T2/24": 1519.019750046002, "Gi\u00e1 T3/24": 1417.9946266517798, "Gi\u00e1 T4/24": 1447.1570785369215, "Gi\u00e1 T5/24": 1668.441126297799, "Gi\u00e1 T6/24": 1713.9282128187774, "Gi\u00e1 T7/24": 1806.6104510992113, "Gi\u00e1 T8/24": 2235.6442155976038, "Gi\u00e1 T9/24": 2037.9701348868978, "Gi\u00e1 T10/24": 2060.4730383546603}