{"Gi\u00e1 T10/22": 2536.0376212662877, "Gi\u00e1 T11/22": 2256.590270565942, "Gi\u00e1 T12/22": 2434.7656303112, "Gi\u00e1 T1/23": 2137.6834927425816, "Gi\u00e1 T2/23": 1896.0517467619998, "Gi\u00e1 T3/23": 1975.9245491218817, "Gi\u00e1 T4/23": 1915.0974917462736, "Gi\u00e1 T5/23": 2019.353727562824, "Gi\u00e1 T6/23": 1952.712740530192, "Gi\u00e1 T7/23": 2028.9069572564422, "Gi\u00e1 T8/23": 1871.8977270507335, "Gi\u00e1 T9/23": 1858.958457285745, "Gi\u00e1 T10/23": 1921.3489069917366, "Gi\u00e1 T11/23": 2181.829747504347, "Gi\u00e1 T12/23": 2538.4162217468597, "Gi\u00e1 T1/24": 2229.084579597179, "Gi\u00e1 T2/24": 2356.221017210729, "Gi\u00e1 T3/24": 2813.5553258512573, "Gi\u00e1 T4/24": 3324.4805763933655, "Gi\u00e1 T5/24": 3527.3059802887337, "Gi\u00e1 T6/24": 3808.4441804879957, "Gi\u00e1 T7/24": 4134.242101721073, "Gi\u00e1 T8/24": 4318.563848483072, "Gi\u00e1 T9/24": 4507.9630199847625, "Gi\u00e1 T10/24": 4709.526878137881}