{"Gi\u00e1 T10/22": 2897.2476081319696, "Gi\u00e1 T11/22": 2939.2185681811566, "Gi\u00e1 T12/22": 2777.6006425256637, "Gi\u00e1 T1/23": 2735.5792320412716, "Gi\u00e1 T2/23": 2944.6739640155815, "Gi\u00e1 T3/23": 2989.9634884040506, "Gi\u00e1 T4/23": 2261.0773908268848, "Gi\u00e1 T5/23": 2246.3673333651604, "Gi\u00e1 T6/23": 2362.389671749903, "Gi\u00e1 T7/23": 2370.46392926558, "Gi\u00e1 T8/23": 2504.942653740225, "Gi\u00e1 T9/23": 2502.257396940742, "Gi\u00e1 T10/23": 2649.5970157853976, "Gi\u00e1 T11/23": 2650.9781173977094, "Gi\u00e1 T12/23": 2868.1899164090114, "Gi\u00e1 T1/24": 2661.3053486820268, "Gi\u00e1 T2/24": 2409.603278122289, "Gi\u00e1 T3/24": 2993.8575976033676, "Gi\u00e1 T4/24": 3378.093499991266, "Gi\u00e1 T5/24": 3774.594578231174, "Gi\u00e1 T6/24": 3919.5693428243694, "Gi\u00e1 T7/24": 4100.226197122411, "Gi\u00e1 T8/24": 4218.53709931816, "Gi\u00e1 T9/24": 4236.359392457247, "Gi\u00e1 T10/24": 4471.2536514868325}