{"Gi\u00e1 T10/22": 384.58814971972754, "Gi\u00e1 T11/22": 558.1499023366082, "Gi\u00e1 T12/22": 391.59234830128787, "Gi\u00e1 T1/23": 442.528362867418, "Gi\u00e1 T2/23": 435.48463048239006, "Gi\u00e1 T3/23": 450.3622056938501, "Gi\u00e1 T4/23": 358.7443184256524, "Gi\u00e1 T5/23": 377.7642968677797, "Gi\u00e1 T6/23": 343.5019007895847, "Gi\u00e1 T7/23": 400.85784125931735, "Gi\u00e1 T8/23": 513.9381721013401, "Gi\u00e1 T9/23": 498.97389492295014, "Gi\u00e1 T10/23": 490.9244742330179, "Gi\u00e1 T11/23": 378.02246077190443, "Gi\u00e1 T12/23": 444.38815014164305, "Gi\u00e1 T1/24": 421.0261245454363, "Gi\u00e1 T2/24": 428.35870341349727, "Gi\u00e1 T3/24": 491.0058910654371, "Gi\u00e1 T4/24": 521.4525420609567, "Gi\u00e1 T5/24": 579.6865286199345, "Gi\u00e1 T6/24": 590.345250075342, "Gi\u00e1 T7/24": 711.9337409438853, "Gi\u00e1 T8/24": 730.7429783416712, "Gi\u00e1 T9/24": 796.5143394410624, "Gi\u00e1 T10/24": 765.1564387117513}