{"Gi\u00e1 T10/22": 2578.4830764123676, "Gi\u00e1 T11/22": 2293.1695553762397, "Gi\u00e1 T12/22": 2474.9829799903987, "Gi\u00e1 T1/23": 2172.9190264853987, "Gi\u00e1 T2/23": 1926.4262591544693, "Gi\u00e1 T3/23": 2007.4013888236316, "Gi\u00e1 T4/23": 1945.3325332216582, "Gi\u00e1 T5/23": 2052.4421271893657, "Gi\u00e1 T6/23": 1984.0776818892168, "Gi\u00e1 T7/23": 2061.6814854498843, "Gi\u00e1 T8/23": 1901.9579349968847, "Gi\u00e1 T9/23": 1888.7146994474122, "Gi\u00e1 T10/23": 1952.1973993646773, "Gi\u00e1 T11/23": 2216.7542023227074, "Gi\u00e1 T12/23": 2580.1700809985396, "Gi\u00e1 T1/24": 2264.9876878134482, "Gi\u00e1 T2/24": 2394.3019958530385, "Gi\u00e1 T3/24": 2858.9008186674564, "Gi\u00e1 T4/24": 3380.1585224150435, "Gi\u00e1 T5/24": 3584.659822783776, "Gi\u00e1 T6/24": 3870.2806280706413, "Gi\u00e1 T7/24": 4201.43693993034, "Gi\u00e1 T8/24": 4388.686395718211, "Gi\u00e1 T9/24": 4580.878440395085, "Gi\u00e1 T10/24": 4786.037928766228}