{"Gi\u00e1 T10/22": 101.75845129195132, "Gi\u00e1 T11/22": 107.37848693198694, "Gi\u00e1 T12/22": 124.53699376299377, "Gi\u00e1 T1/23": 95.94211983961986, "Gi\u00e1 T2/23": 98.87702643302646, "Gi\u00e1 T3/23": 100.325412978913, "Gi\u00e1 T4/23": 103.664615978616, "Gi\u00e1 T5/23": 104.82667894267892, "Gi\u00e1 T6/23": 117.1410371250371, "Gi\u00e1 T7/23": 116.89934303534305, "Gi\u00e1 T8/23": 100.09071636471637, "Gi\u00e1 T9/23": 109.35484927234927, "Gi\u00e1 T10/23": 99.41832773982775, "Gi\u00e1 T11/23": 103.28727932877933, "Gi\u00e1 T12/23": 112.00285951885951, "Gi\u00e1 T1/24": 109.66111137511139, "Gi\u00e1 T2/24": 121.84725274725275, "Gi\u00e1 T3/24": 138.78392322542322, "Gi\u00e1 T4/24": 182.00625245025245, "Gi\u00e1 T5/24": 176.7980366795367, "Gi\u00e1 T6/24": 181.7070464805465, "Gi\u00e1 T7/24": 182.14306741906742, "Gi\u00e1 T8/24": 186.04837704187707, "Gi\u00e1 T9/24": 172.95309697059696, "Gi\u00e1 T10/24": 195.60550920700922}