{"Gi\u00e1 T10/22": 4404.925953708078, "Gi\u00e1 T11/22": 3834.3894133207373, "Gi\u00e1 T12/22": 4236.016070382617, "Gi\u00e1 T1/23": 3719.1317694851205, "Gi\u00e1 T2/23": 3254.8040647142184, "Gi\u00e1 T3/23": 3378.133965044875, "Gi\u00e1 T4/23": 3231.5485181861127, "Gi\u00e1 T5/23": 3398.410288615966, "Gi\u00e1 T6/23": 3322.7778332546054, "Gi\u00e1 T7/23": 3508.3916358053857, "Gi\u00e1 T8/23": 3144.5514596126595, "Gi\u00e1 T9/23": 3135.9692645252717, "Gi\u00e1 T10/23": 3235.81741568257, "Gi\u00e1 T11/23": 3701.1075186584794, "Gi\u00e1 T12/23": 4332.793183278224, "Gi\u00e1 T1/24": 3777.0676565895137, "Gi\u00e1 T2/24": 3991.270851204535, "Gi\u00e1 T3/24": 4585.672260746339, "Gi\u00e1 T4/24": 5500.900707132735, "Gi\u00e1 T5/24": 5703.885559282003, "Gi\u00e1 T6/24": 6151.845033538026, "Gi\u00e1 T7/24": 6671.6363778932455, "Gi\u00e1 T8/24": 6916.431070854984, "Gi\u00e1 T9/24": 7073.420954180444, "Gi\u00e1 T10/24": 7772.112478507322}