{"Gi\u00e1 T10/22": 26.521207333530832, "Gi\u00e1 T11/22": 24.530300187617254, "Gi\u00e1 T12/22": 25.914298410190582, "Gi\u00e1 T1/23": 27.845402718804515, "Gi\u00e1 T2/23": 25.423734900102037, "Gi\u00e1 T3/23": 25.154805964253974, "Gi\u00e1 T4/23": 21.545300023040717, "Gi\u00e1 T5/23": 23.011046706823347, "Gi\u00e1 T6/23": 21.344562061814948, "Gi\u00e1 T7/23": 29.298602745136765, "Gi\u00e1 T8/23": 25.03223165794411, "Gi\u00e1 T9/23": 26.585077515552477, "Gi\u00e1 T10/23": 24.178179125111086, "Gi\u00e1 T11/23": 26.86171093775715, "Gi\u00e1 T12/23": 24.440393008788387, "Gi\u00e1 T1/24": 30.337837464204597, "Gi\u00e1 T2/24": 35.89747276258187, "Gi\u00e1 T3/24": 33.58591290609263, "Gi\u00e1 T4/24": 36.025952733616414, "Gi\u00e1 T5/24": 32.91588525723314, "Gi\u00e1 T6/24": 36.74461275139067, "Gi\u00e1 T7/24": 40.441056252262925, "Gi\u00e1 T8/24": 39.731922912346526, "Gi\u00e1 T9/24": 44.11289095158158, "Gi\u00e1 T10/24": 49.507776570883124}