{"Gi\u00e1 T10/22": 55.73814385353095, "Gi\u00e1 T11/22": 51.54579046788724, "Gi\u00e1 T12/22": 57.91521795989538, "Gi\u00e1 T1/23": 62.21872856727695, "Gi\u00e1 T2/23": 59.930034582970066, "Gi\u00e1 T3/23": 74.54814908456844, "Gi\u00e1 T4/23": 74.08730485324033, "Gi\u00e1 T5/23": 71.3589386806161, "Gi\u00e1 T6/23": 66.28418715489684, "Gi\u00e1 T7/23": 72.1964664341761, "Gi\u00e1 T8/23": 70.83213484452196, "Gi\u00e1 T9/23": 55.47763004940423, "Gi\u00e1 T10/23": 56.16516012786982, "Gi\u00e1 T11/23": 55.148069747166524, "Gi\u00e1 T12/23": 55.08021156640512, "Gi\u00e1 T1/24": 63.217851787271144, "Gi\u00e1 T2/24": 59.278815751235086, "Gi\u00e1 T3/24": 71.95300668410347, "Gi\u00e1 T4/24": 67.46699099099101, "Gi\u00e1 T5/24": 97.36711304853237, "Gi\u00e1 T6/24": 77.48693432141819, "Gi\u00e1 T7/24": 76.17426474861958, "Gi\u00e1 T8/24": 78.35656843940716, "Gi\u00e1 T9/24": 87.52150799186285, "Gi\u00e1 T10/24": 113.22531705899449}