{"Gi\u00e1 T10/22": 3040.0549268745854, "Gi\u00e1 T11/22": 2691.989793497014, "Gi\u00e1 T12/22": 2965.457358991374, "Gi\u00e1 T1/23": 2600.354083078965, "Gi\u00e1 T2/23": 2279.605164432648, "Gi\u00e1 T3/23": 2369.1160286662243, "Gi\u00e1 T4/23": 2290.7231248838752, "Gi\u00e1 T5/23": 2443.74636816761, "Gi\u00e1 T6/23": 2355.0850784339746, "Gi\u00e1 T7/23": 2458.2848042468486, "Gi\u00e1 T8/23": 2156.5693502322497, "Gi\u00e1 T9/23": 2216.834304711347, "Gi\u00e1 T10/23": 2296.776572528202, "Gi\u00e1 T11/23": 2630.71258341075, "Gi\u00e1 T12/23": 2815.054507498341, "Gi\u00e1 T1/24": 2669.9140477770407, "Gi\u00e1 T2/24": 2808.4154710019907, "Gi\u00e1 T3/24": 3339.9242635700066, "Gi\u00e1 T4/24": 3931.4611819508955, "Gi\u00e1 T5/24": 4160.64655023225, "Gi\u00e1 T6/24": 4479.638786463172, "Gi\u00e1 T7/24": 4874.235755009954, "Gi\u00e1 T8/24": 5049.7925088254815, "Gi\u00e1 T9/24": 5156.335062242866, "Gi\u00e1 T10/24": 5506.99162123424}