{"Gi\u00e1 T10/22": 4505.779788823738, "Gi\u00e1 T11/22": 4569.887964463397, "Gi\u00e1 T12/22": 4298.409422885572, "Gi\u00e1 T1/23": 4444.015155294954, "Gi\u00e1 T2/23": 4799.159422085999, "Gi\u00e1 T3/23": 4874.803995646766, "Gi\u00e1 T4/23": 3533.39826297086, "Gi\u00e1 T5/23": 3377.050766791045, "Gi\u00e1 T6/23": 3673.714498578536, "Gi\u00e1 T7/23": 3645.838962331201, "Gi\u00e1 T8/23": 4037.1076289978673, "Gi\u00e1 T9/23": 4067.8276111407254, "Gi\u00e1 T10/23": 4251.097313432836, "Gi\u00e1 T11/23": 4083.9165145700067, "Gi\u00e1 T12/23": 4394.618777185501, "Gi\u00e1 T1/24": 4101.339341062544, "Gi\u00e1 T2/24": 3529.548042288557, "Gi\u00e1 T3/24": 4246.188872778962, "Gi\u00e1 T4/24": 4686.161660891969, "Gi\u00e1 T5/24": 5702.846257906895, "Gi\u00e1 T6/24": 5968.304317608387, "Gi\u00e1 T7/24": 6134.204340796019, "Gi\u00e1 T8/24": 6201.251238717129, "Gi\u00e1 T9/24": 6343.595061478322, "Gi\u00e1 T10/24": 6686.755725657427}