{"Gi\u00e1 T10/22": 3913.29593902439, "Gi\u00e1 T11/22": 4998.95093902439, "Gi\u00e1 T12/22": 3591.6618780487806, "Gi\u00e1 T1/23": 4262.912975609755, "Gi\u00e1 T2/23": 4142.958195121952, "Gi\u00e1 T3/23": 4150.77812195122, "Gi\u00e1 T4/23": 3127.8180243902434, "Gi\u00e1 T5/23": 3304.1180487804877, "Gi\u00e1 T6/23": 2966.1320121951217, "Gi\u00e1 T7/23": 3560.3752560975613, "Gi\u00e1 T8/23": 4914.637195121951, "Gi\u00e1 T9/23": 4443.722743902438, "Gi\u00e1 T10/23": 4292.932743902439, "Gi\u00e1 T11/23": 3311.7437195121947, "Gi\u00e1 T12/23": 3844.1573780487806, "Gi\u00e1 T1/24": 3658.880548780488, "Gi\u00e1 T2/24": 4017.2413048780486, "Gi\u00e1 T3/24": 4447.47337804878, "Gi\u00e1 T4/24": 4687.533487804878, "Gi\u00e1 T5/24": 5385.984719512195, "Gi\u00e1 T6/24": 5334.530475609757, "Gi\u00e1 T7/24": 6446.030304878049, "Gi\u00e1 T8/24": 6225.570719512196, "Gi\u00e1 T9/24": 6798.660780487804, "Gi\u00e1 T10/24": 6465.832975609756}