{"Gi\u00e1 T10/22": 121.5073289431718, "Gi\u00e1 T11/22": 114.72992082700138, "Gi\u00e1 T12/22": 137.32600795482261, "Gi\u00e1 T1/23": 118.41721918913342, "Gi\u00e1 T2/23": 115.45093337836065, "Gi\u00e1 T3/23": 132.02430704864824, "Gi\u00e1 T4/23": 126.41311889082755, "Gi\u00e1 T5/23": 121.70454681900902, "Gi\u00e1 T6/23": 126.23442787189734, "Gi\u00e1 T7/23": 141.62133674790343, "Gi\u00e1 T8/23": 122.74644622052121, "Gi\u00e1 T9/23": 115.15075214348697, "Gi\u00e1 T10/23": 106.99665634791093, "Gi\u00e1 T11/23": 111.498209789685, "Gi\u00e1 T12/23": 119.78674396352788, "Gi\u00e1 T1/24": 128.50121742556425, "Gi\u00e1 T2/24": 130.4409737153149, "Gi\u00e1 T3/24": 155.37363670475227, "Gi\u00e1 T4/24": 177.74577418810156, "Gi\u00e1 T5/24": 208.90439410142397, "Gi\u00e1 T6/24": 182.16221947055402, "Gi\u00e1 T7/24": 186.39091011425674, "Gi\u00e1 T8/24": 188.89624603665976, "Gi\u00e1 T9/24": 178.19886700061915, "Gi\u00e1 T10/24": 222.7012722087766}