{"Gi\u00e1 T10/22": 383.44096817492965, "Gi\u00e1 T11/22": 571.033052320127, "Gi\u00e1 T12/22": 394.33139164321284, "Gi\u00e1 T1/23": 445.11528278126576, "Gi\u00e1 T2/23": 441.36577733275607, "Gi\u00e1 T3/23": 457.35501353106736, "Gi\u00e1 T4/23": 362.4845128094104, "Gi\u00e1 T5/23": 383.58254914483655, "Gi\u00e1 T6/23": 349.2493046113877, "Gi\u00e1 T7/23": 409.10587959154225, "Gi\u00e1 T8/23": 525.4651195063867, "Gi\u00e1 T9/23": 510.3375672945081, "Gi\u00e1 T10/23": 503.2386389550408, "Gi\u00e1 T11/23": 381.5619047052031, "Gi\u00e1 T12/23": 449.17189813812513, "Gi\u00e1 T1/24": 426.33781727646675, "Gi\u00e1 T2/24": 432.8685033557047, "Gi\u00e1 T3/24": 500.74468672872916, "Gi\u00e1 T4/24": 529.0433329003392, "Gi\u00e1 T5/24": 590.9397821678574, "Gi\u00e1 T6/24": 602.7030552428376, "Gi\u00e1 T7/24": 730.978741177744, "Gi\u00e1 T8/24": 751.3576712852711, "Gi\u00e1 T9/24": 820.677701522696, "Gi\u00e1 T10/24": 786.3240397632966}