{"Gi\u00e1 T10/22": 3389.4160995378597, "Gi\u00e1 T11/22": 3221.6371423959413, "Gi\u00e1 T12/22": 3672.4384635074375, "Gi\u00e1 T1/23": 2371.6487911910526, "Gi\u00e1 T2/23": 1892.5566459126023, "Gi\u00e1 T3/23": 2446.6502370575345, "Gi\u00e1 T4/23": 2182.389108036435, "Gi\u00e1 T5/23": 2611.18108082555, "Gi\u00e1 T6/23": 2178.4837880779432, "Gi\u00e1 T7/23": 2073.421337022945, "Gi\u00e1 T8/23": 2926.3357089818974, "Gi\u00e1 T9/23": 2474.437239248242, "Gi\u00e1 T10/23": 2819.2008709789, "Gi\u00e1 T11/23": 2272.045710134901, "Gi\u00e1 T12/23": 1738.500387409201, "Gi\u00e1 T1/24": 2985.239511126485, "Gi\u00e1 T2/24": 2347.2029855874553, "Gi\u00e1 T3/24": 2842.3003915600143, "Gi\u00e1 T4/24": 3125.587981090741, "Gi\u00e1 T5/24": 3267.410186325377, "Gi\u00e1 T6/24": 3310.881967485299, "Gi\u00e1 T7/24": 2812.6639063761104, "Gi\u00e1 T8/24": 2745.2057634036664, "Gi\u00e1 T9/24": 3767.7548479188295, "Gi\u00e1 T10/24": 4091.087144471348}