{"Gi\u00e1 T10/22": 120.10547631441958, "Gi\u00e1 T11/22": 113.34276687489155, "Gi\u00e1 T12/22": 135.3619409161895, "Gi\u00e1 T1/23": 117.15187888252646, "Gi\u00e1 T2/23": 114.3749986985945, "Gi\u00e1 T3/23": 130.46269746659726, "Gi\u00e1 T4/23": 124.53831893111226, "Gi\u00e1 T5/23": 120.0471806350859, "Gi\u00e1 T6/23": 123.88742148186708, "Gi\u00e1 T7/23": 139.239393631789, "Gi\u00e1 T8/23": 121.64460619469028, "Gi\u00e1 T9/23": 113.49028032274855, "Gi\u00e1 T10/23": 106.33641601596392, "Gi\u00e1 T11/23": 110.64265651570364, "Gi\u00e1 T12/23": 118.93562693041818, "Gi\u00e1 T1/24": 129.4603139857713, "Gi\u00e1 T2/24": 130.12057747700848, "Gi\u00e1 T3/24": 154.22834383133787, "Gi\u00e1 T4/24": 175.4899809127191, "Gi\u00e1 T5/24": 208.46532708658683, "Gi\u00e1 T6/24": 180.2385045982995, "Gi\u00e1 T7/24": 183.7879225229915, "Gi\u00e1 T8/24": 185.84233073052232, "Gi\u00e1 T9/24": 177.01038790560472, "Gi\u00e1 T10/24": 220.7658111226792}