{"Gi\u00e1 T10/22": 666.2163846153846, "Gi\u00e1 T11/22": 330.22984615384615, "Gi\u00e1 T12/22": 648.0431538461535, "Gi\u00e1 T1/23": 514.9440000000002, "Gi\u00e1 T2/23": 390.37015384615364, "Gi\u00e1 T3/23": 765.8096153846154, "Gi\u00e1 T4/23": 206.21446153846148, "Gi\u00e1 T5/23": 1413.898153846153, "Gi\u00e1 T6/23": 835.7545384615378, "Gi\u00e1 T7/23": 222.41453846153834, "Gi\u00e1 T8/23": 488.58715384615385, "Gi\u00e1 T9/23": 483.6951538461539, "Gi\u00e1 T10/23": 682.0994615384614, "Gi\u00e1 T11/23": 452.85046153846133, "Gi\u00e1 T12/23": 978.0431538461536, "Gi\u00e1 T1/24": 2708.5428461538454, "Gi\u00e1 T2/24": 2200.3634615384626, "Gi\u00e1 T3/24": 1892.9628461538464, "Gi\u00e1 T4/24": 1059.7735384615387, "Gi\u00e1 T5/24": 653.2769999999997, "Gi\u00e1 T6/24": 2224.841846153846, "Gi\u00e1 T7/24": 1936.550538461539, "Gi\u00e1 T8/24": 5471.361000000001, "Gi\u00e1 T9/24": 2303.994153846155, "Gi\u00e1 T10/24": 2289.387461538462}