{"Gi\u00e1 T10/22": 9413.268303030303, "Gi\u00e1 T11/22": 9532.431636363637, "Gi\u00e1 T12/22": 9060.567292929292, "Gi\u00e1 T1/23": 9521.922404040404, "Gi\u00e1 T2/23": 10067.175555555556, "Gi\u00e1 T3/23": 10331.265925925927, "Gi\u00e1 T4/23": 7316.397138047138, "Gi\u00e1 T5/23": 7043.640181818182, "Gi\u00e1 T6/23": 7804.116949494951, "Gi\u00e1 T7/23": 7667.43898989899, "Gi\u00e1 T8/23": 8547.724006734006, "Gi\u00e1 T9/23": 8717.326080808081, "Gi\u00e1 T10/23": 9135.175353535353, "Gi\u00e1 T11/23": 8714.524727272727, "Gi\u00e1 T12/23": 9329.952592592594, "Gi\u00e1 T1/24": 8651.410619528619, "Gi\u00e1 T2/24": 7671.008538720538, "Gi\u00e1 T3/24": 8894.60847138047, "Gi\u00e1 T4/24": 10094.378835016836, "Gi\u00e1 T5/24": 12163.539427609428, "Gi\u00e1 T6/24": 12814.35896969697, "Gi\u00e1 T7/24": 13341.56645117845, "Gi\u00e1 T8/24": 13055.54721885522, "Gi\u00e1 T9/24": 13493.636545454545, "Gi\u00e1 T10/24": 14172.86748821549}