{"Gi\u00e1 T10/22": 2594.1698962861396, "Gi\u00e1 T11/22": 2315.8918630082367, "Gi\u00e1 T12/22": 2507.2542852349975, "Gi\u00e1 T1/23": 2224.2078681039766, "Gi\u00e1 T2/23": 1952.9646680961969, "Gi\u00e1 T3/23": 2035.655308856279, "Gi\u00e1 T4/23": 1979.9228770020713, "Gi\u00e1 T5/23": 2091.648726006499, "Gi\u00e1 T6/23": 2016.0091674689538, "Gi\u00e1 T7/23": 2087.890936439401, "Gi\u00e1 T8/23": 2015.1652527447948, "Gi\u00e1 T9/23": 1919.5372322062412, "Gi\u00e1 T10/23": 1978.5308113312135, "Gi\u00e1 T11/23": 2251.5046869621033, "Gi\u00e1 T12/23": 2662.9158212990246, "Gi\u00e1 T1/24": 2306.746756133851, "Gi\u00e1 T2/24": 2433.720793778141, "Gi\u00e1 T3/24": 2914.49564956093, "Gi\u00e1 T4/24": 3475.184985315712, "Gi\u00e1 T5/24": 3670.0407540527663, "Gi\u00e1 T6/24": 3957.06595520806, "Gi\u00e1 T7/24": 4285.258969376939, "Gi\u00e1 T8/24": 4471.29135727553, "Gi\u00e1 T9/24": 4663.514950938919, "Gi\u00e1 T10/24": 4857.10389945639}