{"Gi\u00e1 T10/22": 1046.2200568863152, "Gi\u00e1 T11/22": 1531.2895892193853, "Gi\u00e1 T12/22": 1044.037456786874, "Gi\u00e1 T1/23": 1211.1778299844987, "Gi\u00e1 T2/23": 1205.982406042526, "Gi\u00e1 T3/23": 1224.0158616302535, "Gi\u00e1 T4/23": 958.3859794975285, "Gi\u00e1 T5/23": 1005.9445662601269, "Gi\u00e1 T6/23": 905.0896921704541, "Gi\u00e1 T7/23": 1094.165486239069, "Gi\u00e1 T8/23": 1453.6008764002222, "Gi\u00e1 T9/23": 1374.715694188529, "Gi\u00e1 T10/23": 1330.1757790061713, "Gi\u00e1 T11/23": 984.58838305402, "Gi\u00e1 T12/23": 1160.9100940305927, "Gi\u00e1 T1/24": 1100.1374683396216, "Gi\u00e1 T2/24": 1150.3808569506596, "Gi\u00e1 T3/24": 1329.2679114386826, "Gi\u00e1 T4/24": 1402.7228808750842, "Gi\u00e1 T5/24": 1612.4242819747888, "Gi\u00e1 T6/24": 1600.6335614635432, "Gi\u00e1 T7/24": 1954.266896113012, "Gi\u00e1 T8/24": 1939.0332514404377, "Gi\u00e1 T9/24": 2135.840005849492, "Gi\u00e1 T10/24": 2026.3078103886987}