{"Gi\u00e1 T10/22": 4587.111622058145, "Gi\u00e1 T11/22": 4632.778066964057, "Gi\u00e1 T12/22": 4413.934829769779, "Gi\u00e1 T1/23": 4567.522379377532, "Gi\u00e1 T2/23": 4827.51757396298, "Gi\u00e1 T3/23": 4911.580678869917, "Gi\u00e1 T4/23": 3608.3977408603805, "Gi\u00e1 T5/23": 3471.1804235245863, "Gi\u00e1 T6/23": 3779.680272778547, "Gi\u00e1 T7/23": 3731.0408380761933, "Gi\u00e1 T8/23": 4114.11567040968, "Gi\u00e1 T9/23": 4159.788075680664, "Gi\u00e1 T10/23": 4288.685252781624, "Gi\u00e1 T11/23": 4132.554799005281, "Gi\u00e1 T12/23": 4460.166412603189, "Gi\u00e1 T1/24": 4176.993698661744, "Gi\u00e1 T2/24": 3666.5937906988665, "Gi\u00e1 T3/24": 4320.639522381171, "Gi\u00e1 T4/24": 4726.276039583654, "Gi\u00e1 T5/24": 5737.525668102344, "Gi\u00e1 T6/24": 6032.472402450905, "Gi\u00e1 T7/24": 6201.222298107983, "Gi\u00e1 T8/24": 6201.530521458238, "Gi\u00e1 T9/24": 6481.923424088602, "Gi\u00e1 T10/24": 6865.576502076604}