{"Gi\u00e1 T10/22": 4323.0948156480445, "Gi\u00e1 T11/22": 3683.4805574303214, "Gi\u00e1 T12/22": 3983.922913385827, "Gi\u00e1 T1/23": 3665.8121834770654, "Gi\u00e1 T2/23": 3154.8125971753534, "Gi\u00e1 T3/23": 3287.514396950381, "Gi\u00e1 T4/23": 3139.5100574928133, "Gi\u00e1 T5/23": 3345.04762279715, "Gi\u00e1 T6/23": 3162.4364316960377, "Gi\u00e1 T7/23": 3277.1092425946763, "Gi\u00e1 T8/23": 3059.7752118485187, "Gi\u00e1 T9/23": 2975.1234608173977, "Gi\u00e1 T10/23": 3135.0852730908637, "Gi\u00e1 T11/23": 3630.048703912011, "Gi\u00e1 T12/23": 4306.380082489689, "Gi\u00e1 T1/24": 3672.6361592300964, "Gi\u00e1 T2/24": 3850.177262842145, "Gi\u00e1 T3/24": 4441.08719160105, "Gi\u00e1 T4/24": 5206.001891013623, "Gi\u00e1 T5/24": 5454.663002124735, "Gi\u00e1 T6/24": 5938.159196350456, "Gi\u00e1 T7/24": 6470.361796025497, "Gi\u00e1 T8/24": 6778.505573053369, "Gi\u00e1 T9/24": 7029.161251093613, "Gi\u00e1 T10/24": 7655.550358705162}