{"Gi\u00e1 T10/22": 4357.550118564006, "Gi\u00e1 T11/22": 3764.787919225319, "Gi\u00e1 T12/22": 4102.189417572036, "Gi\u00e1 T1/23": 3731.2029140292866, "Gi\u00e1 T2/23": 3198.23417146906, "Gi\u00e1 T3/23": 3341.1839910250355, "Gi\u00e1 T4/23": 3210.5096589513464, "Gi\u00e1 T5/23": 3353.871382144544, "Gi\u00e1 T6/23": 3252.1436466698156, "Gi\u00e1 T7/23": 3368.0035748701, "Gi\u00e1 T8/23": 3356.8106608408125, "Gi\u00e1 T9/23": 3049.4031780821915, "Gi\u00e1 T10/23": 3199.4329697685403, "Gi\u00e1 T11/23": 3650.1436433632502, "Gi\u00e1 T12/23": 4504.250275389702, "Gi\u00e1 T1/24": 3716.9799527633445, "Gi\u00e1 T2/24": 3914.7043230987247, "Gi\u00e1 T3/24": 4558.458938592347, "Gi\u00e1 T4/24": 5476.073377420878, "Gi\u00e1 T5/24": 5699.6128280585735, "Gi\u00e1 T6/24": 6136.948860179499, "Gi\u00e1 T7/24": 6608.007560226736, "Gi\u00e1 T8/24": 6959.179987246103, "Gi\u00e1 T9/24": 7202.56503023146, "Gi\u00e1 T10/24": 7677.570789324515}