{"Gi\u00e1 T10/22": 1180.2248259937855, "Gi\u00e1 T11/22": 1067.6885323047252, "Gi\u00e1 T12/22": 1139.7062256509162, "Gi\u00e1 T1/23": 1072.6735138754957, "Gi\u00e1 T2/23": 961.4731885781636, "Gi\u00e1 T3/23": 984.1935990571092, "Gi\u00e1 T4/23": 982.5623037608486, "Gi\u00e1 T5/23": 1097.1248157364616, "Gi\u00e1 T6/23": 978.4662625093753, "Gi\u00e1 T7/23": 1032.6245881281475, "Gi\u00e1 T8/23": 924.1037035251259, "Gi\u00e1 T9/23": 949.5701776492017, "Gi\u00e1 T10/23": 978.0731311475411, "Gi\u00e1 T11/23": 1114.2032912246868, "Gi\u00e1 T12/23": 1229.6684667309546, "Gi\u00e1 T1/24": 1174.1834682310082, "Gi\u00e1 T2/24": 1218.1581400407158, "Gi\u00e1 T3/24": 1383.60097899925, "Gi\u00e1 T4/24": 1634.283879674274, "Gi\u00e1 T5/24": 1697.7784052287582, "Gi\u00e1 T6/24": 1846.1636808100288, "Gi\u00e1 T7/24": 2066.848015964856, "Gi\u00e1 T8/24": 2124.78028983178, "Gi\u00e1 T9/24": 2124.217844744455, "Gi\u00e1 T10/24": 2353.509839922854}