{"Gi\u00e1 T10/22": 234.00255102040816, "Gi\u00e1 T11/22": 244.9111224489796, "Gi\u00e1 T12/22": 437.94873877551004, "Gi\u00e1 T1/23": 337.47102040816327, "Gi\u00e1 T2/23": 371.9214734693876, "Gi\u00e1 T3/23": 256.1648979591837, "Gi\u00e1 T4/23": 261.98871836734685, "Gi\u00e1 T5/23": 209.2673020408163, "Gi\u00e1 T6/23": 370.48313877551016, "Gi\u00e1 T7/23": 374.06697551020414, "Gi\u00e1 T8/23": 346.0137795918366, "Gi\u00e1 T9/23": 330.2705673469387, "Gi\u00e1 T10/23": 537.1955102040816, "Gi\u00e1 T11/23": 360.2654081632653, "Gi\u00e1 T12/23": 401.09763673469405, "Gi\u00e1 T1/24": 382.2474489795918, "Gi\u00e1 T2/24": 313.26695510204087, "Gi\u00e1 T3/24": 394.9480653061226, "Gi\u00e1 T4/24": 925.293730612245, "Gi\u00e1 T5/24": 765.1064530612247, "Gi\u00e1 T6/24": 1032.2640979591838, "Gi\u00e1 T7/24": 997.8942693877552, "Gi\u00e1 T8/24": 814.5489020408164, "Gi\u00e1 T9/24": 767.8058816326529, "Gi\u00e1 T10/24": 559.3224489795919}