{"Gi\u00e1 T10/22": 2695.350467109566, "Gi\u00e1 T11/22": 2394.1936098585247, "Gi\u00e1 T12/22": 2586.9620345828603, "Gi\u00e1 T1/23": 2271.3407463311646, "Gi\u00e1 T2/23": 2013.1515246176266, "Gi\u00e1 T3/23": 2096.2359829265774, "Gi\u00e1 T4/23": 2032.4660060468373, "Gi\u00e1 T5/23": 2142.532095231041, "Gi\u00e1 T6/23": 2072.193330636926, "Gi\u00e1 T7/23": 2155.008918797976, "Gi\u00e1 T8/23": 1987.7398015558845, "Gi\u00e1 T9/23": 1974.4015442382936, "Gi\u00e1 T10/23": 2042.1247117138826, "Gi\u00e1 T11/23": 2318.1343630741344, "Gi\u00e1 T12/23": 2699.522599853132, "Gi\u00e1 T1/24": 2368.046303626955, "Gi\u00e1 T2/24": 2506.0402334400424, "Gi\u00e1 T3/24": 2988.0596365013253, "Gi\u00e1 T4/24": 3534.2424699666103, "Gi\u00e1 T5/24": 3745.8318009133363, "Gi\u00e1 T6/24": 4043.5137073881565, "Gi\u00e1 T7/24": 4387.850620173717, "Gi\u00e1 T8/24": 4583.595248126858, "Gi\u00e1 T9/24": 4783.8705035971225, "Gi\u00e1 T10/24": 5005.255812938166}