{"Gi\u00e1 T10/22": 9548.341778078891, "Gi\u00e1 T11/22": 9699.756531165312, "Gi\u00e1 T12/22": 9149.943657031015, "Gi\u00e1 T1/23": 9486.187256850346, "Gi\u00e1 T2/23": 10216.38879253237, "Gi\u00e1 T3/23": 10420.471087021982, "Gi\u00e1 T4/23": 7495.304494128274, "Gi\u00e1 T5/23": 7115.317229750076, "Gi\u00e1 T6/23": 7793.372949412828, "Gi\u00e1 T7/23": 7746.599381210479, "Gi\u00e1 T8/23": 8495.901199939777, "Gi\u00e1 T9/23": 8655.95509936766, "Gi\u00e1 T10/23": 9037.243777476664, "Gi\u00e1 T11/23": 8638.348215898824, "Gi\u00e1 T12/23": 9206.121704305933, "Gi\u00e1 T1/24": 8584.642902740137, "Gi\u00e1 T2/24": 7452.686618488407, "Gi\u00e1 T3/24": 8804.612598614875, "Gi\u00e1 T4/24": 10023.166577838001, "Gi\u00e1 T5/24": 12140.219471544717, "Gi\u00e1 T6/24": 12620.3056865402, "Gi\u00e1 T7/24": 13034.947311050888, "Gi\u00e1 T8/24": 13055.587035531467, "Gi\u00e1 T9/24": 13302.757253839205, "Gi\u00e1 T10/24": 14049.236508581753}