{"Gi\u00e1 T10/22": 3302.6681573498963, "Gi\u00e1 T11/22": 4871.713614906833, "Gi\u00e1 T12/22": 3243.574948240166, "Gi\u00e1 T1/23": 3717.3499710144924, "Gi\u00e1 T2/23": 3746.3564886128365, "Gi\u00e1 T3/23": 3817.6147080745345, "Gi\u00e1 T4/23": 3034.6019979296066, "Gi\u00e1 T5/23": 3094.066933747412, "Gi\u00e1 T6/23": 2767.5297225672875, "Gi\u00e1 T7/23": 3417.753517598344, "Gi\u00e1 T8/23": 4517.193258799171, "Gi\u00e1 T9/23": 4257.911354037266, "Gi\u00e1 T10/23": 4148.038362318841, "Gi\u00e1 T11/23": 2940.7142960662527, "Gi\u00e1 T12/23": 3544.1915714285715, "Gi\u00e1 T1/24": 3424.3409627329193, "Gi\u00e1 T2/24": 3542.4618550724635, "Gi\u00e1 T3/24": 4123.054418219462, "Gi\u00e1 T4/24": 4365.9772443064185, "Gi\u00e1 T5/24": 5115.756927536232, "Gi\u00e1 T6/24": 5062.683933747412, "Gi\u00e1 T7/24": 6140.547503105589, "Gi\u00e1 T8/24": 6083.269200828158, "Gi\u00e1 T9/24": 6763.943281573498, "Gi\u00e1 T10/24": 6324.953200828158}