{"Gi\u00e1 T10/22": 66.10009339328951, "Gi\u00e1 T11/22": 59.578231984319146, "Gi\u00e1 T12/22": 67.03592482416695, "Gi\u00e1 T1/23": 72.42887512971289, "Gi\u00e1 T2/23": 69.53959829355472, "Gi\u00e1 T3/23": 86.92821515046697, "Gi\u00e1 T4/23": 81.8291299435028, "Gi\u00e1 T5/23": 80.61206110918944, "Gi\u00e1 T6/23": 75.54107921134556, "Gi\u00e1 T7/23": 80.63527037933817, "Gi\u00e1 T8/23": 82.78379614896808, "Gi\u00e1 T9/23": 64.31861685691224, "Gi\u00e1 T10/23": 66.02733955955264, "Gi\u00e1 T11/23": 66.15110065721204, "Gi\u00e1 T12/23": 66.7913808370806, "Gi\u00e1 T1/24": 78.42060924708866, "Gi\u00e1 T2/24": 73.278698720166, "Gi\u00e1 T3/24": 88.86924870287098, "Gi\u00e1 T4/24": 84.28094823013953, "Gi\u00e1 T5/24": 122.0081074599331, "Gi\u00e1 T6/24": 93.65876467197047, "Gi\u00e1 T7/24": 91.47718736308082, "Gi\u00e1 T8/24": 98.4279022252969, "Gi\u00e1 T9/24": 109.43737230485416, "Gi\u00e1 T10/24": 135.31384480571893}