{"Gi\u00e1 T10/22": 86.51101006940492, "Gi\u00e1 T11/22": 76.9992277486911, "Gi\u00e1 T12/22": 79.49850676265268, "Gi\u00e1 T1/23": 85.66527050610819, "Gi\u00e1 T2/23": 92.03196226003489, "Gi\u00e1 T3/23": 73.30492037521815, "Gi\u00e1 T4/23": 72.78910558464224, "Gi\u00e1 T5/23": 72.25968150087262, "Gi\u00e1 T6/23": 81.30416203097732, "Gi\u00e1 T7/23": 71.63157040794067, "Gi\u00e1 T8/23": 81.77381299083768, "Gi\u00e1 T9/23": 77.58441726657941, "Gi\u00e1 T10/23": 49.95088896160561, "Gi\u00e1 T11/23": 50.16669175392671, "Gi\u00e1 T12/23": 50.306607493455516, "Gi\u00e1 T1/24": 42.309315008726024, "Gi\u00e1 T2/24": 57.23535340314138, "Gi\u00e1 T3/24": 36.24673647469461, "Gi\u00e1 T4/24": 30.186697207678883, "Gi\u00e1 T5/24": 52.427885852966845, "Gi\u00e1 T6/24": 50.04541857547995, "Gi\u00e1 T7/24": 48.56815199607329, "Gi\u00e1 T8/24": 42.56687172774872, "Gi\u00e1 T9/24": 39.99863438045374, "Gi\u00e1 T10/24": 42.43084833115181}