{"Gi\u00e1 T10/22": 451.56792507851054, "Gi\u00e1 T11/22": 647.9486078669735, "Gi\u00e1 T12/22": 455.57250725408477, "Gi\u00e1 T1/23": 519.8916719489428, "Gi\u00e1 T2/23": 509.2103588872488, "Gi\u00e1 T3/23": 525.9305138822559, "Gi\u00e1 T4/23": 407.4977822942445, "Gi\u00e1 T5/23": 435.356688211841, "Gi\u00e1 T6/23": 395.57355357892294, "Gi\u00e1 T7/23": 462.4742479630675, "Gi\u00e1 T8/23": 604.5147067070435, "Gi\u00e1 T9/23": 582.6490182925946, "Gi\u00e1 T10/23": 571.4343023596579, "Gi\u00e1 T11/23": 435.61858635797915, "Gi\u00e1 T12/23": 510.3257603583264, "Gi\u00e1 T1/24": 480.01409340222, "Gi\u00e1 T2/24": 495.77244359542107, "Gi\u00e1 T3/24": 570.9306160545015, "Gi\u00e1 T4/24": 598.54137360888, "Gi\u00e1 T5/24": 673.2795443494117, "Gi\u00e1 T6/24": 684.7282946026716, "Gi\u00e1 T7/24": 833.0928133366618, "Gi\u00e1 T8/24": 847.2926573286155, "Gi\u00e1 T9/24": 924.0223217231796, "Gi\u00e1 T10/24": 888.8061368290424}