{"Gi\u00e1 T10/22": 1462.7143680307609, "Gi\u00e1 T11/22": 1337.9801318319144, "Gi\u00e1 T12/22": 1440.5990363453266, "Gi\u00e1 T1/23": 1341.1726470749795, "Gi\u00e1 T2/23": 1209.2222640300286, "Gi\u00e1 T3/23": 1226.8729266684977, "Gi\u00e1 T4/23": 1230.2774085873846, "Gi\u00e1 T5/23": 1369.9649116937912, "Gi\u00e1 T6/23": 1233.344739723519, "Gi\u00e1 T7/23": 1317.6032558820839, "Gi\u00e1 T8/23": 1153.1606979767464, "Gi\u00e1 T9/23": 1203.657070401904, "Gi\u00e1 T10/23": 1229.8051258811681, "Gi\u00e1 T11/23": 1395.104240227044, "Gi\u00e1 T12/23": 1518.536095578138, "Gi\u00e1 T1/24": 1482.3762336354482, "Gi\u00e1 T2/24": 1539.8393435869268, "Gi\u00e1 T3/24": 1735.44029259361, "Gi\u00e1 T4/24": 2067.4452806005675, "Gi\u00e1 T5/24": 2143.4299441545363, "Gi\u00e1 T6/24": 2313.9108706399343, "Gi\u00e1 T7/24": 2593.781534010803, "Gi\u00e1 T8/24": 2654.544543074247, "Gi\u00e1 T9/24": 2615.6745483841432, "Gi\u00e1 T10/24": 2941.233165980042}