{"Gi\u00e1 T10/22": 205.10133748653172, "Gi\u00e1 T11/22": 293.1325032094633, "Gi\u00e1 T12/22": 213.22000372526995, "Gi\u00e1 T1/23": 240.85165407716465, "Gi\u00e1 T2/23": 235.1511419576198, "Gi\u00e1 T3/23": 244.21002422380658, "Gi\u00e1 T4/23": 192.85323343878713, "Gi\u00e1 T5/23": 211.3501316644124, "Gi\u00e1 T6/23": 193.25655410620266, "Gi\u00e1 T7/23": 218.8305642542201, "Gi\u00e1 T8/23": 276.5850737603448, "Gi\u00e1 T9/23": 264.956461413845, "Gi\u00e1 T10/23": 265.3798437105981, "Gi\u00e1 T11/23": 219.4148182450349, "Gi\u00e1 T12/23": 252.67487968333293, "Gi\u00e1 T1/24": 240.13198847267753, "Gi\u00e1 T2/24": 245.7451799782979, "Gi\u00e1 T3/24": 273.5620666460344, "Gi\u00e1 T4/24": 292.1503936750648, "Gi\u00e1 T5/24": 307.5166362340768, "Gi\u00e1 T6/24": 323.8775143470653, "Gi\u00e1 T7/24": 391.150153270978, "Gi\u00e1 T8/24": 414.71947341876626, "Gi\u00e1 T9/24": 444.09044670762546, "Gi\u00e1 T10/24": 431.3012794105286}