{"Gi\u00e1 T10/22": 69.10247597555896, "Gi\u00e1 T11/22": 69.85432995417304, "Gi\u00e1 T12/22": 72.58784446604639, "Gi\u00e1 T1/23": 77.22015164560477, "Gi\u00e1 T2/23": 65.26076267185114, "Gi\u00e1 T3/23": 71.3549420913762, "Gi\u00e1 T4/23": 55.07370441605333, "Gi\u00e1 T5/23": 67.33837932231636, "Gi\u00e1 T6/23": 65.58456124149424, "Gi\u00e1 T7/23": 57.22277982224691, "Gi\u00e1 T8/23": 62.9549709068185, "Gi\u00e1 T9/23": 64.42235106235245, "Gi\u00e1 T10/23": 73.21712151090126, "Gi\u00e1 T11/23": 85.04131203999445, "Gi\u00e1 T12/23": 89.59039050131925, "Gi\u00e1 T1/24": 83.34970552701014, "Gi\u00e1 T2/24": 85.02127454520206, "Gi\u00e1 T3/24": 83.1324332731565, "Gi\u00e1 T4/24": 86.10759172337177, "Gi\u00e1 T5/24": 68.06662019164004, "Gi\u00e1 T6/24": 90.05510179141785, "Gi\u00e1 T7/24": 106.76580051381754, "Gi\u00e1 T8/24": 133.35567865574228, "Gi\u00e1 T9/24": 132.09418823774476, "Gi\u00e1 T10/24": 144.89798882099709}