{"Gi\u00e1 T10/22": 26.667293532338316, "Gi\u00e1 T11/22": 24.662850193477055, "Gi\u00e1 T12/22": 26.645791044776125, "Gi\u00e1 T1/23": 28.130427860696518, "Gi\u00e1 T2/23": 25.07695632946379, "Gi\u00e1 T3/23": 24.885885019347704, "Gi\u00e1 T4/23": 21.51137313432836, "Gi\u00e1 T5/23": 22.768726368159207, "Gi\u00e1 T6/23": 21.56027860696517, "Gi\u00e1 T7/23": 30.086773908236598, "Gi\u00e1 T8/23": 25.54071641791045, "Gi\u00e1 T9/23": 27.01385516860143, "Gi\u00e1 T10/23": 23.9760442233278, "Gi\u00e1 T11/23": 27.823502487562184, "Gi\u00e1 T12/23": 25.222909894969597, "Gi\u00e1 T1/24": 30.838017689331117, "Gi\u00e1 T2/24": 36.5929994472084, "Gi\u00e1 T3/24": 32.82693532338309, "Gi\u00e1 T4/24": 35.055402985074636, "Gi\u00e1 T5/24": 31.976517412935326, "Gi\u00e1 T6/24": 35.41566279712548, "Gi\u00e1 T7/24": 39.489911553344385, "Gi\u00e1 T8/24": 37.22878606965174, "Gi\u00e1 T9/24": 41.56689552238806, "Gi\u00e1 T10/24": 46.23804090657823}