{"Gi\u00e1 T10/22": 24.695532467532463, "Gi\u00e1 T11/22": 29.355788961038986, "Gi\u00e1 T12/22": 29.586282467532467, "Gi\u00e1 T1/23": 20.1404025974026, "Gi\u00e1 T2/23": 19.037191558441563, "Gi\u00e1 T3/23": 23.336610389610392, "Gi\u00e1 T4/23": 22.365038961038977, "Gi\u00e1 T5/23": 22.881477272727285, "Gi\u00e1 T6/23": 24.825633116883115, "Gi\u00e1 T7/23": 34.07022077922078, "Gi\u00e1 T8/23": 17.627737012986994, "Gi\u00e1 T9/23": 15.871840909090905, "Gi\u00e1 T10/23": 17.70140259740261, "Gi\u00e1 T11/23": 20.566948051948064, "Gi\u00e1 T12/23": 26.21812987012987, "Gi\u00e1 T1/24": 27.213350649350655, "Gi\u00e1 T2/24": 25.461009740259748, "Gi\u00e1 T3/24": 24.653493506493515, "Gi\u00e1 T4/24": 32.14051948051948, "Gi\u00e1 T5/24": 38.970749999999995, "Gi\u00e1 T6/24": 30.01991883116884, "Gi\u00e1 T7/24": 31.072724025974026, "Gi\u00e1 T8/24": 35.573337662337664, "Gi\u00e1 T9/24": 34.23254220779223, "Gi\u00e1 T10/24": 26.341402597402592}