{"Gi\u00e1 T10/22": 47.03132257985918, "Gi\u00e1 T11/22": 42.61793401720231, "Gi\u00e1 T12/22": 43.17719402548671, "Gi\u00e1 T1/23": 42.14145098803635, "Gi\u00e1 T2/23": 44.57577300748032, "Gi\u00e1 T3/23": 48.71845593430959, "Gi\u00e1 T4/23": 47.25132647839965, "Gi\u00e1 T5/23": 52.20188219215526, "Gi\u00e1 T6/23": 46.068355546892136, "Gi\u00e1 T7/23": 43.24130259983918, "Gi\u00e1 T8/23": 46.7123766477425, "Gi\u00e1 T9/23": 44.73452108866743, "Gi\u00e1 T10/23": 47.53679418142833, "Gi\u00e1 T11/23": 57.54912575229649, "Gi\u00e1 T12/23": 54.45303745035452, "Gi\u00e1 T1/24": 52.28048853585438, "Gi\u00e1 T2/24": 45.124816403109094, "Gi\u00e1 T3/24": 45.88908701055042, "Gi\u00e1 T4/24": 63.24941497526864, "Gi\u00e1 T5/24": 54.699362832289665, "Gi\u00e1 T6/24": 69.92445993031359, "Gi\u00e1 T7/24": 77.15735776418704, "Gi\u00e1 T8/24": 82.93649326283474, "Gi\u00e1 T9/24": 81.09894715041058, "Gi\u00e1 T10/24": 81.78410784337615}