{"Gi\u00e1 T10/22": 329.68702553485167, "Gi\u00e1 T11/22": 211.52185593099514, "Gi\u00e1 T12/22": 237.52059844596522, "Gi\u00e1 T1/23": 503.1914442543485, "Gi\u00e1 T2/23": 226.49720986598237, "Gi\u00e1 T3/23": 273.62195573139434, "Gi\u00e1 T4/23": 566.1676044339891, "Gi\u00e1 T5/23": 901.2698146564014, "Gi\u00e1 T6/23": 378.47592778728256, "Gi\u00e1 T7/23": 848.7349611491302, "Gi\u00e1 T8/23": 767.9520355717139, "Gi\u00e1 T9/23": 534.838382877103, "Gi\u00e1 T10/23": 636.31874964357, "Gi\u00e1 T11/23": 425.1579113202168, "Gi\u00e1 T12/23": 737.4411448531511, "Gi\u00e1 T1/24": 476.86577095808383, "Gi\u00e1 T2/24": 524.865263758198, "Gi\u00e1 T3/24": 871.6998627744512, "Gi\u00e1 T4/24": 379.01839998574286, "Gi\u00e1 T5/24": 368.35352723125175, "Gi\u00e1 T6/24": 449.24892179925865, "Gi\u00e1 T7/24": 494.7320954519533, "Gi\u00e1 T8/24": 478.9325520387797, "Gi\u00e1 T9/24": 436.111137368121, "Gi\u00e1 T10/24": 863.7457880667237}