{"Gi\u00e1 T10/22": 253.95103146051758, "Gi\u00e1 T11/22": 359.2015789666693, "Gi\u00e1 T12/22": 261.0603088110719, "Gi\u00e1 T1/23": 288.8551625832902, "Gi\u00e1 T2/23": 279.61611575006145, "Gi\u00e1 T3/23": 296.0517761862328, "Gi\u00e1 T4/23": 231.36740482817547, "Gi\u00e1 T5/23": 249.7359726576968, "Gi\u00e1 T6/23": 228.9834543861, "Gi\u00e1 T7/23": 255.91778789912394, "Gi\u00e1 T8/23": 322.38735356135703, "Gi\u00e1 T9/23": 321.4679207234562, "Gi\u00e1 T10/23": 321.909335841667, "Gi\u00e1 T11/23": 254.39657810488796, "Gi\u00e1 T12/23": 297.14289961898265, "Gi\u00e1 T1/24": 279.44644660073124, "Gi\u00e1 T2/24": 280.9287605751565, "Gi\u00e1 T3/24": 320.67549215045597, "Gi\u00e1 T4/24": 336.1940602000066, "Gi\u00e1 T5/24": 364.87821750626165, "Gi\u00e1 T6/24": 382.8985105852412, "Gi\u00e1 T7/24": 460.81811086541177, "Gi\u00e1 T8/24": 484.23461526049635, "Gi\u00e1 T9/24": 524.0587270206937, "Gi\u00e1 T10/24": 510.8121734857403}