{"Gi\u00e1 T10/22": 6903.71019723143, "Gi\u00e1 T11/22": 7096.79324265796, "Gi\u00e1 T12/22": 6455.3383675101195, "Gi\u00e1 T1/23": 6579.759132614816, "Gi\u00e1 T2/23": 7468.361068614549, "Gi\u00e1 T3/23": 7663.385977744832, "Gi\u00e1 T4/23": 5243.794796688378, "Gi\u00e1 T5/23": 4936.394562642635, "Gi\u00e1 T6/23": 5437.136493978112, "Gi\u00e1 T7/23": 5407.334162516034, "Gi\u00e1 T8/23": 5943.154094551148, "Gi\u00e1 T9/23": 5915.2302192200705, "Gi\u00e1 T10/23": 6433.529385650747, "Gi\u00e1 T11/23": 6087.137441488564, "Gi\u00e1 T12/23": 6537.677111992138, "Gi\u00e1 T1/24": 6007.466841465242, "Gi\u00e1 T2/24": 4967.188462294481, "Gi\u00e1 T3/24": 6268.967580250203, "Gi\u00e1 T4/24": 6769.079302027287, "Gi\u00e1 T5/24": 8382.153667771652, "Gi\u00e1 T6/24": 8514.8710879379, "Gi\u00e1 T7/24": 8714.853582815545, "Gi\u00e1 T8/24": 9037.539231730272, "Gi\u00e1 T9/24": 9018.009679498926, "Gi\u00e1 T10/24": 9241.789870067132}