{"Gi\u00e1 T10/22": 46.63123691873693, "Gi\u00e1 T11/22": 42.47648239148239, "Gi\u00e1 T12/22": 42.840770770770774, "Gi\u00e1 T1/23": 41.91645736645736, "Gi\u00e1 T2/23": 44.305698425698424, "Gi\u00e1 T3/23": 48.48673036673036, "Gi\u00e1 T4/23": 46.97102193102193, "Gi\u00e1 T5/23": 51.80473436705643, "Gi\u00e1 T6/23": 45.68250204750205, "Gi\u00e1 T7/23": 42.986155701155695, "Gi\u00e1 T8/23": 46.31521726271726, "Gi\u00e1 T9/23": 44.43222563472563, "Gi\u00e1 T10/23": 47.216930339430334, "Gi\u00e1 T11/23": 56.90655018655019, "Gi\u00e1 T12/23": 53.845258895258894, "Gi\u00e1 T1/24": 51.72474292474292, "Gi\u00e1 T2/24": 44.883175220675234, "Gi\u00e1 T3/24": 45.55954704704704, "Gi\u00e1 T4/24": 62.241183683683694, "Gi\u00e1 T5/24": 53.9806137956138, "Gi\u00e1 T6/24": 68.6695606970607, "Gi\u00e1 T7/24": 75.69213577213579, "Gi\u00e1 T8/24": 81.76343115843117, "Gi\u00e1 T9/24": 79.85516471016473, "Gi\u00e1 T10/24": 81.06773364273364}