{"Gi\u00e1 T10/22": 45.782476562500015, "Gi\u00e1 T11/22": 41.1180955882353, "Gi\u00e1 T12/22": 41.41895526960784, "Gi\u00e1 T1/23": 40.37429350490196, "Gi\u00e1 T2/23": 42.62215916053921, "Gi\u00e1 T3/23": 46.77406724877451, "Gi\u00e1 T4/23": 45.03149862132353, "Gi\u00e1 T5/23": 49.675188950996194, "Gi\u00e1 T6/23": 43.81559298406863, "Gi\u00e1 T7/23": 41.243691023284306, "Gi\u00e1 T8/23": 44.942185661764704, "Gi\u00e1 T9/23": 43.189574601715684, "Gi\u00e1 T10/23": 46.109260876225484, "Gi\u00e1 T11/23": 54.42959788602942, "Gi\u00e1 T12/23": 52.27733762254902, "Gi\u00e1 T1/24": 50.91700980392156, "Gi\u00e1 T2/24": 43.200420955882365, "Gi\u00e1 T3/24": 44.44517999387254, "Gi\u00e1 T4/24": 58.2964093137255, "Gi\u00e1 T5/24": 52.01221920955883, "Gi\u00e1 T6/24": 63.649014093137254, "Gi\u00e1 T7/24": 68.83705882352942, "Gi\u00e1 T8/24": 75.88449126838236, "Gi\u00e1 T9/24": 75.12074509803922, "Gi\u00e1 T10/24": 76.15142999387255}