{"Gi\u00e1 T10/22": 28.544990338164258, "Gi\u00e1 T11/22": 26.527869565217387, "Gi\u00e1 T12/22": 31.403579710144935, "Gi\u00e1 T1/23": 31.284850241545893, "Gi\u00e1 T2/23": 29.18825603864734, "Gi\u00e1 T3/23": 30.291193236714967, "Gi\u00e1 T4/23": 25.42338647342995, "Gi\u00e1 T5/23": 24.874937198067634, "Gi\u00e1 T6/23": 25.860405797101446, "Gi\u00e1 T7/23": 39.88827053140097, "Gi\u00e1 T8/23": 30.661202898550723, "Gi\u00e1 T9/23": 32.33771980676328, "Gi\u00e1 T10/23": 29.43153623188405, "Gi\u00e1 T11/23": 34.366647342995165, "Gi\u00e1 T12/23": 28.7606231884058, "Gi\u00e1 T1/24": 32.23969082125604, "Gi\u00e1 T2/24": 37.97928985507246, "Gi\u00e1 T3/24": 32.78813526570048, "Gi\u00e1 T4/24": 39.18303381642513, "Gi\u00e1 T5/24": 36.435405797101446, "Gi\u00e1 T6/24": 39.97387922705314, "Gi\u00e1 T7/24": 45.46703381642513, "Gi\u00e1 T8/24": 45.482246376811595, "Gi\u00e1 T9/24": 42.5638502415459, "Gi\u00e1 T10/24": 47.15758937198069}