{"Gi\u00e1 T10/22": 4155.003151605676, "Gi\u00e1 T11/22": 3566.8968483943245, "Gi\u00e1 T12/22": 3904.8430470500375, "Gi\u00e1 T1/23": 3277.4473151605675, "Gi\u00e1 T2/23": 2866.746538461539, "Gi\u00e1 T3/23": 3041.7767877147126, "Gi\u00e1 T4/23": 2855.4448095593725, "Gi\u00e1 T5/23": 2847.3706161314412, "Gi\u00e1 T6/23": 2936.6620229648993, "Gi\u00e1 T7/23": 3018.2107393577303, "Gi\u00e1 T8/23": 2901.8146368558623, "Gi\u00e1 T9/23": 2737.9081544062733, "Gi\u00e1 T10/23": 2879.4733383121734, "Gi\u00e1 T11/23": 3239.917994772218, "Gi\u00e1 T12/23": 4123.769984129948, "Gi\u00e1 T1/24": 3227.2130246452575, "Gi\u00e1 T2/24": 3470.9574122479466, "Gi\u00e1 T3/24": 4174.828644510829, "Gi\u00e1 T4/24": 4968.499311986557, "Gi\u00e1 T5/24": 5234.165616131441, "Gi\u00e1 T6/24": 5657.461067027632, "Gi\u00e1 T7/24": 5956.690182972367, "Gi\u00e1 T8/24": 6335.408109596714, "Gi\u00e1 T9/24": 6877.160581590739, "Gi\u00e1 T10/24": 7041.462157393577}