{"Gi\u00e1 T10/22": 70.65144948090472, "Gi\u00e1 T11/22": 70.49400027808676, "Gi\u00e1 T12/22": 73.19718131256953, "Gi\u00e1 T1/23": 76.16427586206896, "Gi\u00e1 T2/23": 65.58180960326288, "Gi\u00e1 T3/23": 73.51057211716723, "Gi\u00e1 T4/23": 55.765830367074535, "Gi\u00e1 T5/23": 69.16491499814609, "Gi\u00e1 T6/23": 66.56209464219504, "Gi\u00e1 T7/23": 57.92497756766778, "Gi\u00e1 T8/23": 63.72672246941047, "Gi\u00e1 T9/23": 65.47808490915833, "Gi\u00e1 T10/23": 75.20117751205044, "Gi\u00e1 T11/23": 87.32504708935855, "Gi\u00e1 T12/23": 92.2933921950315, "Gi\u00e1 T1/24": 85.49194447534298, "Gi\u00e1 T2/24": 85.83503364849834, "Gi\u00e1 T3/24": 84.78207452725249, "Gi\u00e1 T4/24": 88.56575203930295, "Gi\u00e1 T5/24": 69.48558008898776, "Gi\u00e1 T6/24": 92.36907091212458, "Gi\u00e1 T7/24": 107.68399638487209, "Gi\u00e1 T8/24": 133.29788904338156, "Gi\u00e1 T9/24": 132.73465053763442, "Gi\u00e1 T10/24": 144.25466518353727}