{"Gi\u00e1 T10/22": 334.66347464273275, "Gi\u00e1 T11/22": 213.95114118139924, "Gi\u00e1 T12/22": 236.5399681608714, "Gi\u00e1 T1/23": 527.2111168831169, "Gi\u00e1 T2/23": 227.5114218684542, "Gi\u00e1 T3/23": 275.9459463762044, "Gi\u00e1 T4/23": 590.9699413489735, "Gi\u00e1 T5/23": 926.7071051529115, "Gi\u00e1 T6/23": 399.437672392124, "Gi\u00e1 T7/23": 873.5612174277334, "Gi\u00e1 T8/23": 796.1998810222037, "Gi\u00e1 T9/23": 556.4230934227063, "Gi\u00e1 T10/23": 659.2429828236279, "Gi\u00e1 T11/23": 437.933776288228, "Gi\u00e1 T12/23": 775.4733162966068, "Gi\u00e1 T1/24": 494.90745119396735, "Gi\u00e1 T2/24": 543.4140485965648, "Gi\u00e1 T3/24": 906.8493489736071, "Gi\u00e1 T4/24": 388.4173213238375, "Gi\u00e1 T5/24": 379.39530791788854, "Gi\u00e1 T6/24": 458.47782739840807, "Gi\u00e1 T7/24": 511.1190615835778, "Gi\u00e1 T8/24": 490.25048596564733, "Gi\u00e1 T9/24": 443.61422706325936, "Gi\u00e1 T10/24": 901.5464264767489}