{"Gi\u00e1 T10/22": 50.72729986431478, "Gi\u00e1 T11/22": 57.72743102668478, "Gi\u00e1 T12/22": 60.66472636815921, "Gi\u00e1 T1/23": 42.44374943464496, "Gi\u00e1 T2/23": 44.61267299864315, "Gi\u00e1 T3/23": 49.60289009497966, "Gi\u00e1 T4/23": 43.873654454997755, "Gi\u00e1 T5/23": 40.25855721393036, "Gi\u00e1 T6/23": 48.058299412030756, "Gi\u00e1 T7/23": 53.94797829036637, "Gi\u00e1 T8/23": 49.33112166440523, "Gi\u00e1 T9/23": 53.64622795115333, "Gi\u00e1 T10/23": 53.970949796472205, "Gi\u00e1 T11/23": 53.542297602894614, "Gi\u00e1 T12/23": 65.60132971506107, "Gi\u00e1 T1/24": 52.40829036635007, "Gi\u00e1 T2/24": 45.58390321121665, "Gi\u00e1 T3/24": 58.67982813206695, "Gi\u00e1 T4/24": 53.773582089552235, "Gi\u00e1 T5/24": 87.39917684305742, "Gi\u00e1 T6/24": 67.04889642695613, "Gi\u00e1 T7/24": 67.31257349615558, "Gi\u00e1 T8/24": 85.09344188150159, "Gi\u00e1 T9/24": 77.02696065128904, "Gi\u00e1 T10/24": 110.76987336047037}