{"Gi\u00e1 T10/22": 3938.338663440059, "Gi\u00e1 T11/22": 3730.626358193348, "Gi\u00e1 T12/22": 4268.813637421576, "Gi\u00e1 T1/23": 2680.376689603994, "Gi\u00e1 T2/23": 2168.4516433920257, "Gi\u00e1 T3/23": 2799.785973655805, "Gi\u00e1 T4/23": 2447.301258854483, "Gi\u00e1 T5/23": 2935.8176986777303, "Gi\u00e1 T6/23": 2504.593464885651, "Gi\u00e1 T7/23": 2309.6600477298794, "Gi\u00e1 T8/23": 3299.2709254199553, "Gi\u00e1 T9/23": 2791.738402988599, "Gi\u00e1 T10/23": 3189.5509815826754, "Gi\u00e1 T11/23": 2558.0918564055855, "Gi\u00e1 T12/23": 1915.8600315388248, "Gi\u00e1 T1/24": 3393.170979558794, "Gi\u00e1 T2/24": 2609.8417560547796, "Gi\u00e1 T3/24": 3166.5580759630307, "Gi\u00e1 T4/24": 3539.6622969371915, "Gi\u00e1 T5/24": 3736.914580550495, "Gi\u00e1 T6/24": 3742.5100026985087, "Gi\u00e1 T7/24": 3178.2054447480273, "Gi\u00e1 T8/24": 3067.527819436011, "Gi\u00e1 T9/24": 4271.921155467855, "Gi\u00e1 T10/24": 4656.73558979289}