{"Gi\u00e1 T10/22": 4098.4674807606925, "Gi\u00e1 T11/22": 3901.3384327397553, "Gi\u00e1 T12/22": 4450.7033919759715, "Gi\u00e1 T1/23": 2819.631658799972, "Gi\u00e1 T2/23": 2269.8475477365373, "Gi\u00e1 T3/23": 2933.5632131874413, "Gi\u00e1 T4/23": 2578.7777637130803, "Gi\u00e1 T5/23": 3073.29847707931, "Gi\u00e1 T6/23": 2607.6076403489956, "Gi\u00e1 T7/23": 2424.985689766145, "Gi\u00e1 T8/23": 3482.0055932203386, "Gi\u00e1 T9/23": 2951.4692880640782, "Gi\u00e1 T10/23": 3360.027131874419, "Gi\u00e1 T11/23": 2708.9840359722516, "Gi\u00e1 T12/23": 2026.433596152471, "Gi\u00e1 T1/24": 3571.439816920547, "Gi\u00e1 T2/24": 2770.398281842237, "Gi\u00e1 T3/24": 3361.190509547308, "Gi\u00e1 T4/24": 3739.550251019094, "Gi\u00e1 T5/24": 3928.3928634770787, "Gi\u00e1 T6/24": 3961.5351537581346, "Gi\u00e1 T7/24": 3348.233537152257, "Gi\u00e1 T8/24": 3254.9207233783877, "Gi\u00e1 T9/24": 4505.5487978259325, "Gi\u00e1 T10/24": 4869.337171565473}