{"Gi\u00e1 T10/22": 5124.1467905786985, "Gi\u00e1 T11/22": 4897.348851964705, "Gi\u00e1 T12/22": 5604.074119215389, "Gi\u00e1 T1/23": 3436.9014057639815, "Gi\u00e1 T2/23": 2817.9345423094014, "Gi\u00e1 T3/23": 3639.9900568145745, "Gi\u00e1 T4/23": 3107.348679299181, "Gi\u00e1 T5/23": 3691.2918609153808, "Gi\u00e1 T6/23": 3225.1182835015557, "Gi\u00e1 T7/23": 2887.2003135910622, "Gi\u00e1 T8/23": 4230.966782517616, "Gi\u00e1 T9/23": 3597.103264457564, "Gi\u00e1 T10/23": 4095.398686281978, "Gi\u00e1 T11/23": 3311.0718428235887, "Gi\u00e1 T12/23": 2387.9931060750337, "Gi\u00e1 T1/24": 4392.368844347109, "Gi\u00e1 T2/24": 3355.988898939884, "Gi\u00e1 T3/24": 4039.4895070780176, "Gi\u00e1 T4/24": 4614.62961118517, "Gi\u00e1 T5/24": 4881.9243474258865, "Gi\u00e1 T6/24": 4874.2065501809175, "Gi\u00e1 T7/24": 4104.279377896275, "Gi\u00e1 T8/24": 3963.907619183647, "Gi\u00e1 T9/24": 5571.626009014157, "Gi\u00e1 T10/24": 5979.6899460420245}