{"Gi\u00e1 T10/22": 7779.878295882054, "Gi\u00e1 T11/22": 7992.307152008134, "Gi\u00e1 T12/22": 7282.539117946111, "Gi\u00e1 T1/23": 7427.778099644129, "Gi\u00e1 T2/23": 8408.163355871886, "Gi\u00e1 T3/23": 8622.683716827656, "Gi\u00e1 T4/23": 5912.243473055414, "Gi\u00e1 T5/23": 5562.600721657347, "Gi\u00e1 T6/23": 6132.853075749874, "Gi\u00e1 T7/23": 6100.677223436705, "Gi\u00e1 T8/23": 6705.05504117946, "Gi\u00e1 T9/23": 6683.989303253687, "Gi\u00e1 T10/23": 7251.751277071683, "Gi\u00e1 T11/23": 6863.8608482460595, "Gi\u00e1 T12/23": 7371.773061260804, "Gi\u00e1 T1/24": 6778.681840366039, "Gi\u00e1 T2/24": 5619.882249872902, "Gi\u00e1 T3/24": 7064.979571682765, "Gi\u00e1 T4/24": 7655.346432130149, "Gi\u00e1 T5/24": 9466.533641586173, "Gi\u00e1 T6/24": 9626.178157854602, "Gi\u00e1 T7/24": 9852.515870615149, "Gi\u00e1 T8/24": 10198.982701576004, "Gi\u00e1 T9/24": 10188.686162938486, "Gi\u00e1 T10/24": 10455.553428063042}