{"Gi\u00e1 T10/22": 62.733953634085225, "Gi\u00e1 T11/22": 68.2529573934837, "Gi\u00e1 T12/22": 59.43570175438594, "Gi\u00e1 T1/23": 54.26517543859647, "Gi\u00e1 T2/23": 55.68714912280701, "Gi\u00e1 T3/23": 58.48776942355889, "Gi\u00e1 T4/23": 59.96566416040098, "Gi\u00e1 T5/23": 54.767543859649095, "Gi\u00e1 T6/23": 56.529799498746875, "Gi\u00e1 T7/23": 55.99911654135338, "Gi\u00e1 T8/23": 46.629085213032575, "Gi\u00e1 T9/23": 48.66992481203007, "Gi\u00e1 T10/23": 48.485476190476184, "Gi\u00e1 T11/23": 57.454949874686726, "Gi\u00e1 T12/23": 59.761190476190464, "Gi\u00e1 T1/24": 69.57040100250629, "Gi\u00e1 T2/24": 74.54859649122805, "Gi\u00e1 T3/24": 97.53022556390977, "Gi\u00e1 T4/24": 79.75522556390975, "Gi\u00e1 T5/24": 64.12646616541353, "Gi\u00e1 T6/24": 69.80278195488722, "Gi\u00e1 T7/24": 84.54143483709278, "Gi\u00e1 T8/24": 88.32754385964915, "Gi\u00e1 T9/24": 73.47137844611532, "Gi\u00e1 T10/24": 83.34631578947368}