{"Gi\u00e1 T10/22": 66.51780052780053, "Gi\u00e1 T11/22": 60.49282851032851, "Gi\u00e1 T12/22": 67.82168873418874, "Gi\u00e1 T1/23": 72.28521089271088, "Gi\u00e1 T2/23": 69.9640652015652, "Gi\u00e1 T3/23": 87.44956274456274, "Gi\u00e1 T4/23": 82.03822913822913, "Gi\u00e1 T5/23": 80.93986691236691, "Gi\u00e1 T6/23": 75.45861384111384, "Gi\u00e1 T7/23": 80.92377968877967, "Gi\u00e1 T8/23": 83.2732393757394, "Gi\u00e1 T9/23": 64.79945763945763, "Gi\u00e1 T10/23": 67.18408977158978, "Gi\u00e1 T11/23": 67.06200814450814, "Gi\u00e1 T12/23": 68.19783374283374, "Gi\u00e1 T1/24": 81.550765993266, "Gi\u00e1 T2/24": 75.50154995904994, "Gi\u00e1 T3/24": 90.22784625534625, "Gi\u00e1 T4/24": 85.2219901719902, "Gi\u00e1 T5/24": 120.87061629811626, "Gi\u00e1 T6/24": 94.85964327964327, "Gi\u00e1 T7/24": 92.10339157339156, "Gi\u00e1 T8/24": 97.8620340795341, "Gi\u00e1 T9/24": 109.7874476749477, "Gi\u00e1 T10/24": 135.50412184912187}