{"Gi\u00e1 T10/22": 258.40723779300066, "Gi\u00e1 T11/22": 366.21360931070654, "Gi\u00e1 T12/22": 265.70845862740657, "Gi\u00e1 T1/23": 294.2798278783315, "Gi\u00e1 T2/23": 284.84135709099013, "Gi\u00e1 T3/23": 300.98172400213616, "Gi\u00e1 T4/23": 235.46780955966818, "Gi\u00e1 T5/23": 253.7232781685947, "Gi\u00e1 T6/23": 232.77564947114845, "Gi\u00e1 T7/23": 260.7939943368898, "Gi\u00e1 T8/23": 328.65483975011625, "Gi\u00e1 T9/23": 327.64156256123186, "Gi\u00e1 T10/23": 328.0416849481906, "Gi\u00e1 T11/23": 258.80998253810304, "Gi\u00e1 T12/23": 302.3961028273289, "Gi\u00e1 T1/24": 284.2943049242934, "Gi\u00e1 T2/24": 285.47471801629774, "Gi\u00e1 T3/24": 326.159165920678, "Gi\u00e1 T4/24": 342.1283575251363, "Gi\u00e1 T5/24": 371.8805622385038, "Gi\u00e1 T6/24": 389.99400741890497, "Gi\u00e1 T7/24": 468.88502704769076, "Gi\u00e1 T8/24": 492.25804420991165, "Gi\u00e1 T9/24": 532.920424714059, "Gi\u00e1 T10/24": 518.5670249653259}