{"Gi\u00e1 T10/22": 46.37540735533522, "Gi\u00e1 T11/22": 41.98037294657392, "Gi\u00e1 T12/22": 41.87058420896848, "Gi\u00e1 T1/23": 40.7438267722362, "Gi\u00e1 T2/23": 43.3115920526861, "Gi\u00e1 T3/23": 47.53705083616989, "Gi\u00e1 T4/23": 45.81596048542252, "Gi\u00e1 T5/23": 50.45664508094645, "Gi\u00e1 T6/23": 44.61301465147255, "Gi\u00e1 T7/23": 42.03696462927334, "Gi\u00e1 T8/23": 45.52493525233092, "Gi\u00e1 T9/23": 43.39499704010655, "Gi\u00e1 T10/23": 47.14502663904099, "Gi\u00e1 T11/23": 55.874482388634014, "Gi\u00e1 T12/23": 53.65279820926447, "Gi\u00e1 T1/24": 52.04409834245966, "Gi\u00e1 T2/24": 44.45158576291254, "Gi\u00e1 T3/24": 45.78214666272014, "Gi\u00e1 T4/24": 61.246319372502604, "Gi\u00e1 T5/24": 53.62339203788664, "Gi\u00e1 T6/24": 66.69577512209561, "Gi\u00e1 T7/24": 72.52147883676189, "Gi\u00e1 T8/24": 78.92998668047952, "Gi\u00e1 T9/24": 78.17716590202754, "Gi\u00e1 T10/24": 78.8911391889892}