{"Gi\u00e1 T10/22": 2030.504474144456, "Gi\u00e1 T11/22": 1852.146711387169, "Gi\u00e1 T12/22": 1804.4493280755626, "Gi\u00e1 T1/23": 1654.3885054583686, "Gi\u00e1 T2/23": 1781.353734217519, "Gi\u00e1 T3/23": 1758.0124190357753, "Gi\u00e1 T4/23": 1634.6413829848714, "Gi\u00e1 T5/23": 1959.585831994115, "Gi\u00e1 T6/23": 1846.463323170088, "Gi\u00e1 T7/23": 1670.5117529125562, "Gi\u00e1 T8/23": 1786.605637094901, "Gi\u00e1 T9/23": 1618.8763632807334, "Gi\u00e1 T10/23": 1548.54929493527, "Gi\u00e1 T11/23": 1918.4126166328263, "Gi\u00e1 T12/23": 1966.7600624797874, "Gi\u00e1 T1/24": 2030.8807465401067, "Gi\u00e1 T2/24": 2071.8290183216254, "Gi\u00e1 T3/24": 2090.9663574517317, "Gi\u00e1 T4/24": 2304.8371438724353, "Gi\u00e1 T5/24": 2572.1750482101243, "Gi\u00e1 T6/24": 2682.325646969197, "Gi\u00e1 T7/24": 2810.371234409226, "Gi\u00e1 T8/24": 3254.1427743381664, "Gi\u00e1 T9/24": 3127.4180790410433, "Gi\u00e1 T10/24": 3270.9138285317695}