{"Gi\u00e1 T10/22": 44.29001885369534, "Gi\u00e1 T11/22": 39.888300204697266, "Gi\u00e1 T12/22": 40.151343191122606, "Gi\u00e1 T1/23": 39.17077246283128, "Gi\u00e1 T2/23": 41.182270792932556, "Gi\u00e1 T3/23": 45.356699525964224, "Gi\u00e1 T4/23": 43.555806668821376, "Gi\u00e1 T5/23": 48.07623518233645, "Gi\u00e1 T6/23": 42.31765540831717, "Gi\u00e1 T7/23": 39.862610698125394, "Gi\u00e1 T8/23": 43.31701680672269, "Gi\u00e1 T9/23": 41.507635207929326, "Gi\u00e1 T10/23": 44.2161339151045, "Gi\u00e1 T11/23": 52.134651206636505, "Gi\u00e1 T12/23": 49.985755763844, "Gi\u00e1 T1/24": 48.76009238310708, "Gi\u00e1 T2/24": 41.24414862098687, "Gi\u00e1 T3/24": 42.515207121310056, "Gi\u00e1 T4/24": 55.41326869209223, "Gi\u00e1 T5/24": 49.592705235940535, "Gi\u00e1 T6/24": 60.47577246283129, "Gi\u00e1 T7/24": 65.29652499461324, "Gi\u00e1 T8/24": 72.25411764705883, "Gi\u00e1 T9/24": 71.68776745313511, "Gi\u00e1 T10/24": 73.08034448394743}