{"Gi\u00e1 T10/22": 78.61883094503898, "Gi\u00e1 T11/22": 73.78714710126475, "Gi\u00e1 T12/22": 74.89673202614377, "Gi\u00e1 T1/23": 79.4330061115355, "Gi\u00e1 T2/23": 84.15810754604871, "Gi\u00e1 T3/23": 67.88494355317884, "Gi\u00e1 T4/23": 66.45927043544691, "Gi\u00e1 T5/23": 65.47737883032002, "Gi\u00e1 T6/23": 74.78584373143197, "Gi\u00e1 T7/23": 65.48824250912487, "Gi\u00e1 T8/23": 74.34307486631015, "Gi\u00e1 T9/23": 70.60161149308207, "Gi\u00e1 T10/23": 46.047967065614145, "Gi\u00e1 T11/23": 46.09084330701979, "Gi\u00e1 T12/23": 47.02716238010357, "Gi\u00e1 T1/24": 39.747239198709806, "Gi\u00e1 T2/24": 53.12698412698414, "Gi\u00e1 T3/24": 33.74356039385452, "Gi\u00e1 T4/24": 28.452474323062557, "Gi\u00e1 T5/24": 48.15089253883372, "Gi\u00e1 T6/24": 46.15610729140143, "Gi\u00e1 T7/24": 44.2469964349376, "Gi\u00e1 T8/24": 39.299208895679506, "Gi\u00e1 T9/24": 36.54381970970205, "Gi\u00e1 T10/24": 38.32650581444697}