{"Gi\u00e1 T10/22": 67.25309357433132, "Gi\u00e1 T11/22": 67.46681675941265, "Gi\u00e1 T12/22": 68.98716112314685, "Gi\u00e1 T1/23": 72.72283770867847, "Gi\u00e1 T2/23": 62.52558769805871, "Gi\u00e1 T3/23": 69.07064497401697, "Gi\u00e1 T4/23": 52.69999391133201, "Gi\u00e1 T5/23": 65.65350424082807, "Gi\u00e1 T6/23": 63.385379975362135, "Gi\u00e1 T7/23": 55.15207662517877, "Gi\u00e1 T8/23": 60.22007741812158, "Gi\u00e1 T9/23": 62.27779646857256, "Gi\u00e1 T10/23": 71.30182249408833, "Gi\u00e1 T11/23": 82.65430355549893, "Gi\u00e1 T12/23": 87.18542383501125, "Gi\u00e1 T1/24": 79.9328007518797, "Gi\u00e1 T2/24": 80.74686830069525, "Gi\u00e1 T3/24": 80.25321212636109, "Gi\u00e1 T4/24": 82.2480781048667, "Gi\u00e1 T5/24": 65.46957602339181, "Gi\u00e1 T6/24": 86.69498449513615, "Gi\u00e1 T7/24": 101.09080281919489, "Gi\u00e1 T8/24": 124.24073290571062, "Gi\u00e1 T9/24": 123.78179488268694, "Gi\u00e1 T10/24": 135.6525271866106}