{"Gi\u00e1 T10/22": 71.48305167159731, "Gi\u00e1 T11/22": 70.83826967991637, "Gi\u00e1 T12/22": 73.4977283181707, "Gi\u00e1 T1/23": 75.63134234935605, "Gi\u00e1 T2/23": 65.40203954890228, "Gi\u00e1 T3/23": 75.57663149231489, "Gi\u00e1 T4/23": 55.44677758747248, "Gi\u00e1 T5/23": 70.94405534177103, "Gi\u00e1 T6/23": 67.66540841248303, "Gi\u00e1 T7/23": 58.12554796805837, "Gi\u00e1 T8/23": 63.16956389438798, "Gi\u00e1 T9/23": 65.41367115243455, "Gi\u00e1 T10/23": 75.41330965144472, "Gi\u00e1 T11/23": 87.81071494984097, "Gi\u00e1 T12/23": 94.19449251506994, "Gi\u00e1 T1/24": 88.08654242943257, "Gi\u00e1 T2/24": 87.68390964699603, "Gi\u00e1 T3/24": 85.7056739995996, "Gi\u00e1 T4/24": 91.51256338278802, "Gi\u00e1 T5/24": 70.76295428965456, "Gi\u00e1 T6/24": 95.3049244389083, "Gi\u00e1 T7/24": 108.79673514691818, "Gi\u00e1 T8/24": 134.7739178325956, "Gi\u00e1 T9/24": 133.3703407700692, "Gi\u00e1 T10/24": 142.88041217163067}