{"Gi\u00e1 T10/22": 34.13062746987953, "Gi\u00e1 T11/22": 36.72138152610442, "Gi\u00e1 T12/22": 36.63525927710843, "Gi\u00e1 T1/23": 39.24943678714861, "Gi\u00e1 T2/23": 41.6277270682731, "Gi\u00e1 T3/23": 41.996078554216865, "Gi\u00e1 T4/23": 46.34855967871487, "Gi\u00e1 T5/23": 50.023815100401606, "Gi\u00e1 T6/23": 51.446133493975886, "Gi\u00e1 T7/23": 39.50240963855421, "Gi\u00e1 T8/23": 46.89241188755021, "Gi\u00e1 T9/23": 45.720478072289154, "Gi\u00e1 T10/23": 43.29758329317269, "Gi\u00e1 T11/23": 46.73012192771084, "Gi\u00e1 T12/23": 46.17648530120481, "Gi\u00e1 T1/24": 44.950172048192776, "Gi\u00e1 T2/24": 49.84608835341364, "Gi\u00e1 T3/24": 57.978409638554204, "Gi\u00e1 T4/24": 68.51121991967872, "Gi\u00e1 T5/24": 65.69834040160643, "Gi\u00e1 T6/24": 70.27253911646586, "Gi\u00e1 T7/24": 59.047955180722894, "Gi\u00e1 T8/24": 73.5683752610442, "Gi\u00e1 T9/24": 80.6967789558233, "Gi\u00e1 T10/24": 78.6031768674699}