{"Gi\u00e1 T10/22": 13461.854129947724, "Gi\u00e1 T11/22": 13995.529491224795, "Gi\u00e1 T12/22": 12490.449719940254, "Gi\u00e1 T1/23": 12644.444256908142, "Gi\u00e1 T2/23": 14787.521925877521, "Gi\u00e1 T3/23": 15328.591396564601, "Gi\u00e1 T4/23": 10029.985373412994, "Gi\u00e1 T5/23": 9300.307569081406, "Gi\u00e1 T6/23": 10378.705391150113, "Gi\u00e1 T7/23": 10359.843043315908, "Gi\u00e1 T8/23": 11248.005032673635, "Gi\u00e1 T9/23": 11209.717729648992, "Gi\u00e1 T10/23": 12502.072572815534, "Gi\u00e1 T11/23": 11663.487355302464, "Gi\u00e1 T12/23": 12410.2151120239, "Gi\u00e1 T1/24": 11296.332754854368, "Gi\u00e1 T2/24": 9170.54338965646, "Gi\u00e1 T3/24": 11762.422799663926, "Gi\u00e1 T4/24": 12837.685622666171, "Gi\u00e1 T5/24": 15980.060828043317, "Gi\u00e1 T6/24": 15856.774547236744, "Gi\u00e1 T7/24": 16239.354514563105, "Gi\u00e1 T8/24": 16965.820215646003, "Gi\u00e1 T9/24": 16608.40582150859, "Gi\u00e1 T10/24": 16731.225421023155}