{"Gi\u00e1 T10/22": 416.82382142942856, "Gi\u00e1 T11/22": 596.0317653958768, "Gi\u00e1 T12/22": 420.23046481628154, "Gi\u00e1 T1/23": 478.52804917560655, "Gi\u00e1 T2/23": 468.7171382628939, "Gi\u00e1 T3/23": 485.36002135982915, "Gi\u00e1 T4/23": 375.62008798929605, "Gi\u00e1 T5/23": 402.9606231850145, "Gi\u00e1 T6/23": 365.84674778601766, "Gi\u00e1 T7/23": 425.50583465332284, "Gi\u00e1 T8/23": 555.5843374253006, "Gi\u00e1 T9/23": 535.711510997912, "Gi\u00e1 T10/23": 525.9765398876809, "Gi\u00e1 T11/23": 402.6122191722466, "Gi\u00e1 T12/23": 471.09377468980244, "Gi\u00e1 T1/24": 443.5002448580411, "Gi\u00e1 T2/24": 459.08681234550124, "Gi\u00e1 T3/24": 527.0751473888208, "Gi\u00e1 T4/24": 552.6081066851466, "Gi\u00e1 T5/24": 619.1014260685914, "Gi\u00e1 T6/24": 630.4658621631028, "Gi\u00e1 T7/24": 767.498093875249, "Gi\u00e1 T8/24": 783.092585259318, "Gi\u00e1 T9/24": 852.5529577363379, "Gi\u00e1 T10/24": 822.1607548239614}