{"Gi\u00e1 T10/22": 1947.0285622829438, "Gi\u00e1 T11/22": 1883.6850554343428, "Gi\u00e1 T12/22": 1754.9624217961778, "Gi\u00e1 T1/23": 1652.3045687470667, "Gi\u00e1 T2/23": 1759.882428920854, "Gi\u00e1 T3/23": 1740.656206521906, "Gi\u00e1 T4/23": 1589.9915065984035, "Gi\u00e1 T5/23": 1884.7248967896044, "Gi\u00e1 T6/23": 1762.1656084166498, "Gi\u00e1 T7/23": 1644.8537490296467, "Gi\u00e1 T8/23": 1808.126992409231, "Gi\u00e1 T9/23": 1655.4937119845615, "Gi\u00e1 T10/23": 1587.776432722297, "Gi\u00e1 T11/23": 1837.3810740853232, "Gi\u00e1 T12/23": 1909.1042809650787, "Gi\u00e1 T1/24": 1953.7425377619954, "Gi\u00e1 T2/24": 1993.624644367992, "Gi\u00e1 T3/24": 2049.01274851751, "Gi\u00e1 T4/24": 2251.4149389757754, "Gi\u00e1 T5/24": 2518.9202139503095, "Gi\u00e1 T6/24": 2613.4310067522865, "Gi\u00e1 T7/24": 2787.7587376115857, "Gi\u00e1 T8/24": 3169.2559917355375, "Gi\u00e1 T9/24": 3095.5564993121698, "Gi\u00e1 T10/24": 3192.374109976889}