{"Gi\u00e1 T10/22": 37.68945614035086, "Gi\u00e1 T11/22": 44.867574561403536, "Gi\u00e1 T12/22": 45.68835087719299, "Gi\u00e1 T1/23": 31.52489364035088, "Gi\u00e1 T2/23": 33.749403508771934, "Gi\u00e1 T3/23": 38.45705153508772, "Gi\u00e1 T4/23": 34.117052631578964, "Gi\u00e1 T5/23": 32.469630482456154, "Gi\u00e1 T6/23": 37.7756798245614, "Gi\u00e1 T7/23": 44.80404276315791, "Gi\u00e1 T8/23": 36.1453640350877, "Gi\u00e1 T9/23": 38.60835855263158, "Gi\u00e1 T10/23": 39.03978947368422, "Gi\u00e1 T11/23": 39.328802631578945, "Gi\u00e1 T12/23": 50.24561403508773, "Gi\u00e1 T1/24": 37.748709429824565, "Gi\u00e1 T2/24": 34.29500000000001, "Gi\u00e1 T3/24": 41.001192982456146, "Gi\u00e1 T4/24": 40.642183114035085, "Gi\u00e1 T5/24": 62.544341008771916, "Gi\u00e1 T6/24": 46.89745614035089, "Gi\u00e1 T7/24": 48.430998903508765, "Gi\u00e1 T8/24": 59.860630482456145, "Gi\u00e1 T9/24": 54.97841995614038, "Gi\u00e1 T10/24": 74.33227960526315}