{"Gi\u00e1 T10/22": 31.658299293008646, "Gi\u00e1 T11/22": 32.505777129390644, "Gi\u00e1 T12/22": 33.262722477836384, "Gi\u00e1 T1/23": 36.42027437997981, "Gi\u00e1 T2/23": 39.813193244304806, "Gi\u00e1 T3/23": 41.05400291774212, "Gi\u00e1 T4/23": 43.78989170687915, "Gi\u00e1 T5/23": 47.84182751655257, "Gi\u00e1 T6/23": 48.932283694310385, "Gi\u00e1 T7/23": 35.963286387610815, "Gi\u00e1 T8/23": 43.802625967904845, "Gi\u00e1 T9/23": 42.436301200763104, "Gi\u00e1 T10/23": 40.50133150039277, "Gi\u00e1 T11/23": 44.92318090001122, "Gi\u00e1 T12/23": 45.07633486701829, "Gi\u00e1 T1/24": 43.348412636067785, "Gi\u00e1 T2/24": 48.18964201548647, "Gi\u00e1 T3/24": 56.3645769273931, "Gi\u00e1 T4/24": 66.29150544271126, "Gi\u00e1 T5/24": 62.9951318594995, "Gi\u00e1 T6/24": 68.98023173605657, "Gi\u00e1 T7/24": 58.32374593199417, "Gi\u00e1 T8/24": 72.49081416227136, "Gi\u00e1 T9/24": 82.074643137695, "Gi\u00e1 T10/24": 76.1001369094378}