{"Gi\u00e1 T10/22": 40.168182950191586, "Gi\u00e1 T11/22": 36.13521264367816, "Gi\u00e1 T12/22": 36.536803639846745, "Gi\u00e1 T1/23": 36.75673180076628, "Gi\u00e1 T2/23": 38.32425, "Gi\u00e1 T3/23": 42.120682950191565, "Gi\u00e1 T4/23": 40.79700957854406, "Gi\u00e1 T5/23": 43.5504649317677, "Gi\u00e1 T6/23": 38.38334482758621, "Gi\u00e1 T7/23": 36.2019703065134, "Gi\u00e1 T8/23": 39.344652298850576, "Gi\u00e1 T9/23": 37.80243103448276, "Gi\u00e1 T10/23": 41.39564942528735, "Gi\u00e1 T11/23": 47.70639655172414, "Gi\u00e1 T12/23": 45.05584291187739, "Gi\u00e1 T1/24": 43.72778544061302, "Gi\u00e1 T2/24": 36.94594157088124, "Gi\u00e1 T3/24": 38.158724137931024, "Gi\u00e1 T4/24": 47.67637739463602, "Gi\u00e1 T5/24": 44.659413793103454, "Gi\u00e1 T6/24": 51.85601724137931, "Gi\u00e1 T7/24": 55.33970498084292, "Gi\u00e1 T8/24": 62.6841551724138, "Gi\u00e1 T9/24": 63.22822988505748, "Gi\u00e1 T10/24": 66.92331704980843}