{"Gi\u00e1 T10/22": 56.865071033938435, "Gi\u00e1 T11/22": 51.72778580535486, "Gi\u00e1 T12/22": 58.06950154817559, "Gi\u00e1 T1/23": 62.551165381579736, "Gi\u00e1 T2/23": 59.922256086454986, "Gi\u00e1 T3/23": 73.94508651569426, "Gi\u00e1 T4/23": 72.9387736020885, "Gi\u00e1 T5/23": 70.61068575071339, "Gi\u00e1 T6/23": 65.31093436949791, "Gi\u00e1 T7/23": 70.61848582356869, "Gi\u00e1 T8/23": 70.64314249286628, "Gi\u00e1 T9/23": 54.982258514965686, "Gi\u00e1 T10/23": 56.72303837046932, "Gi\u00e1 T11/23": 55.89744672454617, "Gi\u00e1 T12/23": 56.63923167992229, "Gi\u00e1 T1/24": 64.56508287292817, "Gi\u00e1 T2/24": 60.11751108008013, "Gi\u00e1 T3/24": 75.44336257664987, "Gi\u00e1 T4/24": 71.38151174792061, "Gi\u00e1 T5/24": 101.12957076073096, "Gi\u00e1 T6/24": 81.4358921741242, "Gi\u00e1 T7/24": 81.11954252929391, "Gi\u00e1 T8/24": 85.47808633355595, "Gi\u00e1 T9/24": 93.34769837896911, "Gi\u00e1 T10/24": 123.80006344484246}