{"Gi\u00e1 T10/22": 32.203981370909965, "Gi\u00e1 T11/22": 33.49741183026829, "Gi\u00e1 T12/22": 34.11237719926757, "Gi\u00e1 T1/23": 35.276343443993326, "Gi\u00e1 T2/23": 38.56434758379111, "Gi\u00e1 T3/23": 38.808268449964174, "Gi\u00e1 T4/23": 41.35416606958046, "Gi\u00e1 T5/23": 45.524103972613645, "Gi\u00e1 T6/23": 46.61324894514766, "Gi\u00e1 T7/23": 34.939687922936066, "Gi\u00e1 T8/23": 41.14668816177057, "Gi\u00e1 T9/23": 40.45344240108272, "Gi\u00e1 T10/23": 38.73161929782661, "Gi\u00e1 T11/23": 42.081221240347105, "Gi\u00e1 T12/23": 43.06993312634344, "Gi\u00e1 T1/24": 41.29846429424409, "Gi\u00e1 T2/24": 44.93196640394872, "Gi\u00e1 T3/24": 53.02659979301011, "Gi\u00e1 T4/24": 62.95026271793647, "Gi\u00e1 T5/24": 58.318601226017044, "Gi\u00e1 T6/24": 64.12442639917204, "Gi\u00e1 T7/24": 54.432245840299345, "Gi\u00e1 T8/24": 68.10150226892765, "Gi\u00e1 T9/24": 79.75445505931057, "Gi\u00e1 T10/24": 74.45271634424013}