{"Gi\u00e1 T10/22": 306.29983232417334, "Gi\u00e1 T11/22": 190.6997583259652, "Gi\u00e1 T12/22": 226.04456233421752, "Gi\u00e1 T1/23": 485.6296256999706, "Gi\u00e1 T2/23": 216.95668582375484, "Gi\u00e1 T3/23": 279.83148541114053, "Gi\u00e1 T4/23": 547.0707692307692, "Gi\u00e1 T5/23": 838.7082729148245, "Gi\u00e1 T6/23": 357.03673445328616, "Gi\u00e1 T7/23": 773.1371455938696, "Gi\u00e1 T8/23": 706.3539758325966, "Gi\u00e1 T9/23": 501.1231299734748, "Gi\u00e1 T10/23": 584.9497804302977, "Gi\u00e1 T11/23": 396.9977320954908, "Gi\u00e1 T12/23": 687.8450928381965, "Gi\u00e1 T1/24": 455.27675066313, "Gi\u00e1 T2/24": 439.65165782493375, "Gi\u00e1 T3/24": 797.7653551429414, "Gi\u00e1 T4/24": 361.59134099616864, "Gi\u00e1 T5/24": 349.7249071618037, "Gi\u00e1 T6/24": 443.73155172413794, "Gi\u00e1 T7/24": 495.1555850279989, "Gi\u00e1 T8/24": 498.9095092838197, "Gi\u00e1 T9/24": 432.741127320955, "Gi\u00e1 T10/24": 793.0155938697317}