{"Gi\u00e1 T10/22": 13.369230769230777, "Gi\u00e1 T11/22": 15.031025641025641, "Gi\u00e1 T12/22": 16.682692307692303, "Gi\u00e1 T1/23": 20.62564102564102, "Gi\u00e1 T2/23": 16.55102564102564, "Gi\u00e1 T3/23": 18.424102564102565, "Gi\u00e1 T4/23": 18.45141025641026, "Gi\u00e1 T5/23": 17.619090909090918, "Gi\u00e1 T6/23": 19.409102564102568, "Gi\u00e1 T7/23": 19.335769230769237, "Gi\u00e1 T8/23": 16.800769230769237, "Gi\u00e1 T9/23": 18.293333333333333, "Gi\u00e1 T10/23": 18.299102564102565, "Gi\u00e1 T11/23": 24.11974358974359, "Gi\u00e1 T12/23": 22.010000000000005, "Gi\u00e1 T1/24": 18.932564102564104, "Gi\u00e1 T2/24": 15.944230769230767, "Gi\u00e1 T3/24": 20.287435897435895, "Gi\u00e1 T4/24": 22.43602564102564, "Gi\u00e1 T5/24": 18.753076923076925, "Gi\u00e1 T6/24": 14.09192307692308, "Gi\u00e1 T7/24": 15.340641025641027, "Gi\u00e1 T8/24": 28.862307692307706, "Gi\u00e1 T9/24": 35.07910256410257, "Gi\u00e1 T10/24": 26.700769230769236}