{"Gi\u00e1 T10/22": 34.60441687552215, "Gi\u00e1 T11/22": 37.09802534113061, "Gi\u00e1 T12/22": 37.01748370927318, "Gi\u00e1 T1/23": 41.02329963798386, "Gi\u00e1 T2/23": 44.15406850459483, "Gi\u00e1 T3/23": 45.22622110832637, "Gi\u00e1 T4/23": 49.79170593149542, "Gi\u00e1 T5/23": 53.811648287385125, "Gi\u00e1 T6/23": 54.99666499582287, "Gi\u00e1 T7/23": 41.45251016429963, "Gi\u00e1 T8/23": 51.01421442495128, "Gi\u00e1 T9/23": 48.910961849067114, "Gi\u00e1 T10/23": 45.86313116123643, "Gi\u00e1 T11/23": 49.38432637148426, "Gi\u00e1 T12/23": 48.41355304928989, "Gi\u00e1 T1/24": 47.833167362851576, "Gi\u00e1 T2/24": 54.631651629072664, "Gi\u00e1 T3/24": 62.82933695349484, "Gi\u00e1 T4/24": 74.03827485380117, "Gi\u00e1 T5/24": 71.7476134781398, "Gi\u00e1 T6/24": 76.68642411584518, "Gi\u00e1 T7/24": 64.32615316067948, "Gi\u00e1 T8/24": 79.7678964076859, "Gi\u00e1 T9/24": 84.27781008075748, "Gi\u00e1 T10/24": 80.57076719576722}