{"Gi\u00e1 T10/22": 4139.634774308124, "Gi\u00e1 T11/22": 3926.601153264653, "Gi\u00e1 T12/22": 4495.169257058473, "Gi\u00e1 T1/23": 2807.1569994022716, "Gi\u00e1 T2/23": 2268.0175457965615, "Gi\u00e1 T3/23": 2936.58166485004, "Gi\u00e1 T4/23": 2556.023925670687, "Gi\u00e1 T5/23": 3064.895373931999, "Gi\u00e1 T6/23": 2624.2050385007565, "Gi\u00e1 T7/23": 2407.990045357055, "Gi\u00e1 T8/23": 3454.4674571920814, "Gi\u00e1 T9/23": 2923.497038430435, "Gi\u00e1 T10/23": 3338.2169093913717, "Gi\u00e1 T11/23": 2673.9857744101823, "Gi\u00e1 T12/23": 1992.4208494778666, "Gi\u00e1 T1/24": 3556.88847157273, "Gi\u00e1 T2/24": 2724.629136106325, "Gi\u00e1 T3/24": 3308.815429485602, "Gi\u00e1 T4/24": 3705.184066664322, "Gi\u00e1 T5/24": 3917.599877641432, "Gi\u00e1 T6/24": 3911.8644970289365, "Gi\u00e1 T7/24": 3317.8744140501394, "Gi\u00e1 T8/24": 3194.5068250061527, "Gi\u00e1 T9/24": 4469.386232199994, "Gi\u00e1 T10/24": 4871.647860834711}