{"Gi\u00e1 T10/22": 303.50434852959154, "Gi\u00e1 T11/22": 435.0042338499547, "Gi\u00e1 T12/22": 310.0468605122465, "Gi\u00e1 T1/23": 352.6923995226239, "Gi\u00e1 T2/23": 343.18901742229775, "Gi\u00e1 T3/23": 357.88007134907, "Gi\u00e1 T4/23": 270.633293605605, "Gi\u00e1 T5/23": 298.2499116339516, "Gi\u00e1 T6/23": 272.4797447774925, "Gi\u00e1 T7/23": 311.5053655916054, "Gi\u00e1 T8/23": 406.0359671047976, "Gi\u00e1 T9/23": 392.59646378182237, "Gi\u00e1 T10/23": 389.76274314334796, "Gi\u00e1 T11/23": 302.2656289526677, "Gi\u00e1 T12/23": 350.68575691777164, "Gi\u00e1 T1/24": 328.76981146217344, "Gi\u00e1 T2/24": 340.32463582379546, "Gi\u00e1 T3/24": 390.5779994595742, "Gi\u00e1 T4/24": 405.5984885449036, "Gi\u00e1 T5/24": 448.13736002007295, "Gi\u00e1 T6/24": 466.0125998661803, "Gi\u00e1 T7/24": 570.1586624783669, "Gi\u00e1 T8/24": 588.9201405107024, "Gi\u00e1 T9/24": 637.451754871874, "Gi\u00e1 T10/24": 617.5418520520095}