{"Gi\u00e1 T10/22": 3816.4761673414305, "Gi\u00e1 T11/22": 4847.489716599191, "Gi\u00e1 T12/22": 3516.17060728745, "Gi\u00e1 T1/23": 3961.994939271255, "Gi\u00e1 T2/23": 3907.364939271255, "Gi\u00e1 T3/23": 3954.815344129555, "Gi\u00e1 T4/23": 3355.539568151147, "Gi\u00e1 T5/23": 3263.9130094466936, "Gi\u00e1 T6/23": 2880.44657219973, "Gi\u00e1 T7/23": 3455.2673414304995, "Gi\u00e1 T8/23": 4458.608839406208, "Gi\u00e1 T9/23": 4192.6257219973, "Gi\u00e1 T10/23": 4019.987746288799, "Gi\u00e1 T11/23": 3181.2558839406206, "Gi\u00e1 T12/23": 3810.463616734143, "Gi\u00e1 T1/24": 3717.3339406207824, "Gi\u00e1 T2/24": 3835.0142105263158, "Gi\u00e1 T3/24": 4158.660094466936, "Gi\u00e1 T4/24": 4639.117746288799, "Gi\u00e1 T5/24": 5224.015344129554, "Gi\u00e1 T6/24": 5029.094588394062, "Gi\u00e1 T7/24": 5810.38020242915, "Gi\u00e1 T8/24": 5725.37786774629, "Gi\u00e1 T9/24": 6276.365357624831, "Gi\u00e1 T10/24": 5934.767989203779}