{"Gi\u00e1 T10/22": 71.12248452556584, "Gi\u00e1 T11/22": 70.36464556128608, "Gi\u00e1 T12/22": 73.40213020877786, "Gi\u00e1 T1/23": 76.24226816798144, "Gi\u00e1 T2/23": 65.29349427557702, "Gi\u00e1 T3/23": 74.89813105819526, "Gi\u00e1 T4/23": 55.5815788799883, "Gi\u00e1 T5/23": 70.56320047469833, "Gi\u00e1 T6/23": 67.30275302681152, "Gi\u00e1 T7/23": 58.24044122966377, "Gi\u00e1 T8/23": 62.96898921361832, "Gi\u00e1 T9/23": 65.38075049481611, "Gi\u00e1 T10/23": 75.1244550926434, "Gi\u00e1 T11/23": 87.71641700297907, "Gi\u00e1 T12/23": 93.9559814225506, "Gi\u00e1 T1/24": 88.18562161909523, "Gi\u00e1 T2/24": 87.85762992225189, "Gi\u00e1 T3/24": 84.99396385302232, "Gi\u00e1 T4/24": 91.04586669023904, "Gi\u00e1 T5/24": 70.19200647426753, "Gi\u00e1 T6/24": 94.66829236621676, "Gi\u00e1 T7/24": 107.75567490073198, "Gi\u00e1 T8/24": 133.78184709674014, "Gi\u00e1 T9/24": 132.08083163653063, "Gi\u00e1 T10/24": 141.0672636160796}