{"Gi\u00e1 T10/22": 409.108469229228, "Gi\u00e1 T11/22": 569.5153026987039, "Gi\u00e1 T12/22": 408.10151873372075, "Gi\u00e1 T1/23": 464.1584828229274, "Gi\u00e1 T2/23": 452.0935616571367, "Gi\u00e1 T3/23": 468.0344173358199, "Gi\u00e1 T4/23": 362.92989419416483, "Gi\u00e1 T5/23": 389.04158952267926, "Gi\u00e1 T6/23": 352.60877437849666, "Gi\u00e1 T7/23": 407.6294730514927, "Gi\u00e1 T8/23": 531.7020867099241, "Gi\u00e1 T9/23": 512.2472531942111, "Gi\u00e1 T10/23": 502.57758186273753, "Gi\u00e1 T11/23": 391.4655112741396, "Gi\u00e1 T12/23": 456.75294311298796, "Gi\u00e1 T1/24": 429.9021547246582, "Gi\u00e1 T2/24": 445.79639031795693, "Gi\u00e1 T3/24": 506.659159672025, "Gi\u00e1 T4/24": 533.5696423408289, "Gi\u00e1 T5/24": 593.4982541035403, "Gi\u00e1 T6/24": 604.4429533776182, "Gi\u00e1 T7/24": 731.2403806389963, "Gi\u00e1 T8/24": 744.9857316708537, "Gi\u00e1 T9/24": 809.035895627514, "Gi\u00e1 T10/24": 781.9265985389085}