{"Gi\u00e1 T10/22": 69.60803389616137, "Gi\u00e1 T11/22": 63.89172422178988, "Gi\u00e1 T12/22": 66.39654669260699, "Gi\u00e1 T1/23": 68.98950085116729, "Gi\u00e1 T2/23": 74.9874264348249, "Gi\u00e1 T3/23": 59.85782769941633, "Gi\u00e1 T4/23": 58.82491427529184, "Gi\u00e1 T5/23": 58.198142631322966, "Gi\u00e1 T6/23": 65.9331225680934, "Gi\u00e1 T7/23": 58.967412451361874, "Gi\u00e1 T8/23": 66.8571978356031, "Gi\u00e1 T9/23": 63.18095877918287, "Gi\u00e1 T10/23": 42.025252918287954, "Gi\u00e1 T11/23": 41.55313411964981, "Gi\u00e1 T12/23": 42.16079644941636, "Gi\u00e1 T1/24": 35.65254803015566, "Gi\u00e1 T2/24": 47.260432271400795, "Gi\u00e1 T3/24": 30.683813229572, "Gi\u00e1 T4/24": 25.740919868677043, "Gi\u00e1 T5/24": 43.663497081712066, "Gi\u00e1 T6/24": 42.142827699416365, "Gi\u00e1 T7/24": 41.20929049124513, "Gi\u00e1 T8/24": 36.73157283560314, "Gi\u00e1 T9/24": 33.52431724221789, "Gi\u00e1 T10/24": 35.73507052529181}