{"Gi\u00e1 T10/22": 420.4834007269701, "Gi\u00e1 T11/22": 601.370108708955, "Gi\u00e1 T12/22": 423.95086881494086, "Gi\u00e1 T1/23": 482.8707944963223, "Gi\u00e1 T2/23": 472.9221235420823, "Gi\u00e1 T3/23": 489.729128706752, "Gi\u00e1 T4/23": 378.9491722760038, "Gi\u00e1 T5/23": 406.4462847115985, "Gi\u00e1 T6/23": 368.9973440196306, "Gi\u00e1 T7/23": 429.39686237134225, "Gi\u00e1 T8/23": 560.7621193809739, "Gi\u00e1 T9/23": 540.6739884835207, "Gi\u00e1 T10/23": 530.8144520187494, "Gi\u00e1 T11/23": 406.2039517984555, "Gi\u00e1 T12/23": 475.4519317945391, "Gi\u00e1 T1/24": 447.6016688798052, "Gi\u00e1 T2/24": 463.0691935098949, "Gi\u00e1 T3/24": 531.7318161402048, "Gi\u00e1 T4/24": 557.609103648313, "Gi\u00e1 T5/24": 624.782942484916, "Gi\u00e1 T6/24": 636.2998490680342, "Gi\u00e1 T7/24": 774.2040588552056, "Gi\u00e1 T8/24": 789.3871252554799, "Gi\u00e1 T9/24": 859.6130586899851, "Gi\u00e1 T10/24": 828.3912617643099}