{"Gi\u00e1 T10/22": 3334.6865315409436, "Gi\u00e1 T11/22": 3186.229102675585, "Gi\u00e1 T12/22": 3723.9581354515058, "Gi\u00e1 T1/23": 2342.715123634337, "Gi\u00e1 T2/23": 1958.0992905239689, "Gi\u00e1 T3/23": 2436.7128093645483, "Gi\u00e1 T4/23": 2115.9857386845038, "Gi\u00e1 T5/23": 2484.410234113712, "Gi\u00e1 T6/23": 2208.8251393534006, "Gi\u00e1 T7/23": 2002.6948578595318, "Gi\u00e1 T8/23": 2834.2621578595313, "Gi\u00e1 T9/23": 2412.7200575250836, "Gi\u00e1 T10/23": 2812.711937012263, "Gi\u00e1 T11/23": 2220.8250411371237, "Gi\u00e1 T12/23": 1719.1585547380157, "Gi\u00e1 T1/24": 2937.7178644370124, "Gi\u00e1 T2/24": 2248.9290411371235, "Gi\u00e1 T3/24": 2721.5684748049057, "Gi\u00e1 T4/24": 3221.0845363433664, "Gi\u00e1 T5/24": 3323.4811008918614, "Gi\u00e1 T6/24": 3431.640758082497, "Gi\u00e1 T7/24": 2928.386652731327, "Gi\u00e1 T8/24": 2868.1380784838348, "Gi\u00e1 T9/24": 3876.179740802676, "Gi\u00e1 T10/24": 4088.567492865106}