{"Gi\u00e1 T10/22": 72.65366707502692, "Gi\u00e1 T11/22": 71.02486092549282, "Gi\u00e1 T12/22": 74.25987930170399, "Gi\u00e1 T1/23": 75.67812687938523, "Gi\u00e1 T2/23": 65.90739953409809, "Gi\u00e1 T3/23": 78.17106517058322, "Gi\u00e1 T4/23": 56.36883246092736, "Gi\u00e1 T5/23": 72.85786882355126, "Gi\u00e1 T6/23": 69.17189390986375, "Gi\u00e1 T7/23": 58.73851115565951, "Gi\u00e1 T8/23": 64.50177223707169, "Gi\u00e1 T9/23": 66.34222936852656, "Gi\u00e1 T10/23": 76.45750960574675, "Gi\u00e1 T11/23": 88.43084029401939, "Gi\u00e1 T12/23": 95.56698296024055, "Gi\u00e1 T1/24": 89.60013197460742, "Gi\u00e1 T2/24": 89.35713377510487, "Gi\u00e1 T3/24": 87.4993809629877, "Gi\u00e1 T4/24": 93.65932926829271, "Gi\u00e1 T5/24": 72.56970644466719, "Gi\u00e1 T6/24": 97.31942286631771, "Gi\u00e1 T7/24": 111.22087723206, "Gi\u00e1 T8/24": 137.75301096076032, "Gi\u00e1 T9/24": 136.53270547945206, "Gi\u00e1 T10/24": 146.68964727883582}