{"Gi\u00e1 T10/22": 27.507082458770626, "Gi\u00e1 T11/22": 25.428955772113937, "Gi\u00e1 T12/22": 25.77348350824588, "Gi\u00e1 T1/23": 28.470347076461767, "Gi\u00e1 T2/23": 24.849238380809595, "Gi\u00e1 T3/23": 24.027496251874062, "Gi\u00e1 T4/23": 21.714431034482757, "Gi\u00e1 T5/23": 24.198155172413795, "Gi\u00e1 T6/23": 21.157213643178405, "Gi\u00e1 T7/23": 26.74893778110945, "Gi\u00e1 T8/23": 24.881381559220394, "Gi\u00e1 T9/23": 26.048775862068958, "Gi\u00e1 T10/23": 23.507714392803596, "Gi\u00e1 T11/23": 26.30622713643178, "Gi\u00e1 T12/23": 25.20682083958021, "Gi\u00e1 T1/24": 31.983792353823084, "Gi\u00e1 T2/24": 38.176488005997, "Gi\u00e1 T3/24": 35.769406296851585, "Gi\u00e1 T4/24": 36.2328875562219, "Gi\u00e1 T5/24": 33.16911844077961, "Gi\u00e1 T6/24": 36.891265367316336, "Gi\u00e1 T7/24": 40.83495952023988, "Gi\u00e1 T8/24": 39.0883628185907, "Gi\u00e1 T9/24": 47.30808695652174, "Gi\u00e1 T10/24": 52.111192653673164}