{"Gi\u00e1 T10/22": 44.75129536571749, "Gi\u00e1 T11/22": 40.17663722653673, "Gi\u00e1 T12/22": 39.89035023602863, "Gi\u00e1 T1/23": 39.059120856809294, "Gi\u00e1 T2/23": 41.35099436576823, "Gi\u00e1 T3/23": 45.63571747627024, "Gi\u00e1 T4/23": 43.50190294908888, "Gi\u00e1 T5/23": 49.02325029377204, "Gi\u00e1 T6/23": 42.77839348256434, "Gi\u00e1 T7/23": 40.469876148418855, "Gi\u00e1 T8/23": 43.83711232932338, "Gi\u00e1 T9/23": 41.435300746155015, "Gi\u00e1 T10/23": 44.92289629968022, "Gi\u00e1 T11/23": 53.051246129638095, "Gi\u00e1 T12/23": 51.34038728998528, "Gi\u00e1 T1/24": 49.66752601390792, "Gi\u00e1 T2/24": 41.21200852748593, "Gi\u00e1 T3/24": 42.89540784731739, "Gi\u00e1 T4/24": 58.13544540886251, "Gi\u00e1 T5/24": 50.13293487640222, "Gi\u00e1 T6/24": 62.58700015227654, "Gi\u00e1 T7/24": 68.27193289680727, "Gi\u00e1 T8/24": 75.10452058271156, "Gi\u00e1 T9/24": 75.40665854525152, "Gi\u00e1 T10/24": 75.20451449165017}