{"Gi\u00e1 T10/22": 3771.0795448079657, "Gi\u00e1 T11/22": 4751.781137980086, "Gi\u00e1 T12/22": 3443.9696799431013, "Gi\u00e1 T1/23": 3927.286458036984, "Gi\u00e1 T2/23": 3814.774544807966, "Gi\u00e1 T3/23": 3911.8667496443813, "Gi\u00e1 T4/23": 3041.96020625889, "Gi\u00e1 T5/23": 3110.5386628734, "Gi\u00e1 T6/23": 2810.9160739687054, "Gi\u00e1 T7/23": 3282.9783783783787, "Gi\u00e1 T8/23": 4400.166721194879, "Gi\u00e1 T9/23": 4148.298300142247, "Gi\u00e1 T10/23": 4045.7808321479374, "Gi\u00e1 T11/23": 3088.928485064011, "Gi\u00e1 T12/23": 3641.8433926031294, "Gi\u00e1 T1/24": 3477.994317211949, "Gi\u00e1 T2/24": 3670.5252347083924, "Gi\u00e1 T3/24": 4093.2202347083926, "Gi\u00e1 T4/24": 4326.945611664296, "Gi\u00e1 T5/24": 4976.481913229019, "Gi\u00e1 T6/24": 4937.292773826458, "Gi\u00e1 T7/24": 5843.638890469417, "Gi\u00e1 T8/24": 5663.509139402561, "Gi\u00e1 T9/24": 6232.228940256045, "Gi\u00e1 T10/24": 5976.214480796586}