{"Gi\u00e1 T10/22": 8.518355179598512, "Gi\u00e1 T11/22": 8.416375379457623, "Gi\u00e1 T12/22": 8.647883409942, "Gi\u00e1 T1/23": 8.751300542143287, "Gi\u00e1 T2/23": 8.134242378675284, "Gi\u00e1 T3/23": 8.797245213304139, "Gi\u00e1 T4/23": 7.50130867388607, "Gi\u00e1 T5/23": 8.477522208310827, "Gi\u00e1 T6/23": 8.29997514986458, "Gi\u00e1 T7/23": 7.69194843056169, "Gi\u00e1 T8/23": 8.030429297490064, "Gi\u00e1 T9/23": 8.152359915777565, "Gi\u00e1 T10/23": 8.77659691679397, "Gi\u00e1 T11/23": 9.4751584273546, "Gi\u00e1 T12/23": 9.829327667387174, "Gi\u00e1 T1/24": 9.51193898776058, "Gi\u00e1 T2/24": 9.459540323143141, "Gi\u00e1 T3/24": 9.370288796722479, "Gi\u00e1 T4/24": 9.676819415450192, "Gi\u00e1 T5/24": 8.53104865444082, "Gi\u00e1 T6/24": 9.918550083635683, "Gi\u00e1 T7/24": 10.577282754053503, "Gi\u00e1 T8/24": 11.775111597491582, "Gi\u00e1 T9/24": 11.723663023884994, "Gi\u00e1 T10/24": 12.134983059651397}