{"Gi\u00e1 T10/22": 5.75969072446787, "Gi\u00e1 T11/22": 5.948200091200242, "Gi\u00e1 T12/22": 5.958943466394987, "Gi\u00e1 T1/23": 6.135802899900923, "Gi\u00e1 T2/23": 6.386931026127699, "Gi\u00e1 T3/23": 6.489981212875682, "Gi\u00e1 T4/23": 6.804105386310606, "Gi\u00e1 T5/23": 6.974427820822722, "Gi\u00e1 T6/23": 7.068676675692212, "Gi\u00e1 T7/23": 6.208060824744794, "Gi\u00e1 T8/23": 6.8500007446701865, "Gi\u00e1 T9/23": 6.724927308373271, "Gi\u00e1 T10/23": 6.529112788851188, "Gi\u00e1 T11/23": 6.829512438638264, "Gi\u00e1 T12/23": 6.768661725744591, "Gi\u00e1 T1/24": 6.735272650126913, "Gi\u00e1 T2/24": 7.146888698733356, "Gi\u00e1 T3/24": 7.699992640496135, "Gi\u00e1 T4/24": 8.340178138360255, "Gi\u00e1 T5/24": 8.254590498101528, "Gi\u00e1 T6/24": 8.523438587190665, "Gi\u00e1 T7/24": 7.766733997666009, "Gi\u00e1 T8/24": 8.768211585745416, "Gi\u00e1 T9/24": 9.035759311337943, "Gi\u00e1 T10/24": 8.835432393147657}