{"Gi\u00e1 T10/22": 27.559820889483685, "Gi\u00e1 T11/22": 25.387615698235344, "Gi\u00e1 T12/22": 26.975715664000504, "Gi\u00e1 T1/23": 29.44865332544894, "Gi\u00e1 T2/23": 26.271331113255112, "Gi\u00e1 T3/23": 25.654345025053683, "Gi\u00e1 T4/23": 21.91923765211167, "Gi\u00e1 T5/23": 23.3162897202079, "Gi\u00e1 T6/23": 21.62071659767825, "Gi\u00e1 T7/23": 29.802736298278923, "Gi\u00e1 T8/23": 25.82546839500794, "Gi\u00e1 T9/23": 27.398791976595806, "Gi\u00e1 T10/23": 25.03799134791945, "Gi\u00e1 T11/23": 27.62541548660172, "Gi\u00e1 T12/23": 25.592360804207775, "Gi\u00e1 T1/24": 31.905354330708658, "Gi\u00e1 T2/24": 38.86363636363636, "Gi\u00e1 T3/24": 35.0407774423454, "Gi\u00e1 T4/24": 38.10893047212973, "Gi\u00e1 T5/24": 34.05775310447854, "Gi\u00e1 T6/24": 38.08688120506675, "Gi\u00e1 T7/24": 41.80653200958576, "Gi\u00e1 T8/24": 40.731615729357934, "Gi\u00e1 T9/24": 44.9139466558775, "Gi\u00e1 T10/24": 49.77460520992189}