{"Gi\u00e1 T10/22": 8.447635900737883, "Gi\u00e1 T11/22": 8.407235166819785, "Gi\u00e1 T12/22": 8.572834887895064, "Gi\u00e1 T1/23": 8.694213739145063, "Gi\u00e1 T2/23": 8.07114750947945, "Gi\u00e1 T3/23": 8.679310078746802, "Gi\u00e1 T4/23": 7.441953983211098, "Gi\u00e1 T5/23": 8.417565460961999, "Gi\u00e1 T6/23": 8.222234861244164, "Gi\u00e1 T7/23": 7.628343918483259, "Gi\u00e1 T8/23": 7.937814783056785, "Gi\u00e1 T9/23": 8.084576602171902, "Gi\u00e1 T10/23": 8.673190403988556, "Gi\u00e1 T11/23": 9.379613679274966, "Gi\u00e1 T12/23": 9.70098776269442, "Gi\u00e1 T1/24": 9.38505098840139, "Gi\u00e1 T2/24": 9.36971008223986, "Gi\u00e1 T3/24": 9.24659082490931, "Gi\u00e1 T4/24": 9.550985431073155, "Gi\u00e1 T5/24": 8.403871897891383, "Gi\u00e1 T6/24": 9.750665765046783, "Gi\u00e1 T7/24": 10.424990308427454, "Gi\u00e1 T8/24": 11.612903438550743, "Gi\u00e1 T9/24": 11.539871923054962, "Gi\u00e1 T10/24": 11.947502458664179}