{"Gi\u00e1 T10/22": 8.246823432102053, "Gi\u00e1 T11/22": 8.246725581558582, "Gi\u00e1 T12/22": 8.38445264807028, "Gi\u00e1 T1/23": 8.59167077645101, "Gi\u00e1 T2/23": 7.9377714806498, "Gi\u00e1 T3/23": 8.337132563626938, "Gi\u00e1 T4/23": 7.253840181021711, "Gi\u00e1 T5/23": 8.125402518458875, "Gi\u00e1 T6/23": 7.987430145497233, "Gi\u00e1 T7/23": 7.4720760136625675, "Gi\u00e1 T8/23": 7.754602912508937, "Gi\u00e1 T9/23": 7.909407338720512, "Gi\u00e1 T10/23": 8.48028916766766, "Gi\u00e1 T11/23": 9.183805884052859, "Gi\u00e1 T12/23": 9.455372831680673, "Gi\u00e1 T1/24": 9.075898064621452, "Gi\u00e1 T2/24": 9.064901708814036, "Gi\u00e1 T3/24": 8.99176050150712, "Gi\u00e1 T4/24": 9.16347653122531, "Gi\u00e1 T5/24": 8.133939468350176, "Gi\u00e1 T6/24": 9.441462194792042, "Gi\u00e1 T7/24": 10.11044880625931, "Gi\u00e1 T8/24": 11.245164102548191, "Gi\u00e1 T9/24": 11.189676937881583, "Gi\u00e1 T10/24": 11.612751075115987}