{"Gi\u00e1 T10/22": 5.16403849059419, "Gi\u00e1 T11/22": 4.966170576357306, "Gi\u00e1 T12/22": 5.161956125808909, "Gi\u00e1 T1/23": 5.303812577825174, "Gi\u00e1 T2/23": 5.007689719767369, "Gi\u00e1 T3/23": 4.988575449900272, "Gi\u00e1 T4/23": 4.638035482219639, "Gi\u00e1 T5/23": 4.771658660063522, "Gi\u00e1 T6/23": 4.643304707529452, "Gi\u00e1 T7/23": 5.485141193099463, "Gi\u00e1 T8/23": 5.053782387272967, "Gi\u00e1 T9/23": 5.197485465934602, "Gi\u00e1 T10/23": 4.896533898925627, "Gi\u00e1 T11/23": 5.27479881015022, "Gi\u00e1 T12/23": 5.0222415209714475, "Gi\u00e1 T1/24": 5.553198869960549, "Gi\u00e1 T2/24": 6.049214779391487, "Gi\u00e1 T3/24": 5.729479498469567, "Gi\u00e1 T4/24": 5.920760338425685, "Gi\u00e1 T5/24": 5.6547782815009935, "Gi\u00e1 T6/24": 5.951106014609846, "Gi\u00e1 T7/24": 6.284099900013079, "Gi\u00e1 T8/24": 6.101539647470279, "Gi\u00e1 T9/24": 6.447239372195519, "Gi\u00e1 T10/24": 6.799855947487287}