{"Gi\u00e1 T10/22": 35.59489157245633, "Gi\u00e1 T11/22": 38.31273329907503, "Gi\u00e1 T12/22": 38.453609455292906, "Gi\u00e1 T1/23": 40.71919013360741, "Gi\u00e1 T2/23": 43.852215313463525, "Gi\u00e1 T3/23": 46.30173638232271, "Gi\u00e1 T4/23": 52.38833710174719, "Gi\u00e1 T5/23": 55.22190082219938, "Gi\u00e1 T6/23": 56.645123843782095, "Gi\u00e1 T7/23": 43.86093062692703, "Gi\u00e1 T8/23": 54.73256474820145, "Gi\u00e1 T9/23": 51.90502517985612, "Gi\u00e1 T10/23": 48.935459403905455, "Gi\u00e1 T11/23": 54.63192394655704, "Gi\u00e1 T12/23": 51.35122096608427, "Gi\u00e1 T1/24": 52.62453031860226, "Gi\u00e1 T2/24": 60.84037564234325, "Gi\u00e1 T3/24": 70.48269013360739, "Gi\u00e1 T4/24": 82.11562744090443, "Gi\u00e1 T5/24": 80.0304928057554, "Gi\u00e1 T6/24": 84.88873329907504, "Gi\u00e1 T7/24": 69.52087564234327, "Gi\u00e1 T8/24": 90.46795683453239, "Gi\u00e1 T9/24": 90.75635971223024, "Gi\u00e1 T10/24": 85.87553134635151}