{"Gi\u00e1 T10/22": 66.01174227790088, "Gi\u00e1 T11/22": 61.357867622867396, "Gi\u00e1 T12/22": 64.04833657146793, "Gi\u00e1 T1/23": 61.08357319303846, "Gi\u00e1 T2/23": 56.552932474532746, "Gi\u00e1 T3/23": 57.80297562431397, "Gi\u00e1 T4/23": 56.66135948732034, "Gi\u00e1 T5/23": 57.91261850533564, "Gi\u00e1 T6/23": 57.02756918079023, "Gi\u00e1 T7/23": 58.03450331371933, "Gi\u00e1 T8/23": 57.937989789436195, "Gi\u00e1 T9/23": 55.221401449820085, "Gi\u00e1 T10/23": 56.56353038635884, "Gi\u00e1 T11/23": 60.41641865720982, "Gi\u00e1 T12/23": 67.11371153042948, "Gi\u00e1 T1/24": 60.96703988847863, "Gi\u00e1 T2/24": 62.56759802884177, "Gi\u00e1 T3/24": 67.5163605253745, "Gi\u00e1 T4/24": 74.00049579172344, "Gi\u00e1 T5/24": 75.49578020034348, "Gi\u00e1 T6/24": 78.33868048531006, "Gi\u00e1 T7/24": 81.28965223339767, "Gi\u00e1 T8/24": 83.421699738414, "Gi\u00e1 T9/24": 84.86792698205524, "Gi\u00e1 T10/24": 87.62174838089294}