{"Gi\u00e1 T10/22": 44.36766320273498, "Gi\u00e1 T11/22": 39.9403038853918, "Gi\u00e1 T12/22": 40.199075320164965, "Gi\u00e1 T1/23": 39.214702490774904, "Gi\u00e1 T2/23": 41.27877794660299, "Gi\u00e1 T3/23": 45.4584849142609, "Gi\u00e1 T4/23": 43.64824777512481, "Gi\u00e1 T5/23": 48.19626854328794, "Gi\u00e1 T6/23": 42.41005195897547, "Gi\u00e1 T7/23": 39.95080516062513, "Gi\u00e1 T8/23": 43.42175765140004, "Gi\u00e1 T9/23": 41.6156110266985, "Gi\u00e1 T10/23": 44.36267405578467, "Gi\u00e1 T11/23": 52.30350105817235, "Gi\u00e1 T12/23": 50.15476001193835, "Gi\u00e1 T1/24": 48.91537605817234, "Gi\u00e1 T2/24": 41.36459287497288, "Gi\u00e1 T3/24": 42.637342630779244, "Gi\u00e1 T4/24": 55.58727140764056, "Gi\u00e1 T5/24": 49.74779628825701, "Gi\u00e1 T6/24": 60.67140099305405, "Gi\u00e1 T7/24": 65.51357879314088, "Gi\u00e1 T8/24": 72.48281311048406, "Gi\u00e1 T9/24": 71.9159708052963, "Gi\u00e1 T10/24": 73.30811753852834}