{"Gi\u00e1 T10/22": 44.738481049807156, "Gi\u00e1 T11/22": 40.34392923025323, "Gi\u00e1 T12/22": 40.57385362513276, "Gi\u00e1 T1/23": 39.600069735591696, "Gi\u00e1 T2/23": 41.674595980770306, "Gi\u00e1 T3/23": 45.845642573648604, "Gi\u00e1 T4/23": 44.05602479177148, "Gi\u00e1 T5/23": 48.47205004512776, "Gi\u00e1 T6/23": 42.79150092235452, "Gi\u00e1 T7/23": 40.294923696126105, "Gi\u00e1 T8/23": 43.79352940354408, "Gi\u00e1 T9/23": 41.99441598188831, "Gi\u00e1 T10/23": 44.743584884565934, "Gi\u00e1 T11/23": 52.81830398568954, "Gi\u00e1 T12/23": 50.6444748169266, "Gi\u00e1 T1/24": 49.372268433115316, "Gi\u00e1 T2/24": 41.830726703560856, "Gi\u00e1 T3/24": 43.0874429817206, "Gi\u00e1 T4/24": 56.155838084856626, "Gi\u00e1 T5/24": 50.270792526133384, "Gi\u00e1 T6/24": 61.36668790877076, "Gi\u00e1 T7/24": 66.2792453463022, "Gi\u00e1 T8/24": 73.27973768796468, "Gi\u00e1 T9/24": 72.6543556095925, "Gi\u00e1 T10/24": 74.02734473698922}