{"Gi\u00e1 T10/22": 66.4311071918428, "Gi\u00e1 T11/22": 61.254229951446085, "Gi\u00e1 T12/22": 64.46261091316133, "Gi\u00e1 T1/23": 58.95933837554045, "Gi\u00e1 T2/23": 54.51800050143033, "Gi\u00e1 T3/23": 56.36045549201372, "Gi\u00e1 T4/23": 53.75014908815897, "Gi\u00e1 T5/23": 54.19633805695106, "Gi\u00e1 T6/23": 55.10349263784089, "Gi\u00e1 T7/23": 55.490635967786176, "Gi\u00e1 T8/23": 54.025650188888925, "Gi\u00e1 T9/23": 52.63733730802704, "Gi\u00e1 T10/23": 54.021159179508025, "Gi\u00e1 T11/23": 58.42274587122115, "Gi\u00e1 T12/23": 63.79176251254229, "Gi\u00e1 T1/24": 57.756365845034146, "Gi\u00e1 T2/24": 59.7546748700984, "Gi\u00e1 T3/24": 65.56092794806065, "Gi\u00e1 T4/24": 71.46769904055778, "Gi\u00e1 T5/24": 73.31764059035287, "Gi\u00e1 T6/24": 76.47411154660188, "Gi\u00e1 T7/24": 78.34734980497265, "Gi\u00e1 T8/24": 80.43614524617804, "Gi\u00e1 T9/24": 82.66217038141922, "Gi\u00e1 T10/24": 84.58142317480109}