{"Gi\u00e1 T10/22": 117.67684205851499, "Gi\u00e1 T11/22": 122.34511443685417, "Gi\u00e1 T12/22": 121.0444075297382, "Gi\u00e1 T1/23": 121.36155942763376, "Gi\u00e1 T2/23": 118.2482184782194, "Gi\u00e1 T3/23": 118.27817765724326, "Gi\u00e1 T4/23": 113.50455937470893, "Gi\u00e1 T5/23": 55.649863281058515, "Gi\u00e1 T6/23": 118.71520218392247, "Gi\u00e1 T7/23": 119.77283331259903, "Gi\u00e1 T8/23": 119.64207117801456, "Gi\u00e1 T9/23": 133.3432721226577, "Gi\u00e1 T10/23": 132.4513678287572, "Gi\u00e1 T11/23": 125.01423327310165, "Gi\u00e1 T12/23": 127.18974683605025, "Gi\u00e1 T1/24": 127.33059944157093, "Gi\u00e1 T2/24": 122.96022747572803, "Gi\u00e1 T3/24": 126.09521092606226, "Gi\u00e1 T4/24": 141.21065793851537, "Gi\u00e1 T5/24": 133.4128951528344, "Gi\u00e1 T6/24": 129.5286117551652, "Gi\u00e1 T7/24": 132.19922590742271, "Gi\u00e1 T8/24": 131.17374668248584, "Gi\u00e1 T9/24": 131.9126088655443, "Gi\u00e1 T10/24": 134.774741108373}