{"Gi\u00e1 T10/22": 33.99239947369416, "Gi\u00e1 T11/22": 33.4603557410251, "Gi\u00e1 T12/22": 33.80722684358952, "Gi\u00e1 T1/23": 36.20565612333213, "Gi\u00e1 T2/23": 36.197572064973485, "Gi\u00e1 T3/23": 34.81325932605438, "Gi\u00e1 T4/23": 36.63727706736072, "Gi\u00e1 T5/23": 35.75705004487141, "Gi\u00e1 T6/23": 35.571975601836385, "Gi\u00e1 T7/23": 36.90879836050072, "Gi\u00e1 T8/23": 36.70317835776243, "Gi\u00e1 T9/23": 38.484307680984244, "Gi\u00e1 T10/23": 37.49162363555735, "Gi\u00e1 T11/23": 38.11822840868918, "Gi\u00e1 T12/23": 39.67378830383674, "Gi\u00e1 T1/24": 38.256350929981274, "Gi\u00e1 T2/24": 41.15541933051956, "Gi\u00e1 T3/24": 43.20030354691287, "Gi\u00e1 T4/24": 41.123205914409404, "Gi\u00e1 T5/24": 44.0529747743578, "Gi\u00e1 T6/24": 45.82832142743501, "Gi\u00e1 T7/24": 47.99789578561246, "Gi\u00e1 T8/24": 46.44569022129788, "Gi\u00e1 T9/24": 47.5234429529113, "Gi\u00e1 T10/24": 47.375729799851435}