{"Gi\u00e1 T10/22": 131.06111896317563, "Gi\u00e1 T11/22": 130.17076711656475, "Gi\u00e1 T12/22": 128.90502067554294, "Gi\u00e1 T1/23": 134.14209125847552, "Gi\u00e1 T2/23": 133.05279502411423, "Gi\u00e1 T3/23": 134.30715678709274, "Gi\u00e1 T4/23": 130.8842432715302, "Gi\u00e1 T5/23": 106.67311662417704, "Gi\u00e1 T6/23": 136.88201844789856, "Gi\u00e1 T7/23": 135.18150634932164, "Gi\u00e1 T8/23": 132.55678208904664, "Gi\u00e1 T9/23": 141.6731045180762, "Gi\u00e1 T10/23": 139.21380909265608, "Gi\u00e1 T11/23": 139.1961012350918, "Gi\u00e1 T12/23": 137.8406958788093, "Gi\u00e1 T1/24": 142.95014334701085, "Gi\u00e1 T2/24": 137.19606218755703, "Gi\u00e1 T3/24": 142.16037408445624, "Gi\u00e1 T4/24": 148.44916888678344, "Gi\u00e1 T5/24": 145.84176523548828, "Gi\u00e1 T6/24": 145.17171060098903, "Gi\u00e1 T7/24": 147.20538286965723, "Gi\u00e1 T8/24": 148.83207445606513, "Gi\u00e1 T9/24": 147.72644296367096, "Gi\u00e1 T10/24": 150.07899283121566}