{"Gi\u00e1 T10/22": 36.59978358112159, "Gi\u00e1 T11/22": 36.11497913533563, "Gi\u00e1 T12/22": 36.4717892181359, "Gi\u00e1 T1/23": 38.824774668380336, "Gi\u00e1 T2/23": 39.093143627274216, "Gi\u00e1 T3/23": 37.78412729825704, "Gi\u00e1 T4/23": 39.617952522178726, "Gi\u00e1 T5/23": 38.45809804526154, "Gi\u00e1 T6/23": 38.47592282719165, "Gi\u00e1 T7/23": 39.69332384278908, "Gi\u00e1 T8/23": 39.594847814840364, "Gi\u00e1 T9/23": 41.29251215245615, "Gi\u00e1 T10/23": 40.08830949721945, "Gi\u00e1 T11/23": 40.7407330327668, "Gi\u00e1 T12/23": 42.347866826132964, "Gi\u00e1 T1/24": 41.00159096012838, "Gi\u00e1 T2/24": 44.21522337097068, "Gi\u00e1 T3/24": 46.14287669706519, "Gi\u00e1 T4/24": 44.378623612354936, "Gi\u00e1 T5/24": 47.81853006482871, "Gi\u00e1 T6/24": 49.30679172436345, "Gi\u00e1 T7/24": 51.62572347756784, "Gi\u00e1 T8/24": 49.91132943948382, "Gi\u00e1 T9/24": 51.2734537928775, "Gi\u00e1 T10/24": 51.14429147274443}