{"Gi\u00e1 T10/22": 3688.062139037433, "Gi\u00e1 T11/22": 4910.499465240642, "Gi\u00e1 T12/22": 3431.29637254902, "Gi\u00e1 T1/23": 4043.7997147950086, "Gi\u00e1 T2/23": 3999.015944741533, "Gi\u00e1 T3/23": 4006.5492067736186, "Gi\u00e1 T4/23": 3123.0505882352936, "Gi\u00e1 T5/23": 3231.9443226381463, "Gi\u00e1 T6/23": 2916.432406417112, "Gi\u00e1 T7/23": 3518.049812834225, "Gi\u00e1 T8/23": 4773.885285204991, "Gi\u00e1 T9/23": 4329.75568627451, "Gi\u00e1 T10/23": 4198.752130124777, "Gi\u00e1 T11/23": 3211.201782531194, "Gi\u00e1 T12/23": 3753.1922727272727, "Gi\u00e1 T1/24": 3622.260926916221, "Gi\u00e1 T2/24": 3910.083707664884, "Gi\u00e1 T3/24": 4342.848449197861, "Gi\u00e1 T4/24": 4628.6568270944745, "Gi\u00e1 T5/24": 5292.06367201426, "Gi\u00e1 T6/24": 5220.52367201426, "Gi\u00e1 T7/24": 6283.060320855615, "Gi\u00e1 T8/24": 6104.050169340464, "Gi\u00e1 T9/24": 6689.996898395721, "Gi\u00e1 T10/24": 6348.633048128342}