{"Gi\u00e1 T10/22": 66.4559831451332, "Gi\u00e1 T11/22": 61.75381949316037, "Gi\u00e1 T12/22": 64.73917905509497, "Gi\u00e1 T1/23": 61.02685296772981, "Gi\u00e1 T2/23": 56.91152746479536, "Gi\u00e1 T3/23": 58.01973224608592, "Gi\u00e1 T4/23": 56.67528011990847, "Gi\u00e1 T5/23": 58.24546249127222, "Gi\u00e1 T6/23": 57.32409365852931, "Gi\u00e1 T7/23": 58.71791616558243, "Gi\u00e1 T8/23": 55.91099668084837, "Gi\u00e1 T9/23": 55.61718339596413, "Gi\u00e1 T10/23": 56.690071539930756, "Gi\u00e1 T11/23": 60.79702071779776, "Gi\u00e1 T12/23": 65.81846267015892, "Gi\u00e1 T1/24": 61.244210377207466, "Gi\u00e1 T2/24": 62.92574244848211, "Gi\u00e1 T3/24": 67.51144916033631, "Gi\u00e1 T4/24": 73.67570303971799, "Gi\u00e1 T5/24": 75.14427524609609, "Gi\u00e1 T6/24": 78.16190418731526, "Gi\u00e1 T7/24": 81.41927520004535, "Gi\u00e1 T8/24": 83.03070548254475, "Gi\u00e1 T9/24": 84.07755094841946, "Gi\u00e1 T10/24": 88.06543748861789}