{"Gi\u00e1 T10/22": 65.13693739413988, "Gi\u00e1 T11/22": 60.74951706642459, "Gi\u00e1 T12/22": 63.586766966301326, "Gi\u00e1 T1/23": 58.75297691534249, "Gi\u00e1 T2/23": 55.128051654020325, "Gi\u00e1 T3/23": 56.47951019002211, "Gi\u00e1 T4/23": 55.07009796363277, "Gi\u00e1 T5/23": 55.49902830809511, "Gi\u00e1 T6/23": 55.84651558225391, "Gi\u00e1 T7/23": 57.01748184582443, "Gi\u00e1 T8/23": 54.996761927144505, "Gi\u00e1 T9/23": 54.127453928905645, "Gi\u00e1 T10/23": 55.27695986951857, "Gi\u00e1 T11/23": 58.646471384823975, "Gi\u00e1 T12/23": 64.93849978119144, "Gi\u00e1 T1/24": 58.98211926657148, "Gi\u00e1 T2/24": 60.95460247245462, "Gi\u00e1 T3/24": 66.23149206470353, "Gi\u00e1 T4/24": 72.37572595180316, "Gi\u00e1 T5/24": 74.13031978622978, "Gi\u00e1 T6/24": 76.8775691066471, "Gi\u00e1 T7/24": 79.36791179793045, "Gi\u00e1 T8/24": 81.48041505857765, "Gi\u00e1 T9/24": 83.83489209360897, "Gi\u00e1 T10/24": 85.9041833082033}