{"Gi\u00e1 T10/22": 6.877014182752963, "Gi\u00e1 T11/22": 6.573447155296361, "Gi\u00e1 T12/22": 6.5908462494880675, "Gi\u00e1 T1/23": 6.519669838034277, "Gi\u00e1 T2/23": 6.7277800150445, "Gi\u00e1 T3/23": 7.024318177201421, "Gi\u00e1 T4/23": 6.913062886637329, "Gi\u00e1 T5/23": 7.244420310150594, "Gi\u00e1 T6/23": 6.818650847669951, "Gi\u00e1 T7/23": 6.605053646488933, "Gi\u00e1 T8/23": 6.865843008411236, "Gi\u00e1 T9/23": 6.714344756239087, "Gi\u00e1 T10/23": 6.889557135964586, "Gi\u00e1 T11/23": 7.575850954047164, "Gi\u00e1 T12/23": 7.404838767839967, "Gi\u00e1 T1/24": 7.265583296130401, "Gi\u00e1 T2/24": 6.7682290521290955, "Gi\u00e1 T3/24": 6.809955748617743, "Gi\u00e1 T4/24": 7.927311681497065, "Gi\u00e1 T5/24": 7.416669839517895, "Gi\u00e1 T6/24": 8.351929622767, "Gi\u00e1 T7/24": 8.749800677056584, "Gi\u00e1 T8/24": 9.094942631644475, "Gi\u00e1 T9/24": 9.001970312519813, "Gi\u00e1 T10/24": 9.083722877001492}