{"Gi\u00e1 T10/22": 80.19291689892232, "Gi\u00e1 T11/22": 72.86484896802196, "Gi\u00e1 T12/22": 74.9997980334839, "Gi\u00e1 T1/23": 79.8198582691115, "Gi\u00e1 T2/23": 85.67677562228718, "Gi\u00e1 T3/23": 68.49977588803259, "Gi\u00e1 T4/23": 67.61989281601561, "Gi\u00e1 T5/23": 66.94201169279832, "Gi\u00e1 T6/23": 75.72702409425105, "Gi\u00e1 T7/23": 66.8444463637169, "Gi\u00e1 T8/23": 76.0857910355213, "Gi\u00e1 T9/23": 72.1373110993002, "Gi\u00e1 T10/23": 46.946990876074075, "Gi\u00e1 T11/23": 46.94040038975995, "Gi\u00e1 T12/23": 47.40409956594917, "Gi\u00e1 T1/24": 39.96920276375234, "Gi\u00e1 T2/24": 53.65686686154665, "Gi\u00e1 T3/24": 34.20099034458324, "Gi\u00e1 T4/24": 28.621359730711312, "Gi\u00e1 T5/24": 49.1136553281956, "Gi\u00e1 T6/24": 47.05156169722741, "Gi\u00e1 T7/24": 45.60312295154574, "Gi\u00e1 T8/24": 40.25979537602979, "Gi\u00e1 T9/24": 37.47564620426963, "Gi\u00e1 T10/24": 39.68258437416952}