{"Gi\u00e1 T10/22": 4386.465917792132, "Gi\u00e1 T11/22": 3768.1658085731065, "Gi\u00e1 T12/22": 4127.50382501468, "Gi\u00e1 T1/23": 3671.344886670581, "Gi\u00e1 T2/23": 3173.0904497944807, "Gi\u00e1 T3/23": 3317.333953024075, "Gi\u00e1 T4/23": 3140.578963006459, "Gi\u00e1 T5/23": 3307.401583088667, "Gi\u00e1 T6/23": 3218.490660011744, "Gi\u00e1 T7/23": 3352.0803793305936, "Gi\u00e1 T8/23": 3083.315495008808, "Gi\u00e1 T9/23": 3013.4440046975924, "Gi\u00e1 T10/23": 3144.8690135055786, "Gi\u00e1 T11/23": 3635.5200516735176, "Gi\u00e1 T12/23": 4299.566465061656, "Gi\u00e1 T1/24": 3673.434270111568, "Gi\u00e1 T2/24": 3873.622532002349, "Gi\u00e1 T3/24": 4474.892461538461, "Gi\u00e1 T4/24": 5320.836613035819, "Gi\u00e1 T5/24": 5551.106603640635, "Gi\u00e1 T6/24": 6016.041921315326, "Gi\u00e1 T7/24": 6511.75718144451, "Gi\u00e1 T8/24": 6796.737424544921, "Gi\u00e1 T9/24": 6990.312348796242, "Gi\u00e1 T10/24": 7617.692358191427}