{"Gi\u00e1 T10/22": 4277.413778277715, "Gi\u00e1 T11/22": 3729.727874015748, "Gi\u00e1 T12/22": 4109.133427071616, "Gi\u00e1 T1/23": 3638.9505599300087, "Gi\u00e1 T2/23": 3192.9084251968507, "Gi\u00e1 T3/23": 3303.2971428571427, "Gi\u00e1 T4/23": 3183.448167729034, "Gi\u00e1 T5/23": 3342.572145981752, "Gi\u00e1 T6/23": 3256.891253593301, "Gi\u00e1 T7/23": 3444.0940657417827, "Gi\u00e1 T8/23": 3076.306792900887, "Gi\u00e1 T9/23": 3074.309750031246, "Gi\u00e1 T10/23": 3188.546010498688, "Gi\u00e1 T11/23": 3618.3376790401203, "Gi\u00e1 T12/23": 4209.442538432696, "Gi\u00e1 T1/24": 3721.124843144607, "Gi\u00e1 T2/24": 3916.8650206224224, "Gi\u00e1 T3/24": 4490.153014623173, "Gi\u00e1 T4/24": 5385.268520184976, "Gi\u00e1 T5/24": 5579.11148856393, "Gi\u00e1 T6/24": 6005.248401449819, "Gi\u00e1 T7/24": 6521.700958630171, "Gi\u00e1 T8/24": 6774.463005874266, "Gi\u00e1 T9/24": 6922.559461317335, "Gi\u00e1 T10/24": 7594.669911261092}