{"Gi\u00e1 T10/22": 8.791375604193327, "Gi\u00e1 T11/22": 8.426040236772232, "Gi\u00e1 T12/22": 8.520244255602648, "Gi\u00e1 T1/23": 8.787075068418963, "Gi\u00e1 T2/23": 9.08867975524806, "Gi\u00e1 T3/23": 8.138012928937917, "Gi\u00e1 T4/23": 8.08205107095519, "Gi\u00e1 T5/23": 8.032082145738736, "Gi\u00e1 T6/23": 8.554186091818202, "Gi\u00e1 T7/23": 8.029390816654692, "Gi\u00e1 T8/23": 8.571851920201564, "Gi\u00e1 T9/23": 8.342282173637349, "Gi\u00e1 T10/23": 6.729918618489287, "Gi\u00e1 T11/23": 6.733870654712804, "Gi\u00e1 T12/23": 6.768810625293603, "Gi\u00e1 T1/24": 6.216815622278616, "Gi\u00e1 T2/24": 7.209769554051249, "Gi\u00e1 T3/24": 5.75262852147065, "Gi\u00e1 T4/24": 5.273018437665067, "Gi\u00e1 T5/24": 6.888328706664018, "Gi\u00e1 T6/24": 6.739623455624499, "Gi\u00e1 T7/24": 6.625470141167095, "Gi\u00e1 T8/24": 6.218013176102965, "Gi\u00e1 T9/24": 6.010298815915119, "Gi\u00e1 T10/24": 6.164974174374539}