{"Gi\u00e1 T10/22": 13.795212612556613, "Gi\u00e1 T11/22": 10.006733310049867, "Gi\u00e1 T12/22": 13.23062104866334, "Gi\u00e1 T1/23": 20.29745721096042, "Gi\u00e1 T2/23": 12.870494979822691, "Gi\u00e1 T3/23": 18.961161383882608, "Gi\u00e1 T4/23": 19.0201200823948, "Gi\u00e1 T5/23": 18.65209069191674, "Gi\u00e1 T6/23": 15.208988359620665, "Gi\u00e1 T7/23": 16.23008839257412, "Gi\u00e1 T8/23": 18.403413667452693, "Gi\u00e1 T9/23": 14.801467139685158, "Gi\u00e1 T10/23": 14.568990602628828, "Gi\u00e1 T11/23": 14.923407014588758, "Gi\u00e1 T12/23": 18.87687433383463, "Gi\u00e1 T1/24": 17.986236725298085, "Gi\u00e1 T2/24": 19.73581866712244, "Gi\u00e1 T3/24": 20.230558251800346, "Gi\u00e1 T4/24": 23.66748066494702, "Gi\u00e1 T5/24": 21.12077055218272, "Gi\u00e1 T6/24": 23.091299282719078, "Gi\u00e1 T7/24": 21.87918106562867, "Gi\u00e1 T8/24": 25.763627213175695, "Gi\u00e1 T9/24": 27.315628568688737, "Gi\u00e1 T10/24": 24.756477525835123}